"성별","월별","혈액원별","항목","단위","2005 년","2006 년","2007 년","2008 년","2009 년","2010 년","2011 년","2012 년","2013 년","2014 년","2015 년","2016 년","2017 년","2018 년","2019 년","2020 년","2021 년","2022 년","2023 년","2024 년","2025 년",
"계","합계","합계","실적[건]","건","2274336","2302542","2087762","2347184","2569954","2664492","2616575","2722608","2914483","3053425","3082918","2866330","2928670","2883270","2791092","2611401","2604437","2649007","2776291","2855540","2839632",
"계","합계","대한적십자사","실적[건]","건","2223636","2250603","2028684","2265592","2461880","2514699","2448516","2542495","2708173","2844538","2872156","2645181","2714819","2681611","2613901","2435210","2426779","2445003","2541446","2639162","2635546",
"계","합계","서울중앙","실적[건]","건","210606","222081","187792","207970","208524","251331","","","","","","","","266577","251035","222024","216484","223617","234465","239464","236033",
"계","합계","서울서부","실적[건]","건","133579","138596","154934","170843","208521","89734","271598","283170","302603","334796","332287","291236","277348","","","","","","","","",
"계","합계","서울남부","실적[건]","건","180865","189797","172800","187157","213194","220212","217957","228981","235251","229574","224175","227144","246596","230499","214734","190301","176386","181841","196256","208152","210307",
"계","합계","서울동부","실적[건]","건","195539","200418","181977","198135","193223","248947","265040","276024","295350","315316","298738","273327","279786","279045","259856","231788","230555","238256","255780","255298","250383",
"계","합계","부산","실적[건]","건","213224","212569","189623","210269","216812","233394","217017","218875","230923","235796","238001","204844","215205","223597","213561","197302","194786","204171","205695","211156","209097",
"계","합계","대구·경북","실적[건]","건","194152","188941","157399","188025","215479","213269","211723","226824","244750","263765","260227","236895","240774","246155","232481","196373","225330","225154","229715","241369","242054",
"계","합계","인천","실적[건]","건","129274","120981","110095","121802","130869","154248","174910","173438","177812","185747","180847","161744","163533","157317","158392","165074","166763","170709","176839","187281","189919",
"계","합계","울산","실적[건]","건","78750","82109","65432","71284","73928","74278","73504","79081","81305","89410","93740","87323","86261","86711","91599","82518","83549","87119","99261","108756","110202",
"계","합계","경기","실적[건]","건","138362","141702","129115","141557","164801","171279","176589","175742","191262","206206","218748","205267","210813","203912","211170","225902","225736","216807","225163","227219","233489",
"계","합계","강원","실적[건]","건","83122","76585","64641","73273","79763","83632","92287","108298","120455","128006","149795","149851","154964","161359","153606","140670","134293","124866","132851","145715","147757",
"계","합계","충북","실적[건]","건","77351","79003","72803","84951","99447","101209","91354","100097","98145","100191","99627","89342","95644","93808","94251","85748","84573","83820","85421","90558","91839",
"계","합계","대전·세종·충남","실적[건]","건","161312","146852","146597","173234","182777","191985","189737","206246","224050","232017","249164","236491","241112","248323","248778","238825","233429","237156","234603","240976","240175",
"계","합계","전북","실적[건]","건","120913","118604","98174","107833","121245","124784","125506","127924","131428","125411","128878","116104","114218","108582","108903","102770","102915","96964","100114","104626","108013",
"계","합계","광주·전남","실적[건]","건","174350","199969","178004","194651","201828","198409","192751","185655","205764","217795","221529","202083","220266","206743","206605","183153","185298","189525","189087","192586","183217",
"계","합계","경남","실적[건]","건","100563","102627","91759","102066","114553","119534","114324","120286","134771","143116","135724","127724","130495","134719","132957","131089","124647","123250","129093","136511","135001",
"계","합계","제주","실적[건]","건","31674","29769","27539","32542","36916","38454","34219","31854","34304","37392","40676","35806","37804","34264","35973","41673","42035","41748","47103","49495","48060",
"계","합계","대한적십자사 외","실적[건]","건","50700","51939","59078","81592","108074","149793","168059","180113","206310","208887","210762","221149","213851","201659","177191","176191","177658","204004","234845","216378","204086",
"계","1월","합계","실적[건]","건","169087","176015","187538","201135","190237","208765","212474","210881","238890","232959","257355","248426","219578","237893","238712","206758","213118","189598","200795","234109","204853",
"계","1월","합계","구성비[%]","%","7.4","7.6","9","8.6","7.4","7.8","8.1","7.7","8.2","7.6","8.3","8.7","7.5","8.3","8.6","7.9","8.2","7.2","7.2","8.2","7.2",
"계","1월","대한적십자사","실적[건]","건","165863","173132","182945","195331","182670","198985","200174","198064","223612","216611","241385","231909","203609","221066","223703","194040","200754","175710","185559","214446","188617",
"계","1월","대한적십자사","구성비[%]","%","7.5","7.7","9","8.6","7.4","7.9","8.2","7.8","8.3","7.6","8.4","8.8","7.5","8.2","8.6","8","8.3","7.2","7.3","8.1","7.2",
"계","1월","서울중앙","실적[건]","건","15577","17563","17631","21047","16614","17867","","","","","","","","24809","23563","19831","17856","16737","17767","20190","17253",
"계","1월","서울중앙","구성비[%]","%","7.4","7.9","9.4","10.1","8","7.1","","","","","","","","9.3","9.4","8.9","8.2","7.5","7.6","8.4","7.3",
"계","1월","서울서부","실적[건]","건","10614","9334","13930","15071","16273","16531","21032","22772","25741","25953","29504","29223","23689","","","","","","","","",
"계","1월","서울서부","구성비[%]","%","7.9","6.7","9","8.8","7.8","18.4","7.7","8","8.5","7.8","8.9","10","8.5","","","","","","","","",
"계","1월","서울남부","실적[건]","건","13714","14679","16183","18676","16316","18370","19275","19717","21271","19651","19998","19698","19955","20334","20384","17098","15178","13167","14634","17432","14287",
"계","1월","서울남부","구성비[%]","%","7.6","7.7","9.4","10","7.7","8.3","8.8","8.6","9","8.6","8.9","8.7","8.1","8.8","9.5","9","8.6","7.2","7.5","8.4","6.8",
"계","1월","서울동부","실적[건]","건","14671","16292","18154","20016","15019","17810","22393","21367","25400","23161","26734","27343","22601","25139","24404","20337","19890","18045","19796","20768","18022",
"계","1월","서울동부","구성비[%]","%","7.5","8.1","10","10.1","7.8","7.2","8.4","7.7","8.6","7.3","8.9","10","8.1","9","9.4","8.8","8.6","7.6","7.7","8.1","7.2",
"계","1월","부산","실적[건]","건","16351","16581","16159","16996","15569","17924","18355","15640","17484","18705","19675","18101","14048","15949","17057","13734","15588","13293","13636","15930","14904",
"계","1월","부산","구성비[%]","%","7.7","7.8","8.5","8.1","7.2","7.7","8.5","7.1","7.6","7.9","8.3","8.8","6.5","7.1","8","7","8","6.5","6.6","7.5","7.1",
"계","1월","대구·경북","실적[건]","건","13780","13385","13546","13755","16187","17046","16594","17341","20204","20283","21740","18967","17099","18898","19477","17335","18370","16335","16650","19206","17906",
"계","1월","대구·경북","구성비[%]","%","7.1","7.1","8.6","7.3","7.5","8","7.8","7.6","8.3","7.7","8.4","8","7.1","7.7","8.4","8.8","8.2","7.3","7.2","8","7.4",
"계","1월","인천","실적[건]","건","9870","9982","11181","11797","9696","10505","14998","13853","15402","13767","15994","15224","13507","13928","13095","12516","13807","12842","13673","15366","14165",
"계","1월","인천","구성비[%]","%","7.6","8.3","10.2","9.7","7.4","6.8","8.6","8","8.7","7.4","8.8","9.4","8.3","8.9","8.3","7.6","8.3","7.5","7.7","8.2","7.5",
"계","1월","울산","실적[건]","건","5617","8311","6425","5604","4968","5653","5479","5982","6383","6247","7394","6835","6187","6661","7051","6213","6976","5797","7240","8352","7695",
"계","1월","울산","구성비[%]","%","7.1","10.1","9.8","7.9","6.7","7.6","7.5","7.6","7.9","7","7.9","7.8","7.2","7.7","7.7","7.5","8.3","6.7","7.3","7.7","7",
"계","1월","경기","실적[건]","건","11535","11090","12046","13082","11874","13270","14381","14183","15816","14168","17143","18710","17042","17904","18167","16008","18715","16045","18010","19179","17349",
"계","1월","경기","구성비[%]","%","8.3","7.8","9.3","9.2","7.2","7.7","8.1","8.1","8.3","6.9","7.8","9.1","8.1","8.8","8.6","7.1","8.3","7.4","8","8.4","7.4",
"계","1월","강원","실적[건]","건","6816","5810","5962","7140","6136","5075","6286","8846","11137","9772","11876","12373","10288","12944","13645","11683","10933","9602","8552","11623","10511",
"계","1월","강원","구성비[%]","%","8.2","7.6","9.2","9.7","7.7","6.1","6.8","8.2","9.2","7.6","7.9","8.3","6.6","8","8.9","8.3","8.1","7.7","6.4","8","7.1",
"계","1월","충북","실적[건]","건","4899","5505","6136","5618","7035","7835","7680","6896","7496","7257","7696","7458","6736","7461","7543","6459","6427","5291","5471","7227","5903",
"계","1월","충북","구성비[%]","%","6.3","7","8.4","6.6","7.1","7.7","8.4","6.9","7.6","7.2","7.7","8.3","7","8","8","7.5","7.6","6.3","6.4","8","6.4",
"계","1월","대전·세종·충남","실적[건]","건","13057","11187","11398","14464","13303","14692","16440","15512","17296","17578","19761","18817","16132","18643","19718","17729","17669","16506","17166","19470","16791",
"계","1월","대전·세종·충남","구성비[%]","%","8.1","7.6","7.8","8.3","7.3","7.7","8.7","7.5","7.7","7.6","7.9","8","6.7","7.5","7.9","7.4","7.6","7","7.3","8.1","7",
"계","1월","전북","실적[건]","건","7654","8668","8699","7830","8117","8345","9933","9342","10384","10033","11198","9524","8429","8122","9284","6975","8676","6893","7032","8213","6802",
"계","1월","전북","구성비[%]","%","6.3","7.3","8.9","7.3","6.7","6.7","7.9","7.3","7.9","8","8.7","8.2","7.4","7.5","8.5","6.8","8.4","7.1","7","7.8","6.3",
"계","1월","광주·전남","실적[건]","건","12237","16052","15759","13381","14364","16299","15030","14868","15577","16564","17973","15178","15172","15917","15444","15132","16156","13115","13144","16001","13497",
"계","1월","광주·전남","구성비[%]","%","7","8","8.9","6.9","7.1","8.2","7.8","8","7.6","7.6","8.1","7.5","6.9","7.7","7.5","8.3","8.7","6.9","7","8.3","7.4",
"계","1월","경남","실적[건]","건","7125","6829","7767","8701","8900","8730","9937","9179","11311","10965","11820","11652","10255","11562","11941","10285","10656","9007","9747","11345","9825",
"계","1월","경남","구성비[%]","%","7.1","6.7","8.5","8.5","7.8","7.3","8.7","7.6","8.4","7.7","8.7","9.1","7.9","8.6","9","7.8","8.5","7.3","7.6","8.3","7.3",
"계","1월","제주","실적[건]","건","2346","1864","1969","2153","2299","3033","2361","2566","2710","2507","2879","2806","2469","2795","2930","2705","3857","3035","3041","4144","3707",
"계","1월","제주","구성비[%]","%","7.4","6.3","7.1","6.6","6.2","7.9","6.9","8.1","7.9","6.7","7.1","7.8","6.5","8.2","8.1","6.5","9.2","7.3","6.5","8.4","7.7",
"계","1월","대한적십자사 외","실적[건]","건","3224","2883","4593","5804","7567","9780","12300","12817","15278","16348","15970","16517","15969","16827","15009","12718","12364","13888","15236","19663","16236",
"계","1월","대한적십자사 외","구성비[%]","%","6.4","5.6","7.8","7.1","7","6.5","7.3","7.1","7.4","7.8","7.6","7.5","7.5","8.3","8.5","7.2","7","6.8","6.5","9.1","8",
"계","2월","합계","실적[건]","건","154943","188463","170432","153589","192395","186366","187051","228658","193958","219573","211203","202169","219624","208722","197949","199657","189312","179817","209081","218763","219440",
"계","2월","합계","구성비[%]","%","6.8","8.2","8.2","6.5","7.5","7","7.1","8.4","6.7","7.2","6.9","7.1","7.5","7.2","7.1","7.6","7.3","6.8","7.5","7.7","7.7",
"계","2월","대한적십자사","실적[건]","건","151513","184860","166820","149279","184630","176152","174417","213921","180661","205384","197593","188187","204429","193180","184775","185968","177855","167062","192577","201020","201592",
"계","2월","대한적십자사","구성비[%]","%","6.8","8.2","8.2","6.6","7.5","7","7.1","8.4","6.7","7.2","6.9","7.1","7.5","7.2","7.1","7.6","7.3","6.8","7.6","7.6","7.6",
"계","2월","서울중앙","실적[건]","건","14954","18748","15977","14492","16749","17061","","","","","","","","21466","20152","19338","15957","15484","17500","18408","18807",
"계","2월","서울중앙","구성비[%]","%","7.1","8.4","8.5","7","8","6.8","","","","","","","","8.1","8","8.7","7.4","6.9","7.5","7.7","8",
"계","2월","서울서부","실적[건]","건","9854","11299","13131","11096","15634","13351","20925","25159","21148","26129","24246","23895","21820","","","","","","","","",
"계","2월","서울서부","구성비[%]","%","7.4","8.2","8.5","6.5","7.5","14.9","7.7","8.9","7","7.8","7.3","8.2","7.9","","","","","","","","",
"계","2월","서울남부","실적[건]","건","12025","14070","14195","13000","16101","16022","15589","21007","16581","18959","15688","15979","19717","17261","16486","15223","13390","12484","14033","16683","16225",
"계","2월","서울남부","구성비[%]","%","6.6","7.4","8.2","6.9","7.6","7.3","7.2","9.2","7","8.3","7","7","8","7.5","7.7","8","7.6","6.9","7.2","8","7.7",
"계","2월","서울동부","실적[건]","건","12968","17303","18005","12760","14455","16771","20780","24102","20059","24142","21655","21217","23250","22500","19791","19306","17090","16169","19723","20334","18811",
"계","2월","서울동부","구성비[%]","%","6.6","8.6","9.9","6.4","7.5","6.7","7.8","8.7","6.8","7.7","7.2","7.8","8.3","8.1","7.6","8.3","7.4","6.8","7.7","8","7.5",
"계","2월","부산","실적[건]","건","13478","17608","14027","13844","16250","15164","15130","17367","15169","16542","15905","14026","14158","15671","14340","14597","14390","13041","16068","15409","15890",
"계","2월","부산","구성비[%]","%","6.3","8.3","7.4","6.6","7.5","6.5","7","7.9","6.6","7","6.7","6.8","6.6","7","6.7","7.4","7.4","6.4","7.8","7.3","7.6",
"계","2월","대구·경북","실적[건]","건","13673","14838","14233","12041","17169","15204","15169","19317","16292","18176","18616","16956","17997","16506","16014","13270","16217","15293","17965","17138","18322",
"계","2월","대구·경북","구성비[%]","%","7","7.9","9","6.4","8","7.1","7.2","8.5","6.7","6.9","7.2","7.2","7.5","6.7","6.9","6.8","7.2","6.8","7.8","7.1","7.6",
"계","2월","인천","실적[건]","건","9465","10249","9938","8213","9266","9562","12689","14766","11977","12993","13569","11243","13132","11781","11212","12028","12461","13225","14112","14417","15065",
"계","2월","인천","구성비[%]","%","7.3","8.5","9","6.7","7.1","6.2","7.3","8.5","6.7","7","7.5","7","8","7.5","7.1","7.3","7.5","7.7","8","7.7","7.9",
"계","2월","울산","실적[건]","건","4277","7562","5157","4526","5553","5188","4700","6675","5689","5853","6181","6350","6204","5613","6086","6106","6211","5543","7542","8281","7976",
"계","2월","울산","구성비[%]","%","5.4","9.2","7.9","6.3","7.5","7","6.4","8.4","7","6.5","6.6","7.3","7.2","6.5","6.6","7.4","7.4","6.4","7.6","7.6","7.2",
"계","2월","경기","실적[건]","건","10495","12407","10539","10167","12684","12294","12652","15904","13229","14483","14288","14588","15506","14941","16195","17222","16592","16231","18408","17726","18113",
"계","2월","경기","구성비[%]","%","7.6","8.8","8.2","7.2","7.7","7.2","7.2","9","6.9","7","6.5","7.1","7.4","7.3","7.7","7.6","7.4","7.5","8.2","7.8","7.8",
"계","2월","강원","실적[건]","건","6023","7711","5886","5603","5845","5976","5485","8753","9053","9153","9676","10563","12334","12004","10508","10942","10101","8675","9549","10165","11422",
"계","2월","강원","구성비[%]","%","7.2","10.1","9.1","7.6","7.3","7.1","5.9","8.1","7.5","7.2","6.5","7","8","7.4","6.8","7.8","7.5","6.9","7.2","7","7.7",
"계","2월","충북","실적[건]","건","4664","6375","5179","4954","6457","6642","6974","6994","5883","6707","6771","5320","6818","6774","6490","6001","6336","5288","6113","6682","6423",
"계","2월","충북","구성비[%]","%","6","8.1","7.1","5.8","6.5","6.6","7.6","7","6","6.7","6.8","6","7.1","7.2","6.9","7","7.5","6.3","7.2","7.4","7",
"계","2월","대전·세종·충남","실적[건]","건","11029","10374","12578","11016","13432","12069","13280","15727","13958","16132","16622","15508","16605","16531","15692","17425","16554","15875","16702","18040","17921",
"계","2월","대전·세종·충남","구성비[%]","%","6.8","7.1","8.6","6.4","7.3","6.3","7","7.6","6.2","7","6.7","6.6","6.9","6.7","6.3","7.3","7.1","6.7","7.1","7.5","7.5",
"계","2월","전북","실적[건]","건","7363","7494","7160","6476","7224","8297","8480","9939","8569","8430","7018","7159","8387","7782","7296","6870","7112","6355","6409","7795","7922",
"계","2월","전북","구성비[%]","%","6.1","6.3","7.3","6","6","6.6","6.8","7.8","6.5","6.7","5.4","6.2","7.3","7.2","6.7","6.7","6.9","6.6","6.4","7.5","7.3",
"계","2월","광주·전남","실적[건]","건","11963","18199","12928","12753","15647","12204","12732","15988","12324","14289","15120","14044","15666","13544","13452","14091","13845","12233","14578","16116","14487",
"계","2월","광주·전남","구성비[%]","%","6.9","9.1","7.3","6.6","7.8","6.2","6.6","8.6","6","6.6","6.8","6.9","7.1","6.6","6.5","7.7","7.5","6.5","7.7","8.4","7.9",
"계","2월","경남","실적[건]","건","6955","8453","6308","6027","9379","7742","7666","9619","8389","10851","9709","8845","9755","8659","8507","10624","8803","8317","10501","9968","10493",
"계","2월","경남","구성비[%]","%","6.9","8.2","6.9","5.9","8.2","6.5","6.7","8","6.2","7.6","7.2","6.9","7.5","6.4","6.4","8.1","7.1","6.7","8.1","7.3","7.8",
"계","2월","제주","실적[건]","건","2327","2170","1579","2311","2785","2605","2166","2604","2341","2545","2529","2494","3080","2147","2554","2925","2796","2849","3374","3858","3715",
"계","2월","제주","구성비[%]","%","7.3","7.3","5.7","7.1","7.5","6.8","6.3","8.2","6.8","6.8","6.2","7","8.1","6.3","7.1","7","6.7","6.8","7.2","7.8","7.7",
"계","2월","대한적십자사 외","실적[건]","건","3430","3603","3612","4310","7765","10214","12634","14737","13297","14189","13610","13982","15195","15542","13174","13689","11457","12755","16504","17743","17848",
"계","2월","대한적십자사 외","구성비[%]","%","6.8","6.9","6.1","5.3","7.2","6.8","7.5","8.2","6.4","6.8","6.5","6.3","7.1","7.7","7.4","7.8","6.4","6.3","7","8.2","8.7",
"계","3월","합계","실적[건]","건","194115","207363","167761","187547","211221","216617","224965","224832","242560","259509","264282","253121","255102","257191","234119","208239","233403","194685","234387","225443","238294",
"계","3월","합계","구성비[%]","%","8.5","9","8","8","8.2","8.1","8.6","8.3","8.3","8.5","8.6","8.8","8.7","8.9","8.4","8","9","7.3","8.4","7.9","8.4",
"계","3월","대한적십자사","실적[건]","건","189109","202401","163145","181270","202757","203786","210051","211661","224651","242209","246694","234834","236278","241362","220402","190012","218080","180237","214106","208723","221273",
"계","3월","대한적십자사","구성비[%]","%","8.5","9","8","8","8.2","8.1","8.6","8.3","8.3","8.5","8.6","8.9","8.7","9","8.4","7.8","9","7.4","8.4","7.9","8.4",
"계","3월","서울중앙","실적[건]","건","18205","20431","15791","17183","17357","17600","","","","","","","","24965","21413","16287","18848","15751","19452","19010","19184",
"계","3월","서울중앙","구성비[%]","%","8.6","9.2","8.4","8.3","8.3","7","","","","","","","","9.4","8.5","7.3","8.7","7","8.3","7.9","8.1",
"계","3월","서울서부","실적[건]","건","11245","12681","12345","13580","17654","14522","22714","23809","24224","28646","27806","27372","24201","","","","","","","","",
"계","3월","서울서부","구성비[%]","%","8.4","9.1","8","7.9","8.5","16.2","8.4","8.4","8","8.6","8.4","9.4","8.7","","","","","","","","",
"계","3월","서울남부","실적[건]","건","15110","18006","13957","15752","15950","17064","18444","18606","19069","19852","18908","19009","21340","21216","18033","16852","15559","13111","16600","15789","17311",
"계","3월","서울남부","구성비[%]","%","8.4","9.5","8.1","8.4","7.5","7.7","8.5","8.1","8.1","8.6","8.4","8.4","8.7","9.2","8.4","8.9","8.8","7.2","8.5","7.6","8.2",
"계","3월","서울동부","실적[건]","건","18069","14994","13532","15975","15343","17845","21889","22376","22974","26378","26314","25242","23713","25353","21493","20318","20359","17972","23576","19859","21659",
"계","3월","서울동부","구성비[%]","%","9.2","7.5","7.4","8.1","7.9","7.2","8.3","8.1","7.8","8.4","8.8","9.2","8.5","9.1","8.3","8.8","8.8","7.5","9.2","7.8","8.7",
"계","3월","부산","실적[건]","건","17792","19322","14383","15875","17775","19181","20424","21009","21258","20364","22116","18838","19782","21675","18615","13713","19000","15123","16924","18185","18177",
"계","3월","부산","구성비[%]","%","8.3","9.1","7.6","7.5","8.2","8.2","9.4","9.6","9.2","8.6","9.3","9.2","9.2","9.7","8.7","7","9.8","7.4","8.2","8.6","8.7",
"계","3월","대구·경북","실적[건]","건","16946","18376","14069","15952","18997","18356","17791","18592","19469","22759","22959","20829","21158","21305","20039","10023","20089","17707","19150","18555","20755",
"계","3월","대구·경북","구성비[%]","%","8.7","9.7","8.9","8.5","8.8","8.6","8.4","8.2","8","8.6","8.8","8.8","8.8","8.7","8.6","5.1","8.9","7.9","8.3","7.7","8.6",
"계","3월","인천","실적[건]","건","10984","10521","7436","9075","10979","11312","14936","14144","14773","14557","15313","13622","13973","14375","12449","13997","13448","12799","14198","14997","14676",
"계","3월","인천","구성비[%]","%","8.5","8.7","6.8","7.5","8.4","7.3","8.5","8.2","8.3","7.8","8.5","8.4","8.5","9.1","7.9","8.5","8.1","7.5","8","8","7.7",
"계","3월","울산","실적[건]","건","6244","7028","4930","4996","5795","5262","5691","6143","6921","7939","8618","7559","8257","7364","8024","6070","7388","5595","7814","8154","9881",
"계","3월","울산","구성비[%]","%","7.9","8.6","7.5","7","7.8","7.1","7.7","7.8","8.5","8.9","9.2","8.7","9.6","8.5","8.8","7.4","8.8","6.4","7.9","7.5","9",
"계","3월","경기","실적[건]","건","10956","12674","9516","10760","12156","12927","14750","14596","15639","17230","18431","18119","18517","17943","16794","17506","19519","16833","18891","18596","19469",
"계","3월","경기","구성비[%]","%","7.9","8.9","7.4","7.6","7.4","7.5","8.4","8.3","8.2","8.4","8.4","8.8","8.8","8.8","8","7.7","8.6","7.8","8.4","8.2","8.3",
"계","3월","강원","실적[건]","건","7189","8223","5474","6027","7064","6843","7434","9579","10155","10632","12757","12811","13186","14366","13466","12486","13104","9774","11552","12641","12359",
"계","3월","강원","구성비[%]","%","8.6","10.7","8.5","8.2","8.9","8.2","8.1","8.8","8.4","8.3","8.5","8.5","8.5","8.9","8.8","8.9","9.8","7.8","8.7","8.7","8.4",
"계","3월","충북","실적[건]","건","6841","7057","6340","6819","8263","8329","8392","8125","8858","8515","8739","7466","8211","8731","8077","7319","8128","6075","7569","7034","7634",
"계","3월","충북","구성비[%]","%","8.8","8.9","8.7","8","8.3","8.2","9.2","8.1","9","8.5","8.8","8.4","8.6","9.3","8.6","8.5","9.6","7.2","8.9","7.8","8.3",
"계","3월","대전·세종·충남","실적[건]","건","15720","13583","12375","14221","15569","15595","16766","16590","19258","20992","21340","21075","21142","21392","20164","17421","22177","17396","21288","18182","20444",
"계","3월","대전·세종·충남","구성비[%]","%","9.7","9.2","8.4","8.2","8.5","8.1","8.8","8","8.6","9","8.6","8.9","8.8","8.6","8.1","7.3","9.5","7.3","9.1","7.5","8.5",
"계","3월","전북","실적[건]","건","9793","11062","8666","8835","10664","10335","11633","10378","12027","10412","9730","10202","8716","9234","9620","8226","8700","6928","8485","8568","8592",
"계","3월","전북","구성비[%]","%","8.1","9.3","8.8","8.2","8.8","8.3","9.3","8.1","9.2","8.3","7.5","8.8","7.6","8.5","8.8","8","8.5","7.1","8.5","8.2","8",
"계","3월","광주·전남","실적[건]","건","13956","15478","14560","15436","15958","15681","16595","14667","16605","18566","18120","18080","18277","18633","17448","15223","17265","13074","14757","14351","15809",
"계","3월","광주·전남","구성비[%]","%","8","7.7","8.2","7.9","7.9","7.9","8.6","7.9","8.1","8.5","8.2","8.9","8.3","9","8.4","8.3","9.3","6.9","7.8","7.5","8.6",
"계","3월","경남","실적[건]","건","7568","10283","7745","8014","10291","9797","9702","10255","10638","12260","12124","11545","12309","11766","11846","11007","10898","8964","10040","10758","11421",
"계","3월","경남","구성비[%]","%","7.5","10","8.4","7.9","9","8.2","8.5","8.5","7.9","8.6","8.9","9","9.4","8.7","8.9","8.4","8.7","7.3","7.8","7.9","8.5",
"계","3월","제주","실적[건]","건","2491","2682","2026","2770","2942","3137","2890","2792","2783","3107","3419","3065","3496","3044","2921","3564","3598","3135","3810","4044","3902",
"계","3월","제주","구성비[%]","%","7.9","9","7.4","8.5","8","8.2","8.4","8.8","8.1","8.3","8.4","8.6","9.2","8.9","8.1","8.6","8.6","7.5","8.1","8.2","8.1",
"계","3월","대한적십자사 외","실적[건]","건","5006","4962","4616","6277","8464","12831","14914","13171","17909","17300","17588","18287","18824","15829","13717","18227","15323","14448","20281","16720","17021",
"계","3월","대한적십자사 외","구성비[%]","%","9.9","9.6","7.8","7.7","7.8","8.6","8.9","7.3","8.7","8.3","8.3","8.3","8.8","7.8","7.7","10.3","8.6","7.1","8.6","7.7","8.3",
"계","4월","합계","실적[건]","건","194710","197756","174920","193339","219834","218544","221918","217850","243715","248511","253150","237131","234293","237446","228082","193247","215655","227266","220845","228965","233785",
"계","4월","합계","구성비[%]","%","8.6","8.6","8.4","8.2","8.6","8.2","8.5","8","8.4","8.1","8.2","8.3","8","8.2","8.2","7.4","8.3","8.6","8","8","8.2",
"계","4월","대한적십자사","실적[건]","건","190260","193844","170555","186872","211216","207287","207835","203651","225716","231739","235752","217217","216101","221319","216020","180470","202033","211704","201248","212131","216739",
"계","4월","대한적십자사","구성비[%]","%","8.6","8.6","8.4","8.2","8.6","8.2","8.5","8","8.3","8.1","8.2","8.2","8","8.3","8.3","7.4","8.3","8.7","7.9","8","8.2",
"계","4월","서울중앙","실적[건]","건","17090","19001","15628","16654","17279","17320","","","","","","","","21216","19073","17709","17388","19789","18356","18842","18890",
"계","4월","서울중앙","구성비[%]","%","8.1","8.6","8.3","8","8.3","6.9","","","","","","","","8","7.6","8","8","8.8","7.8","7.9","8",
"계","4월","서울서부","실적[건]","건","10092","11852","13102","12992","16602","14751","21333","22496","24258","26565","27163","22931","20490","","","","","","","","",
"계","4월","서울서부","구성비[%]","%","7.6","8.6","8.5","7.6","8","16.4","7.9","7.9","8","7.9","8.2","7.9","7.4","","","","","","","","",
"계","4월","서울남부","실적[건]","건","15030","16555","15193","16357","18589","15333","17732","18473","17671","18822","18885","17262","19427","20239","17466","14481","14946","15396","15926","16554","17427",
"계","4월","서울남부","구성비[%]","%","8.3","8.7","8.8","8.7","8.7","7","8.1","8.1","7.5","8.2","8.4","7.6","7.9","8.8","8.1","7.6","8.5","8.5","8.1","8","8.3",
"계","4월","서울동부","실적[건]","건","16005","17238","14795","15587","15124","17558","20703","18947","22900","23512","22929","21119","21057","21542","19758","19562","19836","20329","20222","20434","19878",
"계","4월","서울동부","구성비[%]","%","8.2","8.6","8.1","7.9","7.8","7.1","7.8","6.9","7.8","7.5","7.7","7.7","7.5","7.7","7.6","8.4","8.6","8.5","7.9","8","7.9",
"계","4월","부산","실적[건]","건","18674","18257","14981","17866","21150","21260","20120","16331","19251","18511","19022","17662","18622","17887","18869","13964","15885","17457","16386","17602","17206",
"계","4월","부산","구성비[%]","%","8.8","8.6","7.9","8.5","9.8","9.1","9.3","7.5","8.3","7.9","8","8.6","8.7","8","8.8","7.1","8.2","8.6","8","8.3","8.2",
"계","4월","대구·경북","실적[건]","건","16874","17497","15203","15851","17394","18096","17565","19200","21646","22083","21872","20312","19006","20156","19916","11465","18494","19145","18804","18623","19962",
"계","4월","대구·경북","구성비[%]","%","8.7","9.3","9.7","8.4","8.1","8.5","8.3","8.5","8.8","8.4","8.4","8.6","7.9","8.2","8.6","5.8","8.2","8.5","8.2","7.7","8.2",
"계","4월","인천","실적[건]","건","12008","9363","9219","9694","10662","10893","14104","13607","13031","14023","14409","12844","13428","12750","12417","13440","13676","15164","13141","14801","14993",
"계","4월","인천","구성비[%]","%","9.3","7.7","8.4","8","8.1","7.1","8.1","7.8","7.3","7.5","8","7.9","8.2","8.1","7.8","8.1","8.2","8.9","7.4","7.9","7.9",
"계","4월","울산","실적[건]","건","6375","6542","4756","5784","6286","6423","6472","6573","7399","7188","7595","7067","7015","7548","7850","5801","7187","7325","8341","8731","8994",
"계","4월","울산","구성비[%]","%","8.1","8","7.3","8.1","8.5","8.6","8.8","8.3","9.1","8","8.1","8.1","8.1","8.7","8.6","7","8.6","8.4","8.4","8","8.2",
"계","4월","경기","실적[건]","건","12221","12566","10074","11960","13571","13273","14097","14077","16372","16317","17549","17624","17124","16761","17829","16427","18552","19461","16693","18159","19551",
"계","4월","경기","구성비[%]","%","8.8","8.9","7.8","8.4","8.2","7.7","8","8","8.6","7.9","8","8.6","8.1","8.2","8.4","7.3","8.2","9","7.4","8","8.4",
"계","4월","강원","실적[건]","건","7443","6857","6247","6073","7131","7067","8296","9174","10695","11086","12611","12984","12653","13860","12941","11083","10939","10918","10816","11688","12620",
"계","4월","강원","구성비[%]","%","9","9","9.7","8.3","8.9","8.5","9","8.5","8.9","8.7","8.4","8.7","8.2","8.6","8.4","7.9","8.1","8.7","8.1","8","8.5",
"계","4월","충북","실적[건]","건","6746","6633","6265","7373","9054","9085","8864","8701","8336","8725","8473","7276","7953","8274","8180","6436","7503","7094","6745","7874","8105",
"계","4월","충북","구성비[%]","%","8.7","8.4","8.6","8.7","9.1","9","9.7","8.7","8.5","8.7","8.5","8.1","8.3","8.8","8.7","7.5","8.9","8.5","7.9","8.7","8.8",
"계","4월","대전·세종·충남","실적[건]","건","14467","12463","11341","13660","15469","15716","16422","17215","18337","18456","19792","19502","19755","20145","20486","17256","20031","20517","19634","19083","19947",
"계","4월","대전·세종·충남","구성비[%]","%","9","8.5","7.7","7.9","8.5","8.2","8.7","8.3","8.2","8","7.9","8.2","8.2","8.1","8.2","7.2","8.6","8.7","8.4","7.9","8.3",
"계","4월","전북","실적[건]","건","10973","11212","9120","9873","11708","11421","12110","10674","12834","12672","12950","9771","9388","9255","8418","7150","8472","7900","7561","8846","9429",
"계","4월","전북","구성비[%]","%","9.1","9.5","9.3","9.2","9.7","9.2","9.6","8.3","9.8","10.1","10","8.4","8.2","8.5","7.7","7","8.2","8.1","7.6","8.5","8.7",
"계","4월","광주·전남","실적[건]","건","16031","16121","15080","15557","18808","16411","17732","15417","18871","18656","17958","16976","17394","17624","19061","12776","14661","16891","15032","15258","14385",
"계","4월","광주·전남","구성비[%]","%","9.2","8.1","8.5","8","9.3","8.3","9.2","8.3","9.2","8.6","8.1","8.4","7.9","8.5","9.2","7","7.9","8.9","7.9","7.9","7.9",
"계","4월","경남","실적[건]","건","7801","9437","6977","8731","9087","9534","9254","9774","11352","12085","10938","10738","9874","11140","10773","9568","10454","11058","9792","11308","11212",
"계","4월","경남","구성비[%]","%","7.8","9.2","7.6","8.6","7.9","8","8.1","8.1","8.4","8.4","8.1","8.4","7.6","8.3","8.1","7.3","8.4","9","7.6","8.3","8.3",
"계","4월","제주","실적[건]","건","2430","2250","2574","2860","3302","3146","3031","2992","2763","3038","3606","3149","2915","2922","2983","3352","4009","3260","3799","4328","4140",
"계","4월","제주","구성비[%]","%","7.7","7.6","9.3","8.8","8.9","8.2","8.9","9.4","8.1","8.1","8.9","8.8","7.7","8.5","8.3","8","9.5","7.8","8.1","8.7","8.6",
"계","4월","대한적십자사 외","실적[건]","건","4450","3912","4365","6467","8618","11257","14083","14199","17999","16772","17398","19914","18192","16127","12062","12777","13622","15562","19597","16834","17046",
"계","4월","대한적십자사 외","구성비[%]","%","8.8","7.5","7.4","7.9","8","7.5","8.4","7.9","8.7","8","8.3","9","8.5","8","6.8","7.3","7.7","7.6","8.3","7.8","8.4",
"계","5월","합계","실적[건]","건","211267","217526","198609","205860","243338","244215","250130","260505","260378","290028","276784","251621","279611","265300","254986","231927","229930","250118","243688","248325","253723",
"계","5월","합계","구성비[%]","%","9.3","9.4","9.5","8.8","9.5","9.2","9.6","9.6","8.9","9.5","9","8.8","9.5","9.2","9.1","8.9","8.8","9.4","8.8","8.7","8.9",
"계","5월","대한적십자사","실적[건]","건","206129","212615","193363","197322","232614","227968","233306","242697","238239","267104","257626","230486","257624","246117","239928","216375","214333","230015","220673","230079","236194",
"계","5월","대한적십자사","구성비[%]","%","9.3","9.4","9.5","8.7","9.4","9.1","9.5","9.5","8.8","9.4","9","8.7","9.5","9.2","9.2","8.9","8.8","9.4","8.7","8.7","9",
"계","5월","서울중앙","실적[건]","건","18483","20793","17197","17850","18766","18914","","","","","","","","23482","22053","21178","18309","19751","19698","21229","21061",
"계","5월","서울중앙","구성비[%]","%","8.8","9.4","9.2","8.6","9","7.5","","","","","","","","8.8","8.8","9.5","8.5","8.8","8.4","8.9","8.9",
"계","5월","서울서부","실적[건]","건","11771","12504","13992","13918","19467","15981","25275","27047","26828","30847","30592","26714","27285","","","","","","","","",
"계","5월","서울서부","구성비[%]","%","8.8","9","9","8.1","9.3","17.8","9.3","9.6","8.9","9.2","9.2","9.2","9.8","","","","","","","","",
"계","5월","서울남부","실적[건]","건","17284","17771","17087","15817","21045","18190","19462","22297","19357","20921","19532","17829","21368","19471","19845","16737","15692","17100","16579","17924","19006",
"계","5월","서울남부","구성비[%]","%","9.6","9.4","9.9","8.5","9.9","8.3","8.9","9.7","8.2","9.1","8.7","7.8","8.7","8.4","9.2","8.8","8.9","9.4","8.4","8.6","9",
"계","5월","서울동부","실적[건]","건","15817","17707","15922","16703","17312","19855","23800","24395","24480","28386","24962","22505","24640","24629","24168","19406","19525","22107","21246","21349","21857",
"계","5월","서울동부","구성비[%]","%","8.1","8.8","8.7","8.4","9","8","9","8.8","8.3","9","8.4","8.2","8.8","8.8","9.3","8.4","8.5","9.3","8.3","8.4","8.7",
"계","5월","부산","실적[건]","건","22064","20927","19636","19583","21817","22223","22290","23085","20802","22725","21271","18591","20429","20888","20369","18062","18158","21577","18788","18958","19269",
"계","5월","부산","구성비[%]","%","10.3","9.8","10.4","9.3","10.1","9.5","10.3","10.5","9","9.6","8.9","9.1","9.5","9.3","9.5","9.2","9.3","10.6","9.1","9","9.2",
"계","5월","대구·경북","실적[건]","건","17695","18874","15446","17247","20013","18568","19143","21419","22470","25737","23114","20312","23245","22584","21010","16050","19967","21705","21368","21098","23019",
"계","5월","대구·경북","구성비[%]","%","9.1","10","9.8","9.2","9.3","8.7","9","9.4","9.2","9.8","8.9","8.6","9.7","9.2","9","8.2","8.9","9.6","9.3","8.7","9.5",
"계","5월","인천","실적[건]","건","11019","9691","10378","10417","13556","12112","16071","15485","15440","17274","17622","13249","14881","13403","13308","15184","14000","15162","15397","15844","15866",
"계","5월","인천","구성비[%]","%","8.5","8","9.4","8.6","10.4","7.9","9.2","8.9","8.7","9.3","9.7","8.2","9.1","8.5","8.4","9.2","8.4","8.9","8.7","8.5","8.4",
"계","5월","울산","실적[건]","건","7096","7389","6011","5551","6521","6244","7456","7500","7460","8864","9015","7725","8352","8683","9000","7353","7658","8199","8448","9983","9947",
"계","5월","울산","구성비[%]","%","9","9","9.2","7.8","8.8","8.4","10.1","9.5","9.2","9.9","9.6","8.8","9.7","10","9.8","8.9","9.2","9.4","8.5","9.2","9",
"계","5월","경기","실적[건]","건","12393","13286","12259","11304","14728","15047","17005","16534","16445","19443","19519","17931","19969","17573","18626","19730","20186","19619","19054","19082","20942",
"계","5월","경기","구성비[%]","%","9","9.4","9.5","8","8.9","8.8","9.6","9.4","8.6","9.4","8.9","8.7","9.5","8.6","8.8","8.7","8.9","9","8.5","8.4","9",
"계","5월","강원","실적[건]","건","7107","6653","5695","6169","7012","6503","8437","9028","10180","11930","12541","12967","14524","13976","14132","12512","11926","11235","11224","12125","12955",
"계","5월","강원","구성비[%]","%","8.6","8.7","8.8","8.4","8.8","7.8","9.1","8.3","8.5","9.3","8.4","8.7","9.4","8.7","9.2","8.9","8.9","9","8.4","8.3","8.8",
"계","5월","충북","실적[건]","건","7806","7783","7149","7695","9034","10123","9112","9759","9002","9638","8937","7593","8776","8717","8711","7465","7157","8112","7479","8203","8599",
"계","5월","충북","구성비[%]","%","10.1","9.9","9.8","9.1","9.1","10","10","9.7","9.2","9.6","9","8.5","9.2","9.3","9.2","8.7","8.5","9.7","8.8","9.1","9.4",
"계","5월","대전·세종·충남","실적[건]","건","15795","13892","13861","15750","16943","17023","18584","19709","19713","21476","21907","21190","23318","24166","24729","22171","21864","22631","21108","21479","22611",
"계","5월","대전·세종·충남","구성비[%]","%","9.8","9.5","9.5","9.1","9.3","8.9","9.8","9.6","8.8","9.3","8.8","9","9.7","9.7","9.9","9.3","9.4","9.5","9","8.9","9.4",
"계","5월","전북","실적[건]","건","11485","12877","8775","9626","12152","12525","13124","13057","12035","12467","12185","10750","12607","9883","10337","8673","8875","9228","9040","9638","9584",
"계","5월","전북","구성비[%]","%","9.5","10.9","8.9","8.9","10","10","10.5","10.2","9.2","9.9","9.5","9.3","11","9.1","9.5","8.4","8.6","9.5","9","9.2","8.9",
"계","5월","광주·전남","실적[건]","건","17134","20905","18700","18446","21096","20028","19096","18606","19346","21044","20461","19007","22455","22238","19180","16328","16252","17738","16293","16984","16126",
"계","5월","광주·전남","구성비[%]","%","9.8","10.5","10.5","9.5","10.5","10.1","9.9","10","9.4","9.7","9.2","9.4","10.2","10.8","9.3","8.9","8.8","9.4","8.6","8.8","8.8",
"계","5월","경남","실적[건]","건","10374","9032","8717","8428","9948","11225","11150","11941","11949","12951","12511","10679","12023","13023","11039","11670","11313","11835","10939","12006","11112",
"계","5월","경남","구성비[%]","%","10.3","8.8","9.5","8.3","8.7","9.4","9.8","9.9","8.9","9","9.2","8.4","9.2","9.7","8.3","8.9","9.1","9.6","8.5","8.8","8.2",
"계","5월","제주","실적[건]","건","2806","2531","2538","2818","3204","3407","3301","2835","2732","3401","3457","3444","3752","3401","3421","3856","3451","4016","4012","4177","4240",
"계","5월","제주","구성비[%]","%","8.9","8.5","9.2","8.7","8.7","8.9","9.6","8.9","8","9.1","8.5","9.6","9.9","9.9","9.5","9.3","8.2","9.6","8.5","8.4","8.8",
"계","5월","대한적십자사 외","실적[건]","건","5138","4911","5246","8538","10724","16247","16824","17808","22139","22924","19158","21135","21987","19183","15058","15552","15597","20103","23015","18246","17529",
"계","5월","대한적십자사 외","구성비[%]","%","10.1","9.5","8.9","10.5","9.9","10.8","10","9.9","10.7","11","9.1","9.6","10.3","9.5","8.5","8.8","8.8","9.9","9.8","8.4","8.6",
"계","6월","합계","실적[건]","건","191849","197937","177076","192024","225064","231046","207376","218602","239043","242439","245719","223390","233108","228152","224933","226746","212800","215279","232351","233745","241358",
"계","6월","합계","구성비[%]","%","8.4","8.6","8.5","8.2","8.8","8.7","7.9","8","8.2","7.9","8","7.8","8","7.9","8.1","8.7","8.2","8.1","8.4","8.2","8.5",
"계","6월","대한적십자사","실적[건]","건","187169","194799","172754","185340","216066","220303","194873","204063","222628","224263","229270","204236","216420","211546","210563","211916","196943","198520","211462","217424","223791",
"계","6월","대한적십자사","구성비[%]","%","8.4","8.7","8.5","8.2","8.8","8.8","8","8","8.2","7.9","8","7.7","8","7.9","8.1","8.7","8.1","8.1","8.3","8.2","8.5",
"계","6월","서울중앙","실적[건]","건","17306","19092","15926","16838","17370","20173","","","","","","","","20849","20303","19808","18324","17572","20341","19398","20320",
"계","6월","서울중앙","구성비[%]","%","8.2","8.6","8.5","8.1","8.3","8","","","","","","","","7.8","8.1","8.9","8.5","7.9","8.7","8.1","8.6",
"계","6월","서울서부","실적[건]","건","11442","12101","13502","13004","18329","14598","21634","22321","24613","27064","26697","21301","21355","","","","","","","","",
"계","6월","서울서부","구성비[%]","%","8.6","8.7","8.7","7.6","8.8","16.3","8","7.9","8.1","8.1","8","7.3","7.7","","","","","","","","",
"계","6월","서울남부","실적[건]","건","16804","15256","15800","15157","18471","18780","17347","18261","20457","18260","18038","16573","18874","18164","16540","16845","14673","14786","16955","17287","18688",
"계","6월","서울남부","구성비[%]","%","9.3","8","9.1","8.1","8.7","8.5","8","8","8.7","8","8","7.3","7.7","7.9","7.7","8.9","8.3","8.1","8.6","8.3","8.9",
"계","6월","서울동부","실적[건]","건","15672","17790","14217","14894","16977","19361","19165","21973","25518","24476","23668","20614","22106","22300","20649","22138","19592","19048","21110","21593","21658",
"계","6월","서울동부","구성비[%]","%","8","8.9","7.8","7.5","8.8","7.8","7.2","8","8.6","7.8","7.9","7.5","7.9","8","7.9","9.6","8.5","8","8.3","8.5","8.6",
"계","6월","부산","실적[건]","건","18583","16708","17092","16490","17554","19263","16122","16225","18592","17526","18197","14900","17015","18776","17475","17318","14836","16655","16189","17106","17338",
"계","6월","부산","구성비[%]","%","8.7","7.9","9","7.8","8.1","8.3","7.4","7.4","8.1","7.4","7.6","7.3","7.9","8.4","8.2","8.8","7.6","8.2","7.9","8.1","8.3",
"계","6월","대구·경북","실적[건]","건","15198","17038","12190","15138","17137","18307","17367","17198","18012","18738","20104","17402","19493","19483","19225","16322","18101","17949","18117","19654","19781",
"계","6월","대구·경북","구성비[%]","%","7.8","9","7.7","8.1","8","8.6","8.2","7.6","7.4","7.1","7.7","7.3","8.1","7.9","8.3","8.3","8","8","7.9","8.1","8.2",
"계","6월","인천","실적[건]","건","11114","10897","9438","10434","12139","13278","14186","14161","14851","14903","14941","12588","13227","11655","12874","14056","12385","14069","14446","15897","16277",
"계","6월","인천","구성비[%]","%","8.6","9","8.6","8.6","9.3","8.6","8.1","8.2","8.4","8","8.3","7.8","8.1","7.4","8.1","8.5","7.4","8.2","8.2","8.5","8.6",
"계","6월","울산","실적[건]","건","6694","7681","6015","6825","7176","6911","6008","6393","6686","6891","7929","6425","7211","6884","7349","7489","6651","6928","8213","8811","9582",
"계","6월","울산","구성비[%]","%","8.5","9.4","9.2","9.6","9.7","9.3","8.2","8.1","8.2","7.7","8.5","7.4","8.4","7.9","8","9.1","8","8","8.3","8.1","8.7",
"계","6월","경기","실적[건]","건","10782","13077","11282","11751","15610","15094","14522","14411","16360","17135","15805","15501","16397","15719","17131","19693","17700","16895","17723","18220","19181",
"계","6월","경기","구성비[%]","%","7.8","9.2","8.7","8.3","9.5","8.8","8.2","8.2","8.6","8.3","7.2","7.6","7.8","7.7","8.1","8.7","7.8","7.8","7.9","8","8.2",
"계","6월","강원","실적[건]","건","6442","6677","4988","6146","5862","6648","7598","8619","8981","9491","12750","12346","12644","13191","12234","12183","10691","10669","11888","11963","12137",
"계","6월","강원","구성비[%]","%","7.8","8.7","7.7","8.4","7.3","7.9","8.2","8","7.5","7.4","8.5","8.2","8.2","8.2","8","8.7","8","8.5","8.9","8.2","8.2",
"계","6월","충북","실적[건]","건","6789","6588","5967","6716","8481","8619","7005","7864","7614","8059","8890","7388","7605","7167","7564","7219","6782","7115","7515","7126","8301",
"계","6월","충북","구성비[%]","%","8.8","8.3","8.2","7.9","8.5","8.5","7.7","7.9","7.8","8","8.9","8.3","8","7.6","8","8.4","8","8.5","8.8","7.9","9",
"계","6월","대전·세종·충남","실적[건]","건","13924","12664","11693","14179","16577","16310","15600","16240","18344","19372","19416","18839","19426","19737","20874","19772","19253","19704","19974","19589","18885",
"계","6월","대전·세종·충남","구성비[%]","%","8.6","8.6","8","8.2","9.1","8.5","8.2","7.9","8.2","8.3","7.8","8","8.1","7.9","8.4","8.3","8.2","8.3","8.5","8.1","7.9",
"계","6월","전북","실적[건]","건","10428","10733","7660","9280","11176","11021","10561","11323","11296","9740","9410","10506","9769","8373","9088","8927","9335","8096","8398","8796","9044",
"계","6월","전북","구성비[%]","%","8.6","9","7.8","8.6","9.2","8.8","8.4","8.9","8.6","7.8","7.3","9","8.6","7.7","8.3","8.7","9.1","8.3","8.4","8.4","8.4",
"계","6월","광주·전남","실적[건]","건","14720","16275","15918","18091","19562","18103","15391","16813","17283","17962","18240","16615","18012","16273","16066","15756","14593","15225","15263","16478","16084",
"계","6월","광주·전남","구성비[%]","%","8.4","8.1","8.9","9.3","9.7","9.1","8","9.1","8.4","8.2","8.2","8.2","8.2","7.9","7.8","8.6","7.9","8","8.1","8.6","8.8",
"계","6월","경남","실적[건]","건","8483","9221","8739","8044","9956","10041","9427","9626","11124","11553","11224","9782","10105","10406","10240","10817","10354","10319","11031","11682","12387",
"계","6월","경남","구성비[%]","%","8.4","9","9.5","7.9","8.7","8.4","8.2","8","8.3","8.1","8.3","7.7","7.7","7.7","7.7","8.3","8.3","8.4","8.5","8.6","9.2",
"계","6월","제주","실적[건]","건","2788","3001","2327","2353","3689","3796","2940","2635","2897","3093","3961","3456","3181","2569","2951","3573","3673","3490","4299","3824","4128",
"계","6월","제주","구성비[%]","%","8.8","10.1","8.4","7.2","10","9.9","8.6","8.3","8.4","8.3","9.7","9.7","8.4","7.5","8.2","8.6","8.7","8.4","9.1","7.7","8.6",
"계","6월","대한적십자사 외","실적[건]","건","4680","3138","4322","6684","8998","10743","12503","14539","16415","18176","16449","19154","16688","16606","14370","14830","15857","16759","20889","16321","17567",
"계","6월","대한적십자사 외","구성비[%]","%","9.2","6","7.3","8.2","8.3","7.2","7.4","8.1","8","8.7","7.8","8.7","7.8","8.2","8.1","8.4","8.9","8.2","8.9","7.5","8.6",
"계","7월","합계","실적[건]","건","188587","187759","176664","203659","228838","237984","215495","237528","256444","279004","274766","244890","262994","248124","243983","231564","217441","218473","241955","246981","254046",
"계","7월","합계","구성비[%]","%","8.3","8.2","8.5","8.7","8.9","8.9","8.2","8.7","8.8","9.1","8.9","8.5","9","8.6","8.7","8.9","8.3","8.2","8.7","8.6","8.9",
"계","7월","대한적십자사","실적[건]","건","184885","184340","172156","196853","220712","226132","201584","220933","238842","261697","256506","225022","244054","228749","229095","215264","201154","199838","222002","228612","236423",
"계","7월","대한적십자사","구성비[%]","%","8.3","8.2","8.5","8.7","9","9","8.2","8.7","8.8","9.2","8.9","8.5","9","8.5","8.8","8.8","8.3","8.2","8.7","8.7","9",
"계","7월","서울중앙","실적[건]","건","17776","18884","15916","17908","17655","25250","","","","","","","","23081","21494","18910","17258","19134","21354","19891","20274",
"계","7월","서울중앙","구성비[%]","%","8.4","8.5","8.5","8.6","8.5","10","","","","","","","","8.7","8.6","8.5","8","8.6","9.1","8.3","8.6",
"계","7월","서울서부","실적[건]","건","11107","10377","14129","14792","19246","-","22622","25477","25970","30775","29102","24924","24686","","","","","","","","",
"계","7월","서울서부","구성비[%]","%","8.3","7.5","9.1","8.7","9.2","-","8.3","9","8.6","9.2","8.8","8.6","8.9","","","","","","","","",
"계","7월","서울남부","실적[건]","건","13057","14625","14996","16338","20234","23139","17927","20134","21651","21386","20273","18381","23512","20203","18762","17015","13464","15717","17632","17328","18171",
"계","7월","서울남부","구성비[%]","%","7.2","7.7","8.7","8.7","9.5","10.5","8.2","8.8","9.2","9.3","9","8.1","9.5","8.8","8.7","8.9","7.6","8.6","9","8.3","8.6",
"계","7월","서울동부","실적[건]","건","16423","17977","14055","18075","17601","24290","22583","26835","27800","31624","26448","22503","26396","23962","22671","18864","18276","19265","21952","21929","22369",
"계","7월","서울동부","구성비[%]","%","8.4","9","7.7","9.1","9.1","9.8","8.5","9.7","9.4","10","8.9","8.2","9.4","8.6","8.7","8.1","7.9","8.1","8.6","8.6","8.9",
"계","7월","부산","실적[건]","건","17662","18173","16845","17222","17827","20610","18379","17677","19701","21390","21524","17931","20642","19451","18037","18279","16652","17089","17321","17488","17276",
"계","7월","부산","구성비[%]","%","8.3","8.5","8.9","8.2","8.2","8.8","8.5","8.1","8.5","9.1","9","8.8","9.6","8.7","8.4","9.3","8.5","8.4","8.4","8.3","8.3",
"계","7월","대구·경북","실적[건]","건","16526","15553","11695","14880","19094","18208","17483","17688","20469","22838","23384","19446","20529","19644","20463","17115","17907","14711","18735","20374","21571",
"계","7월","대구·경북","구성비[%]","%","8.5","8.2","7.4","7.9","8.9","8.5","8.3","7.8","8.4","8.7","9","8.2","8.5","8","8.8","8.7","7.9","6.5","8.2","8.4","8.9",
"계","7월","인천","실적[건]","건","10842","9137","9354","10320","12541","16160","15216","15242","16984","18938","15982","13991","14455","13851","14151","15046","13641","14508","16720","16804","17603",
"계","7월","인천","구성비[%]","%","8.4","7.6","8.5","8.5","9.6","10.5","8.7","8.8","9.6","10.2","8.8","8.7","8.8","8.8","8.9","9.1","8.2","8.5","9.5","9","9.3",
"계","7월","울산","실적[건]","건","7176","6509","5703","6846","6608","6360","5897","6683","6816","8024","8656","7362","7434","6999","7772","7894","7151","6828","8142","10157","10049",
"계","7월","울산","구성비[%]","%","9.1","7.9","8.7","9.6","8.9","8.6","8","8.5","8.4","9","9.2","8.4","8.6","8.1","8.5","9.6","8.6","7.8","8.2","9.3","9.1",
"계","7월","경기","실적[건]","건","10673","11714","11027","12900","15295","16098","14210","16273","17293","19950","20526","18005","18641","17484","19006","20879","19394","17870","19206","19817","22044",
"계","7월","경기","구성비[%]","%","7.7","8.3","8.5","9.1","9.3","9.4","8","9.3","9","9.7","9.4","8.8","8.8","8.6","9","9.2","8.6","8.2","8.5","8.7","9.4",
"계","7월","강원","실적[건]","건","6927","5495","5620","6393","7415","8365","7837","8963","11246","11292","14610","13373","13662","13912","13757","13117","10083","10617","10959","12757","13084",
"계","7월","강원","구성비[%]","%","8.3","7.2","8.7","8.7","9.3","10","8.5","8.3","9.3","8.8","9.8","8.9","8.8","8.6","9","9.3","7.5","8.5","8.2","8.8","8.9",
"계","7월","충북","실적[건]","건","6823","6900","6378","7700","9549","9313","6653","8754","8377","9396","9057","7507","8432","8235","8482","7890","7161","6908","7373","7990","8728",
"계","7월","충북","구성비[%]","%","8.8","8.7","8.8","9.1","9.6","9.2","7.3","8.7","8.5","9.4","9.1","8.4","8.8","8.8","9","9.2","8.5","8.2","8.6","8.8","9.5",
"계","7월","대전·세종·충남","실적[건]","건","14798","12405","12212","14964","16170","15536","15312","17170","19233","19099","21095","19803","21421","20464","20596","20861","20349","18885","19875","21126","21474",
"계","7월","대전·세종·충남","구성비[%]","%","9.2","8.4","8.3","8.6","8.8","8.1","8.1","8.3","8.6","8.2","8.5","8.4","8.9","8.2","8.3","8.7","8.7","8","8.5","8.8","8.9",
"계","7월","전북","실적[건]","건","10751","9466","8058","8888","10137","9816","9602","10505","10427","10834","10418","9268","9691","9018","9553","8190","9029","8175","8897","9219","10305",
"계","7월","전북","구성비[%]","%","8.9","8","8.2","8.2","8.4","7.9","7.7","8.2","7.9","8.6","8.1","8","8.5","8.3","8.8","8","8.8","8.4","8.9","8.8","9.5",
"계","7월","광주·전남","실적[건]","건","14503","15726","15446","18237","17974","18429","14865","16263","17091","19026","19745","18028","19060","17883","18916","15301","16733","15476","18791","16565","16509",
"계","7월","광주·전남","구성비[%]","%","8.3","7.9","8.7","9.4","8.9","9.3","7.7","8.8","8.3","8.7","8.9","8.9","8.7","8.6","9.2","8.4","9","8.2","9.9","8.6","9",
"계","7월","경남","실적[건]","건","6915","8556","8225","8920","10207","10949","9928","10728","12820","13699","12111","11416","12251","11684","12131","11772","10467","10842","10911","12743","12625",
"계","7월","경남","구성비[%]","%","6.9","8.3","9","8.7","8.9","9.2","8.7","8.9","9.5","9.6","8.9","8.9","9.4","8.7","9.1","9","8.4","8.8","8.5","9.3","9.4",
"계","7월","제주","실적[건]","건","2926","2843","2497","2470","3159","3609","3070","2541","2964","3426","3575","3084","3242","2878","3304","4131","3589","3813","4134","4424","4341",
"계","7월","제주","구성비[%]","%","9.2","9.6","9.1","7.6","8.6","9.4","9","8","8.6","9.2","8.8","8.6","8.6","8.4","9.2","9.9","8.5","9.1","8.8","8.9","9",
"계","7월","대한적십자사 외","실적[건]","건","3702","3419","4508","6806","8126","11852","13911","16595","17602","17307","18260","19868","18940","19375","14888","16300","16287","18635","19953","18369","17623",
"계","7월","대한적십자사 외","구성비[%]","%","7.3","6.6","7.6","8.3","7.5","7.9","8.3","9.2","8.5","8.3","8.7","9","8.9","9.6","8.4","9.3","9.2","9.1","8.5","8.5","8.6",
"계","8월","합계","실적[건]","건","200611","195301","162779","193808","217610","229510","216656","217425","256315","259556","257409","228521","247719","230871","235244","224448","214344","216294","239981","239250","242172",
"계","8월","합계","구성비[%]","%","8.8","8.5","7.8","8.3","8.5","8.6","8.3","8","8.8","8.5","8.3","8","8.5","8","8.4","8.6","8.2","8.2","8.6","8.4","8.5",
"계","8월","대한적십자사","실적[건]","건","197531","191245","158864","188585","209839","217873","203526","203833","239827","242108","240135","210655","229286","215089","218973","209860","199282","200798","220857","219984","225388",
"계","8월","대한적십자사","구성비[%]","%","8.9","8.5","7.8","8.3","8.5","8.7","8.3","8","8.9","8.5","8.4","8","8.4","8","8.4","8.6","8.2","8.2","8.7","8.3","8.6",
"계","8월","서울중앙","실적[건]","건","19727","18813","14149","18107","18115","24366","","","","","","","","21418","21049","18013","17457","17759","20483","19342","19743",
"계","8월","서울중앙","구성비[%]","%","9.4","8.5","7.5","8.7","8.7","9.7","","","","","","","","8","8.4","8.1","8.1","7.9","8.7","8.1","8.4",
"계","8월","서울서부","실적[건]","건","11787","11297","12713","14505","18271","-","23983","24419","29667","29272","29479","20804","23254","","","","","","","","",
"계","8월","서울서부","구성비[%]","%","8.8","8.2","8.2","8.5","8.8","-","8.8","8.6","9.8","8.7","8.9","7.1","8.4","","","","","","","","",
"계","8월","서울남부","실적[건]","건","16828","16043","13662","15893","18291","20668","18788","17774","21727","18649","19604","19775","22183","17416","17106","15429","14666","15905","17127","17131","18263",
"계","8월","서울남부","구성비[%]","%","9.3","8.5","7.9","8.5","8.6","9.4","8.6","7.8","9.2","8.1","8.7","8.7","9","7.6","8","8.1","8.3","8.7","8.7","8.2","8.7",
"계","8월","서울동부","실적[건]","건","18151","18172","14708","16893","17333","25582","23351","23757","25671","27545","24162","20696","23580","21621","20396","17430","18458","19306","21616","21316","21324",
"계","8월","서울동부","구성비[%]","%","9.3","9.1","8.1","8.5","9","10.3","8.8","8.6","8.7","8.7","8.1","7.6","8.4","7.7","7.8","7.5","8","8.1","8.5","8.3","8.5",
"계","8월","부산","실적[건]","건","17688","17007","14674","16992","17519","19804","16956","17563","22344","19749","20248","16326","17583","18240","17784","18242","14415","15773","18164","16387","17706",
"계","8월","부산","구성비[%]","%","8.3","8","7.7","8.1","8.1","8.5","7.8","8","9.7","8.4","8.5","8","8.2","8.2","8.3","9.2","7.4","7.7","8.8","7.8","8.5",
"계","8월","대구·경북","실적[건]","건","16914","14871","11502","15369","19636","18757","18746","18673","20472","21497","20470","19414","20430","20555","19117","19948","16953","19052","19634","20365","20917",
"계","8월","대구·경북","구성비[%]","%","8.7","7.9","7.3","8.2","9.1","8.8","8.9","8.2","8.4","8.2","7.9","8.2","8.5","8.4","8.2","10.2","7.5","8.5","8.5","8.4","8.6",
"계","8월","인천","실적[건]","건","11793","10014","7933","10146","11538","15168","14830","13965","16796","17011","15772","13063","13678","12445","14171","13753","15356","13671","15458","16459","16526",
"계","8월","인천","구성비[%]","%","9.1","8.3","7.2","8.3","8.8","9.8","8.5","8.1","9.4","9.2","8.7","8.1","8.4","7.9","8.9","8.3","9.2","8","8.7","8.8","8.7",
"계","8월","울산","실적[건]","건","7525","7649","5089","6156","6072","6668","5882","6989","6916","7765","7450","7559","7553","7085","7496","7325","6596","7758","8900","9093","9726",
"계","8월","울산","구성비[%]","%","9.6","9.3","7.8","8.6","8.2","9","8","8.8","8.5","8.7","7.9","8.7","8.8","8.2","8.2","8.9","7.9","8.9","9","8.4","8.8",
"계","8월","경기","실적[건]","건","12502","11395","10323","11438","14805","14525","15284","13246","17813","17602","18399","16012","17977","16300","17373","18793","19409","17160","19271","19585","19119",
"계","8월","경기","구성비[%]","%","9","8","8","8.1","9","8.5","8.7","7.5","9.3","8.5","8.4","7.8","8.5","8","8.2","8.3","8.6","7.9","8.6","8.6","8.2",
"계","8월","강원","실적[건]","건","7534","6923","4602","5637","7031","7878","7681","8261","10220","10978","12119","12597","13451","13695","13412","11907","12644","10049","11839","12192","11886",
"계","8월","강원","구성비[%]","%","9.1","9","7.1","7.7","8.8","9.4","8.3","7.6","8.5","8.6","8.1","8.4","8.7","8.5","8.7","8.5","9.4","8","8.9","8.4","8",
"계","8월","충북","실적[건]","건","6833","6506","6040","6883","7675","7958","6572","7713","8002","7966","7680","7466","8177","7824","8082","7506","6973","6463","6811","7415","7648",
"계","8월","충북","구성비[%]","%","8.8","8.2","8.3","8.1","7.7","7.9","7.2","7.7","8.2","8","7.7","8.4","8.5","8.3","8.6","8.8","8.2","7.7","8","8.2","8.3",
"계","8월","대전·세종·충남","실적[건]","건","14386","11731","11916","14156","15109","16601","15467","16209","19420","20063","21649","19385","19455","20088","21930","22142","19183","20358","20511","19844","20966",
"계","8월","대전·세종·충남","구성비[%]","%","8.9","8","8.1","8.2","8.3","8.6","8.2","7.9","8.7","8.6","8.7","8.2","8.1","8.1","8.8","9.3","8.2","8.6","8.7","8.2","8.7",
"계","8월","전북","실적[건]","건","10132","10015","8386","8787","9410","9807","9139","10139","10539","10289","10902","8903","9328","8825","9330","9576","8596","8139","9111","8759","9575",
"계","8월","전북","구성비[%]","%","8.4","8.4","8.5","8.1","7.8","7.9","7.3","7.9","8","8.2","8.5","7.7","8.2","8.1","8.6","9.3","8.4","8.4","9.1","8.4","8.9",
"계","8월","광주·전남","실적[건]","건","15340","19737","14125","16399","16783","16908","15294","13047","16140","17497","18366","15375","19113","15443","16083","14986","15514","15683","16850","15811","16407",
"계","8월","광주·전남","구성비[%]","%","8.8","9.9","7.9","8.4","8.3","8.5","7.9","7","7.8","8","8.3","7.6","8.7","7.5","7.8","8.2","8.4","8.3","8.9","8.2","9",
"계","8월","경남","실적[건]","건","7549","7540","6363","8310","9024","9913","8388","9595","10769","12862","10511","10551","10208","11310","12704","11458","9803","10150","11026","11954","11239",
"계","8월","경남","구성비[%]","%","7.5","7.3","6.9","8.1","7.9","8.3","7.3","8","8","9","7.7","8.3","7.8","8.4","9.6","8.7","7.9","8.2","8.5","8.8","8.3",
"계","8월","제주","실적[건]","건","2842","3532","2679","2914","3227","3270","3165","2483","3331","3363","3324","2729","3316","2824","2940","3352","3259","3572","4056","4331","4343",
"계","8월","제주","구성비[%]","%","9","11.9","9.7","9","8.7","8.5","9.2","7.8","9.7","9","8.2","7.6","8.8","8.2","8.2","8","7.8","8.6","8.6","8.8","9",
"계","8월","대한적십자사 외","실적[건]","건","3080","4056","3915","5223","7771","11637","13130","13592","16488","17448","17274","17866","18433","15782","16271","14588","15062","15496","19124","19266","16784",
"계","8월","대한적십자사 외","구성비[%]","%","6.1","7.8","6.6","6.4","7.2","7.8","7.8","7.5","8","8.4","8.2","8.1","8.6","7.8","9.2","8.3","8.5","7.6","8.1","8.9","8.2",
"계","9월","합계","실적[건]","건","190581","184017","140649","200401","209699","211664","210710","211913","217687","238356","249808","218522","246422","228858","212622","215954","206859","231658","221477","231908","238785",
"계","9월","합계","구성비[%]","%","8.4","8","6.7","8.5","8.2","7.9","8.1","7.8","7.5","7.8","8.1","7.6","8.4","7.9","7.6","8.3","7.9","8.7","8","8.1","8.4",
"계","9월","대한적십자사","실적[건]","건","186179","178004","134096","193013","200633","198668","197882","198655","203084","223733","232675","202890","228882","212804","199670","202770","193734","215164","204219","214035","221828",
"계","9월","대한적십자사","구성비[%]","%","8.4","7.9","6.6","8.5","8.1","7.9","8.1","7.8","7.5","7.9","8.1","7.7","8.4","7.9","7.6","8.3","8","8.8","8","8.1","8.4",
"계","9월","서울중앙","실적[건]","건","16137","16191","11818","17019","17272","22194","","","","","","","","20296","17480","17119","17517","18876","18155","19743","18567",
"계","9월","서울중앙","구성비[%]","%","7.7","7.3","6.3","8.2","8.3","8.8","","","","","","","","7.6","7","7.7","8.1","8.4","7.7","8.2","7.9",
"계","9월","서울서부","실적[건]","건","11320","9743","9921","15335","16848","-","20978","19903","21906","24905","25199","19758","21456","","","","","","","","",
"계","9월","서울서부","구성비[%]","%","8.5","7","6.4","9","8.1","-","7.7","7","7.2","7.4","7.6","6.8","7.7","","","","","","","","",
"계","9월","서울남부","실적[건]","건","13078","13989","10018","13837","16964","16496","17319","17877","18307","16713","17654","17989","19080","17833","15224","14458","13364","15759","15529","16663","16972",
"계","9월","서울남부","구성비[%]","%","7.2","7.4","5.8","7.4","8","7.5","7.9","7.8","7.8","7.3","7.9","7.9","7.7","7.7","7.1","7.6","7.6","8.7","7.9","8","8.1",
"계","9월","서울동부","실적[건]","건","15791","16512","11790","15772","15955","20569","20638","20177","21928","25301","24913","19111","22008","21509","18848","18038","17852","20659","20510","20733","20543",
"계","9월","서울동부","구성비[%]","%","8.1","8.2","6.5","8","8.3","8.3","7.8","7.3","7.4","8","8.3","7","7.9","7.7","7.3","7.8","7.7","8.7","8","8.1","8.2",
"계","9월","부산","실적[건]","건","18117","17539","14327","17873","19130","18820","18233","17138","16224","18991","19120","15355","18991","17877","16299","15982","15153","17947","16622","17815","17599",
"계","9월","부산","구성비[%]","%","8.5","8.3","7.6","8.5","8.8","8.1","8.4","7.8","7","8.1","8","7.5","8.8","8","7.6","8.1","7.8","8.8","8.1","8.4","8.4",
"계","9월","대구·경북","실적[건]","건","16896","14554","9823","16253","17224","16970","16133","18725","20089","21139","20717","19486","21324","19282","17517","17387","18859","19595","18581","20549","20529",
"계","9월","대구·경북","구성비[%]","%","8.7","7.7","6.2","8.6","8","8","7.6","8.3","8.2","8","8","8.2","8.9","7.8","7.5","8.9","8.4","8.7","8.1","8.5","8.5",
"계","9월","인천","실적[건]","건","10752","9326","6188","10799","9979","13188","13816","13828","12533","13978","14669","12600","13273","12560","12537","13917","13321","13787","13885","14775","15151",
"계","9월","인천","구성비[%]","%","8.3","7.7","5.6","8.9","7.6","8.5","7.9","8","7","7.5","8.1","7.8","8.1","8","7.9","8.4","8","8.1","7.9","7.9","8",
"계","9월","울산","실적[건]","건","6813","6705","4417","5829","6030","6247","5988","6407","5264","6863","7529","7065","7650","7368","7156","7000","6569","7578","8169","8696","9467",
"계","9월","울산","구성비[%]","%","8.7","8.2","6.8","8.2","8.2","8.4","8.1","8.1","6.5","7.7","8","8.1","8.9","8.5","7.8","8.5","7.9","8.7","8.2","8","8.6",
"계","9월","경기","실적[건]","건","11783","10431","8027","12118","12569","13530","13736","12490","13747","17274","17843","16640","17689","15584","15362","19236","17717","18259","17561","17828","19212",
"계","9월","경기","구성비[%]","%","8.5","7.4","6.2","8.6","7.6","7.9","7.8","7.1","7.2","8.4","8.2","8.1","8.4","7.6","7.3","8.5","7.8","8.4","7.8","7.8","8.2",
"계","9월","강원","실적[건]","건","6940","5983","4089","6428","6380","7292","8271","9161","8465","10218","12537","11748","14334","12521","12661","11969","11230","11728","11130","11615","13520",
"계","9월","강원","구성비[%]","%","8.3","7.8","6.3","8.8","8","8.7","9","8.5","7","8","8.4","7.8","9.2","7.8","8.2","8.5","8.4","9.4","8.4","8","9.2",
"계","9월","충북","실적[건]","건","6232","7123","5324","7992","8604","7842","7377","9042","7975","7550","8660","7233","8559","7175","7583","7328","6954","8008","7135","7416","8040",
"계","9월","충북","구성비[%]","%","8.1","9","7.3","9.4","8.7","7.7","8.1","9","8.1","7.5","8.7","8.1","8.9","7.6","8","8.5","8.2","9.6","8.4","8.2","8.8",
"계","9월","대전·세종·충남","실적[건]","건","13936","12350","10146","15017","14436","16119","15309","16943","17350","18534","20262","18653","21002","20029","20203","20123","18807","21288","18448","20005","20769",
"계","9월","대전·세종·충남","구성비[%]","%","8.6","8.4","6.9","8.7","7.9","8.4","8.1","8.2","7.7","8","8.1","7.9","8.7","8.1","8.1","8.4","8.1","9","7.9","8.3","8.6",
"계","9월","전북","실적[건]","건","11533","10502","7108","10121","11357","10359","10480","11242","10355","9992","11879","9439","9759","9303","8334","9998","8310","8639","8341","8491","10052",
"계","9월","전북","구성비[%]","%","9.5","8.9","7.2","9.4","9.4","8.3","8.4","8.8","7.9","8","9.2","8.1","8.5","8.6","7.7","9.7","8.1","8.9","8.3","8.1","9.3",
"계","9월","광주·전남","실적[건]","건","14196","16404","12633","16433","15611","16110","16907","14641","15731","18634","17755","15772","19438","18067","17923","15316","14837","19046","15269","15449","14975",
"계","9월","광주·전남","구성비[%]","%","8.1","8.2","7.1","8.4","7.7","8.1","8.8","7.9","7.6","8.6","8","7.8","8.8","8.7","8.7","8.4","8","10","8.1","8","8.2",
"계","9월","경남","실적[건]","건","9903","8440","6315","9361","9125","9928","9726","8562","10383","10473","10576","9119","11170","10631","9804","11262","9733","10308","10827","10298","12407",
"계","9월","경남","구성비[%]","%","9.8","8.2","6.9","9.2","8","8.3","8.5","7.1","7.7","7.3","7.8","7.1","8.6","7.9","7.4","8.6","7.8","8.4","8.4","7.5","9.2",
"계","9월","제주","실적[건]","건","2752","2212","2152","2826","3149","3004","2971","2519","2827","3168","3362","2922","3149","2769","2739","3637","3511","3687","4057","3959","4025",
"계","9월","제주","구성비[%]","%","8.7","7.4","7.8","8.7","8.5","7.8","8.7","7.9","8.2","8.5","8.3","8.2","8.3","8.1","7.6","8.7","8.4","8.8","8.6","8","8.4",
"계","9월","대한적십자사 외","실적[건]","건","4402","6013","6553","7388","9066","12996","12828","13258","14603","14623","17133","15632","17540","16054","12952","13184","13125","16494","17258","17873","16957",
"계","9월","대한적십자사 외","구성비[%]","%","8.7","11.6","11.1","9.1","8.4","8.7","7.6","7.4","7.1","7","8.1","7.1","8.2","8","7.3","7.5","7.4","8.1","7.3","8.3","8.3",
"계","10월","합계","실적[건]","건","175734","175639","183920","202888","192028","217639","206348","225977","253741","259355","272533","256912","221593","240652","239142","216183","208673","235667","235757","241087","225129",
"계","10월","합계","구성비[%]","%","7.7","7.6","8.8","8.6","7.5","8.2","7.9","8.3","8.7","8.5","8.8","9","7.6","8.3","8.6","8.3","8","8.9","8.5","8.4","7.9",
"계","10월","대한적십자사","실적[건]","건","171053","171095","177820","195488","182811","203762","191821","211572","235288","240940","253160","233040","205464","224639","221125","202821","192817","218191","213210","222076","208764",
"계","10월","대한적십자사","구성비[%]","%","7.7","7.6","8.8","8.6","7.4","8.1","7.8","8.3","8.7","8.5","8.8","8.8","7.6","8.4","8.5","8.3","7.9","8.9","8.4","8.4","7.9",
"계","10월","서울중앙","실적[건]","건","15673","16973","17186","17448","15649","22682","","","","","","","","20955","20593","17867","18475","20520","18959","20135","19403",
"계","10월","서울중앙","구성비[%]","%","7.4","7.6","9.2","8.4","7.5","9","","","","","","","","7.9","8.2","8","8.5","9.2","8.1","8.4","8.2",
"계","10월","서울서부","실적[건]","건","10383","11572","13118","16290","15633","-","21211","22625","25268","28237","28766","24207","20437","","","","","","","","",
"계","10월","서울서부","구성비[%]","%","7.8","8.3","8.5","9.5","7.5","-","7.8","8","8.4","8.4","8.7","8.3","7.4","","","","","","","","",
"계","10월","서울남부","실적[건]","건","15220","16433","14775","14559","16023","17777","17109","18624","19607","18716","19575","22242","18821","19437","18785","15197","14138","14806","15612","17542","16826",
"계","10월","서울남부","구성비[%]","%","8.4","8.7","8.6","7.8","7.5","8.1","7.8","8.1","8.3","8.2","8.7","9.8","7.6","8.4","8.7","8","8","8.1","8","8.4","8",
"계","10월","서울동부","실적[건]","건","13751","14828","16314","16714","14919","21992","21815","24510","25575","26459","27109","23866","21831","22563","22496","17806","18436","20873","20144","21168","20063",
"계","10월","서울동부","구성비[%]","%","7","7.4","9","8.4","7.7","8.8","8.2","8.9","8.7","8.4","9.1","8.7","7.8","8.1","8.7","7.7","8","8.8","7.9","8.3","8",
"계","10월","부산","실적[건]","건","16978","15650","15854","17710","16659","19612","15743","18153","20926","20533","21460","17817","16119","17962","17889","17098","15196","18268","16987","17403","16852",
"계","10월","부산","구성비[%]","%","8","7.4","8.4","8.4","7.7","8.4","7.3","8.3","9.1","8.7","9","8.7","7.5","8","8.4","8.7","7.8","8.9","8.3","8.2","8.1",
"계","10월","대구·경북","실적[건]","건","15190","14482","13725","16756","15820","16829","16506","19535","21431","22718","23802","20511","18072","21678","19240","17976","18434","20574","20363","21005","18470",
"계","10월","대구·경북","구성비[%]","%","7.8","7.7","8.7","8.9","7.3","7.9","7.8","8.6","8.8","8.6","9.1","8.7","7.5","8.8","8.3","9.2","8.2","9.1","8.9","8.7","7.6",
"계","10월","인천","실적[건]","건","8245","9708","10203","9710","8994","12957","13336","13896","15422","16263","14719","14138","12742","13163","14597","12649","14321","15198","14820","15231","15467",
"계","10월","인천","구성비[%]","%","6.4","8","9.3","8","6.9","8.4","7.6","8","8.7","8.8","8.1","8.7","7.8","8.4","9.2","7.7","8.6","8.9","8.4","8.1","8.1",
"계","10월","울산","실적[건]","건","7464","5684","6150","6758","5624","6534","5712","6752","7173","8288","7997","7719","6237","7414","7506","6756","6357","8382","8371","8977","8131",
"계","10월","울산","구성비[%]","%","9.5","6.9","9.4","9.5","7.6","8.8","7.8","8.5","8.8","9.3","8.5","8.8","7.2","8.6","8.2","8.2","7.6","9.6","8.4","8.3","7.4",
"계","10월","경기","실적[건]","건","10133","10898","12742","11850","11908","13403","14359","14910","15911","17989","19853","18077","15172","17545","18150","18860","18568","18635","20012","19301","18750",
"계","10월","경기","구성비[%]","%","7.3","7.7","9.9","8.4","7.2","7.8","8.1","8.5","8.3","8.7","9.1","8.8","7.2","8.6","8.6","8.3","8.2","8.6","8.9","8.5","8",
"계","10월","강원","실적[건]","건","5896","4676","5597","6194","6174","7482","8159","9333","10010","10506","12476","12495","11760","13534","11773","11199","9907","10040","10449","12108","11292",
"계","10월","강원","구성비[%]","%","7.1","6.1","8.7","8.5","7.7","8.9","8.8","8.6","8.3","8.2","8.3","8.3","7.6","8.4","7.7","8","7.4","8","7.9","8.3","7.6",
"계","10월","충북","실적[건]","건","6122","5908","5986","8207","7489","8377","6757","8779","8546","8570","8551","8727","7866","7792","7710","7374","6721","8153","7652","7753","7527",
"계","10월","충북","구성비[%]","%","7.9","7.5","8.2","9.7","7.5","8.3","7.4","8.8","8.7","8.6","8.6","9.8","8.2","8.3","8.2","8.6","7.9","9.7","9","8.6","8.2",
"계","10월","대전·세종·충남","실적[건]","건","10926","11143","12252","15658","14130","16568","14512","18265","21500","19486","22593","20563","18862","21886","20942","20993","17819","21841","19567","21633","19194",
"계","10월","대전·세종·충남","구성비[%]","%","6.8","7.6","8.4","9","7.7","8.6","7.6","8.9","9.6","8.4","9.1","8.7","7.8","8.8","8.4","8.8","7.6","9.2","8.3","9","8",
"계","10월","전북","실적[건]","건","10675","8848","8375","9548","9014","11168","9628","9869","11434","10295","11486","10225","8743","10027","9357","8852","7903","8985","9487","8338","8909",
"계","10월","전북","구성비[%]","%","8.8","7.5","8.5","8.9","7.4","8.9","7.7","7.7","8.7","8.2","8.9","8.8","7.7","9.2","8.6","8.6","7.7","9.3","9.5","8","8.2",
"계","10월","광주·전남","실적[건]","건","14620","14086","14406","16054","13434","15391","15427","14410","18163","18045","19645","19004","16477","17016","18194","15953","13989","17565","15483","16318","14187",
"계","10월","광주·전남","구성비[%]","%","8.4","7","8.1","8.2","6.7","7.8","8","7.8","8.8","8.3","8.9","9.4","7.5","8.2","8.8","8.7","7.5","9.3","8.2","8.5","7.7",
"계","10월","경남","실적[건]","건","6917","7798","8691","9082","8394","10095","8787","9413","11277","11596","11204","10640","9538","10975","10767","10726","9306","10717","11209","11075","10018",
"계","10월","경남","구성비[%]","%","6.9","7.6","9.5","8.9","7.3","8.4","7.7","7.8","8.4","8.1","8.3","8.3","7.3","8.1","8.1","8.2","7.5","8.7","8.7","8.1","7.4",
"계","10월","제주","실적[건]","건","2860","2408","2446","2950","2947","2895","2760","2498","3045","3239","3924","2809","2787","2692","3126","3515","3247","3634","4095","4089","3675",
"계","10월","제주","구성비[%]","%","9","8.1","8.9","9.1","8","7.5","8.1","7.8","8.9","8.7","9.6","7.8","7.4","7.9","8.7","8.4","7.7","8.7","8.7","8.3","7.6",
"계","10월","대한적십자사 외","실적[건]","건","4681","4544","6100","7400","9217","13877","14527","14405","18453","18415","19373","23872","16129","16013","18017","13362","15856","17476","22547","19011","16365",
"계","10월","대한적십자사 외","구성비[%]","%","9.2","8.7","10.3","9.1","8.5","9.3","8.6","8","8.9","8.8","9.2","10.8","7.5","7.9","10.2","7.6","8.9","8.6","9.6","8.8","8",
"계","11월","합계","실적[건]","건","205282","187726","179411","205951","230869","233934","238485","249839","265180","265938","266969","248332","253468","265668","244865","222658","226440","243440","245270","255373","240244",
"계","11월","합계","구성비[%]","%","9","8.2","8.6","8.8","9","8.8","9.1","9.2","9.1","8.7","8.7","8.7","8.7","9.2","8.8","8.5","8.7","9.2","8.8","8.9","8.5",
"계","11월","대한적십자사","실적[건]","건","199378","181748","172876","197423","219731","219592","222766","230868","246228","247465","246406","230627","235317","248903","228662","208598","210859","223358","225525","237002","224797",
"계","11월","대한적십자사","구성비[%]","%","9","8.1","8.5","8.7","8.9","8.7","9.1","9.1","9.1","8.7","8.6","8.7","8.7","9.3","8.7","8.6","8.7","9.1","8.9","9","8.5",
"계","11월","서울중앙","실적[건]","건","19032","16922","15694","15965","18098","23800","","","","","","","","23259","22291","17326","19177","21203","21248","21811","21489",
"계","11월","서울중앙","구성비[%]","%","9","7.6","8.4","7.7","8.7","9.5","","","","","","","","8.7","8.9","7.8","8.9","9.5","9.1","9.1","9.1",
"계","11월","서울서부","실적[건]","건","11004","11872","11592","14386","17752","-","25664","25700","28694","30241","28138","24728","24266","","","","","","","","",
"계","11월","서울서부","구성비[%]","%","8.2","8.6","7.5","8.4","8.5","-","9.4","9.1","9.5","9","8.5","8.5","8.7","","","","","","","","",
"계","11월","서울남부","실적[건]","건","17272","16415","13148","14808","18891","19005","19517","17938","20023","19160","17915","20498","20579","20476","18454","14626","15249","15720","17136","17859","18259",
"계","11월","서울남부","구성비[%]","%","9.5","8.6","7.6","7.9","8.9","8.6","9","7.8","8.5","8.3","8","9","8.3","8.9","8.6","7.7","8.6","8.6","8.7","8.6","8.7",
"계","11월","서울동부","실적[건]","건","19908","14492","15931","17022","18131","24356","24903","27104","26786","27639","23897","23912","23906","24918","22751","18562","20092","22479","22423","22812","20719",
"계","11월","서울동부","구성비[%]","%","10.2","7.2","8.8","8.6","9.4","9.8","9.4","9.8","9.1","8.8","8","8.7","8.5","8.9","8.8","8","8.7","9.4","8.8","8.9","8.3",
"계","11월","부산","실적[건]","건","17860","17801","16180","20643","18310","20301","18735","20755","20424","20453","21301","16536","19208","21033","18471","19350","18140","19126","19469","19096","18941",
"계","11월","부산","구성비[%]","%","8.4","8.4","8.5","9.8","8.4","8.7","8.6","9.5","8.8","8.7","8.9","8.1","8.9","9.4","8.6","9.8","9.3","9.4","9.5","9","9.1",
"계","11월","대구·경북","실적[건]","건","17239","15790","13968","17220","18821","18559","19972","21235","23817","23925","23142","21751","20677","24693","20480","19578","21311","22688","20742","23106","19539",
"계","11월","대구·경북","구성비[%]","%","8.9","8.4","8.9","9.2","8.7","8.7","9.4","9.4","9.7","9.1","8.9","9.2","8.6","10","8.8","10","9.5","10.1","9","9.6","8.1",
"계","11월","인천","실적[건]","건","12985","9596","9108","9729","10722","14378","15444","14725","14988","15747","13277","13968","12506","14424","12912","13576","14549","14632","14625","15864","16827",
"계","11월","인천","구성비[%]","%","10","7.9","8.3","8","8.2","9.3","8.8","8.5","8.4","8.5","7.3","8.6","7.6","9.2","8.2","8.2","8.7","8.6","8.3","8.5","8.9",
"계","11월","울산","실적[건]","건","6670","5727","5675","6074","6962","6625","6941","6863","7448","7673","7772","8004","7627","8140","8611","7694","7280","7851","9143","9993","9378",
"계","11월","울산","구성비[%]","%","8.5","7","8.7","8.5","9.4","8.9","9.4","8.7","9.2","8.6","8.3","9.2","8.8","9.4","9.4","9.3","8.7","9","9.2","9.2","8.5",
"계","11월","경기","실적[건]","건","12135","11040","11057","12725","15109","16032","15538","14680","16419","16403","18997","16520","17579","18842","18622","19736","18818","18757","19469","19907","19131",
"계","11월","경기","구성비[%]","%","8.8","7.8","8.6","9","9.2","9.4","8.8","8.4","8.6","8","8.7","8","8.3","9.2","8.8","8.7","8.3","8.7","8.6","8.8","8.2",
"계","11월","강원","실적[건]","건","7402","6008","5089","5939","7003","7135","8600","10373","9987","11128","12342","12680","13804","14573","12903","9923","11616","10839","12444","13458","12668",
"계","11월","강원","구성비[%]","%","8.9","7.8","7.9","8.1","8.8","8.5","9.3","9.6","8.3","8.7","8.2","8.5","8.9","9","8.4","7.1","8.6","8.7","9.4","9.2","8.6",
"계","11월","충북","실적[건]","건","7071","6849","6651","7843","9816","9286","8618","9541","9761","9545","9429","7984","8536","8682","8652","7694","6955","7880","7944","8226","7669",
"계","11월","충북","구성비[%]","%","9.1","8.7","9.1","9.2","9.9","9.2","9.4","9.5","9.9","9.5","9.5","8.9","8.9","9.3","9.2","9","8.2","9.4","9.3","9.1","8.4",
"계","11월","대전·세종·충남","실적[건]","건","11666","13218","13815","15780","17258","17648","16988","19320","20573","19860","22146","22098","22596","24434","22431","20762","19351","21325","20389","22344","20920",
"계","11월","대전·세종·충남","구성비[%]","%","7.2","9","9.4","9.1","9.4","9.2","9","9.4","9.2","8.6","8.9","9.3","9.4","9.8","9","8.7","8.3","9","8.7","9.3","8.7",
"계","11월","전북","실적[건]","건","10075","9248","8798","10055","11180","11878","10873","11402","11390","10180","11627","10443","10158","10046","8804","9435","8668","8966","7981","9280","8881",
"계","11월","전북","구성비[%]","%","8.3","7.8","9","9.3","9.2","9.5","8.7","8.9","8.7","8.1","9","9","8.9","9.3","8.1","9.2","8.4","9.2","8","8.9","8.2",
"계","11월","광주·전남","실적[건]","건","15838","16166","15429","17099","17769","16508","17459","16768","20134","19664","20342","17788","19117","18924","18565","16008","15174","17404","16743","17424","15923",
"계","11월","광주·전남","구성비[%]","%","9.1","8.1","8.7","8.8","8.8","8.3","9.1","9","9.8","9","9.2","8.8","8.7","9.2","9","8.7","8.2","9.2","8.9","9","8.7",
"계","11월","경남","실적[건]","건","10545","8605","8331","9287","10757","10728","10486","11540","12823","12405","12329","10621","11592","13126","11599","10481","11062","10843","11589","11779","10698",
"계","11월","경남","구성비[%]","%","10.5","8.4","9.1","9.1","9.4","9","9.2","9.6","9.5","8.7","9.1","8.3","8.9","9.7","8.7","8","8.9","8.8","9","8.6","7.9",
"계","11월","제주","실적[건]","건","2676","1999","2410","2848","3152","3353","3028","2924","2961","3442","3752","3096","3166","3333","3116","3847","3417","3645","4180","4043","3755",
"계","11월","제주","구성비[%]","%","8.4","6.7","8.8","8.8","8.5","8.7","8.8","9.2","8.6","9.2","9.2","8.6","8.4","9.7","8.7","9.2","8.1","8.7","8.9","8.2","7.8",
"계","11월","대한적십자사 외","실적[건]","건","5904","5978","6535","8528","11138","14342","15719","18971","18952","18473","20563","17705","18151","16765","16203","14060","15581","20082","19745","18371","15447",
"계","11월","대한적십자사 외","구성비[%]","%","11.6","11.5","11.1","10.5","10.3","9.6","9.4","10.5","9.2","8.8","9.8","8","8.5","8.3","9.1","8","8.8","9.8","8.4","8.5","7.6",
"계","12월","합계","실적[건]","건","197570","187040","168003","206983","208821","228208","224967","218598","246572","258197","252940","253295","255158","234393","236455","234020","236462","246712","250704","251591","247803",
"계","12월","합계","구성비[%]","%","8.7","8.1","8","8.8","8.1","8.6","8.6","8","8.5","8.5","8.2","8.8","8.7","8.1","8.5","9","9.1","9.3","9","8.8","8.7",
"계","12월","대한적십자사","실적[건]","건","194567","182520","163290","198816","198201","214191","210281","202577","229397","241285","234954","236078","237355","216837","220985","217116","218935","224406","230008","233630","230140",
"계","12월","대한적십자사","구성비[%]","%","8.7","8.1","8","8.8","8.1","8.5","8.6","8","8.5","8.5","8.2","8.9","8.7","8.1","8.5","8.9","9","9.2","9.1","8.9","8.7",
"계","12월","서울중앙","실적[건]","건","20646","18670","14879","17459","17600","24104","","","","","","","","20781","21571","18638","19918","21041","21152","21465","21042",
"계","12월","서울중앙","구성비[%]","%","9.8","8.4","7.9","8.4","8.4","9.6","","","","","","","","7.8","8.6","8.4","9.2","9.4","9","9","8.9",
"계","12월","서울서부","실적[건]","건","12960","13964","13459","15874","16812","-","24227","21442","24286","26162","25595","25379","24409","","","","","","","","",
"계","12월","서울서부","구성비[%]","%","9.7","10.1","8.7","9.3","8.1","-","8.9","7.6","8","7.8","7.7","8.7","8.8","","","","","","","","",
"계","12월","서울남부","실적[건]","건","15443","15955","13786","16963","16319","19368","19448","18273","19530","18485","18105","21909","21740","18449","17649","16340","16067","17890","18493","19960","18872",
"계","12월","서울남부","구성비[%]","%","8.5","8.4","8","9.1","7.7","8.8","8.9","8","8.3","8.1","8.1","9.6","8.8","8","8.2","8.6","9.1","9.8","9.4","9.6","9",
"계","12월","서울동부","실적[건]","건","18313","17113","14554","17724","15054","22958","23020","20481","26259","26693","25947","25199","24698","23009","22431","20021","21149","22004","23462","23003","23480",
"계","12월","서울동부","구성비[%]","%","9.4","8.5","8","8.9","7.8","9.2","8.7","7.4","8.9","8.5","8.7","9.2","8.8","8.2","8.6","8.6","9.2","9.2","9.2","9","9.4",
"계","12월","부산","실적[건]","건","17977","16996","15465","19175","17252","19232","16530","17932","18748","20307","18162","18761","18608","18188","18356","16963","17373","18822","19141","19777","17939",
"계","12월","부산","구성비[%]","%","8.4","8","8.2","9.1","8","8.2","7.6","8.2","8.1","8.6","7.6","9.2","8.6","8.1","8.6","8.6","8.9","9.2","9.3","9.4","8.6",
"계","12월","대구·경북","실적[건]","건","17221","13683","11999","17563","17987","18369","19254","17901","20379","23872","20307","21509","21744","21371","19983","19904","20628","20400","19606","21696","21283",
"계","12월","대구·경북","구성비[%]","%","8.9","7.2","7.6","9.3","8.3","8.6","9.1","7.9","8.3","9.1","7.8","9.1","9","8.7","8.6","10.1","9.2","9.1","8.5","9","8.8",
"계","12월","인천","실적[건]","건","10197","12497","9719","11468","10797","14735","15284","15766","15615","16293","14580","15214","14731","12982","14669","14912","15798","15652","16364","16826","17303",
"계","12월","인천","구성비[%]","%","7.9","10.3","8.8","9.4","8.3","9.6","8.7","9.1","8.8","8.8","8.1","9.4","9","8.3","9.3","9","9.5","9.2","9.3","9","9.1",
"계","12월","울산","실적[건]","건","6799","5322","5104","6335","6333","6163","7278","6121","7150","7815","7604","7653","6534","6952","7698","6817","7525","9335","8938","9528","9376",
"계","12월","울산","구성비[%]","%","8.6","6.5","7.8","8.9","8.6","8.3","9.9","7.7","8.8","8.7","8.1","8.8","7.6","8","8.4","8.3","9","10.7","9","8.8","8.5",
"계","12월","경기","실적[건]","건","12754","11124","10223","11502","14492","15786","16055","14438","16218","18212","20395","17540","19200","17316","17915","21812","20566","21042","20865","19819","20628",
"계","12월","경기","구성비[%]","%","9.2","7.9","7.9","8.1","8.8","9.2","9.1","8.2","8.5","8.8","9.3","8.5","9.1","8.5","8.5","9.7","9.1","9.7","9.3","8.7","8.8",
"계","12월","강원","실적[건]","건","7403","5569","5392","5524","6710","7368","8203","8208","10326","11820","13500","12914","12324","12783","12174","11666","11119","10720","12449","13380","13303",
"계","12월","강원","구성비[%]","%","8.9","7.3","8.3","7.5","8.4","8.8","8.9","7.6","8.6","9.2","9","8.6","8","7.9","7.9","8.3","8.3","8.6","9.4","9.2","9",
"계","12월","충북","실적[건]","건","6525","5776","5388","7151","7990","7800","7350","7929","8295","8263","6744","7924","7975","6976","7177","7057","7476","7433","7614","7612","7262",
"계","12월","충북","구성비[%]","%","8.4","7.3","7.4","8.4","8","7.7","8","7.9","8.5","8.2","6.8","8.9","8.3","7.4","7.6","8.2","8.8","8.9","8.9","8.4","7.9",
"계","12월","대전·세종·충남","실적[건]","건","11608","11842","13010","14369","14381","18108","15057","17346","19068","20969","22581","21058","21398","20808","21013","22170","20372","20830","19941","20181","20253",
"계","12월","대전·세종·충남","구성비[%]","%","7.2","8.1","8.9","8.3","7.9","9.4","7.9","8.4","8.5","9","9.1","8.9","8.9","8.4","8.4","9.3","8.7","8.8","8.5","8.4","8.4",
"계","12월","전북","실적[건]","건","10051","8479","7369","8514","9106","9812","9943","10054","10138","10067","10075","9914","9243","8714","9482","9898","9239","8660","9372","8683","8918",
"계","12월","전북","구성비[%]","%","8.3","7.1","7.5","7.9","7.5","7.9","7.9","7.9","7.7","8","7.8","8.5","8.1","8","8.7","9.6","9","8.9","9.4","8.3","8.3",
"계","12월","광주·전남","실적[건]","건","13812","14820","13020","16765","14822","16337","16223","14167","18499","17848","17804","16216","20085","15181","16273","16283","16279","16075","16884","15831","14828",
"계","12월","광주·전남","구성비[%]","%","7.9","7.4","7.3","8.6","7.3","8.2","8.4","7.6","9","8.2","8","8","9.1","7.3","7.9","8.9","8.8","8.5","8.9","8.2","8.1",
"계","12월","경남","실적[건]","건","10428","8433","7581","9161","9485","10852","9873","10054","11936","11416","10667","12136","11415","10437","11606","11419","11798","10890","11481","11595","11564",
"계","12월","경남","구성비[%]","%","10.4","8.2","8.3","9","8.3","9.1","8.6","8.4","8.9","8","7.9","9.5","8.7","7.7","8.7","8.7","9.5","8.8","8.9","8.5","8.6",
"계","12월","제주","실적[건]","건","2430","2277","2342","3269","3061","3199","2536","2465","2950","3063","2888","2752","3251","2890","2988","3216","3628","3612","4246","4274","4089",
"계","12월","제주","구성비[%]","%","7.7","7.6","8.5","10","8.3","8.3","7.4","7.7","8.6","8.2","7.1","7.7","8.6","8.4","8.3","7.7","8.6","8.7","9","8.6","8.5",
"계","12월","대한적십자사 외","실적[건]","건","3003","4520","4713","8167","10620","14017","14686","16021","17175","16912","17986","17217","17803","17556","15470","16904","17527","22306","20696","17961","17663",
"계","12월","대한적십자사 외","구성비[%]","%","5.9","8.7","8","10","9.8","9.4","8.7","8.9","8.3","8.1","8.5","7.8","8.3","8.7","8.7","9.6","9.9","10.9","8.8","8.3","8.7",
"남자","합계","합계","실적[건]","건","1831613","1792035","1592264","1741184","1879514","1898213","1824531","1905688","2035857","2137369","2165411","2066926","2132241","2106912","2036566","1916444","1895131","1876184","2008892","2058245","2000807",
"남자","합계","대한적십자사","실적[건]","건","1789525","1748273","1545856","1677786","1799092","1797670","1717257","1790590","1909293","2007168","2029746","1926108","1988861","1972773","1909232","1793118","1771956","1735122","1845259","1904852","1860861",
"남자","합계","서울중앙","실적[건]","건","169824","174504","137432","147238","147925","172472","","","","","","","","195481","182916","157832","155322","155262","165697","168352","162116",
"남자","합계","서울서부","실적[건]","건","113857","114093","117615","127664","154754","65259","179077","191971","209828","234946","231660","210930","201838","","","","","","","","",
"남자","합계","서울남부","실적[건]","건","149974","151475","136271","143313","141682","161920","160365","166236","172180","170207","165554","169319","185180","173905","160320","144323","132869","132872","147219","153161","149438",
"남자","합계","서울동부","실적[건]","건","158684","150842","127086","134427","142695","162081","171213","181050","198140","213068","206563","195744","201327","201187","186199","171190","167635","166638","180698","181068","171854",
"남자","합계","부산","실적[건]","건","163134","160286","147725","157411","160198","167419","150860","152398","156401","156994","158533","143066","151757","156593","149783","138067","135511","138212","142395","144333","139174",
"남자","합계","대구·경북","실적[건]","건","146703","139819","117241","132309","151628","146567","142391","152043","166006","178406","177684","168424","172578","176709","167290","139286","159155","158967","167443","174860","167713",
"남자","합계","인천","실적[건]","건","90515","86833","79101","86693","89984","102831","115288","114453","117031","124396","121411","113269","115780","110801","112002","119383","119848","119983","127399","135586","135636",
"남자","합계","울산","실적[건]","건","61828","64903","52640","56031","57357","55041","54331","57870","60388","68146","70085","65717","65900","66006","68561","63660","63842","64183","73750","79143","79138",
"남자","합계","경기","실적[건]","건","117416","114908","102817","110129","122372","123615","126466","128317","140559","151967","159274","154592","159730","156393","158935","171193","168602","158940","169324","170969","169300",
"남자","합계","강원","실적[건]","건","75508","67686","55609","61668","64310","66394","72405","85987","95113","99831","116232","122194","127367","134733","127408","117333","110113","98394","106032","114858","116895",
"남자","합계","충북","실적[건]","건","60752","61782","58357","67104","78801","80021","71818","78316","74971","74594","73575","66760","71989","71508","70263","65938","63824","61230","63581","67542","67830",
"남자","합계","대전·세종·충남","실적[건]","건","140630","116662","115479","132794","139646","149091","145124","152287","163562","170744","180633","171357","173478","178680","176499","171640","166881","165157","168393","171432","167569",
"남자","합계","전북","실적[건]","건","95457","88799","75743","81835","91565","94416","90925","92343","95861","89849","94813","87682","87191","82490","81328","76352","76286","69236","72737","75244","77234",
"남자","합계","광주·전남","실적[건]","건","132050","144359","125849","131553","137614","130294","123318","121889","134077","139455","141809","133199","147667","141168","141682","127499","127598","124892","128962","131044","124065",
"남자","합계","경남","실적[건]","건","88225","87567","75367","84418","93545","95546","91966","94915","103678","111425","106235","100136","101365","102900","101395","100405","95004","92168","99097","103116","100392",
"남자","합계","제주","실적[건]","건","24968","23755","21524","23199","25016","24703","21710","20515","21498","23140","25685","23719","25714","24219","24651","29017","29466","28988","32532","34144","32507",
"남자","합계","대한적십자사 외","실적[건]","건","42088","43762","46408","63398","80422","100543","107274","115098","126564","130201","135665","140818","143380","134139","127334","123326","123175","141062","163633","153393","139946",
"남자","1월","합계","실적[건]","건","141112","142314","148591","159547","145080","154958","153889","154786","170340","166694","185215","184649","165943","178490","179806","157201","157066","142408","150058","169780","150867",
"남자","1월","합계","구성비[%]","%","7.7","7.9","9.3","9.2","7.7","8.2","8.4","8.1","8.4","7.8","8.6","8.9","7.8","8.5","8.8","8.2","8.3","7.6","7.5","8.2","7.5",
"남자","1월","대한적십자사","실적[건]","건","138540","140051","145435","155368","140184","148590","146525","146843","161737","156996","175367","174173","155586","166940","169986","148356","148488","132782","139493","156861","139780",
"남자","1월","대한적십자사","구성비[%]","%","7.7","8","9.4","9.3","7.8","8.3","8.5","8.2","8.5","7.8","8.6","9","7.8","8.5","8.9","8.3","8.4","7.7","7.6","8.2","7.5",
"남자","1월","서울중앙","실적[건]","건","12876","14436","14071","16188","12046","12930","","","","","","","","18294","17764","14962","13058","12521","13280","14846","12843",
"남자","1월","서울중앙","구성비[%]","%","7.6","8.3","10.2","11","8.1","7.5","","","","","","","","9.4","9.7","9.5","8.4","8.1","8","8.8","7.9",
"남자","1월","서울서부","실적[건]","건","9645","7800","11074","11547","12568","12067","14068","15773","17921","18472","21505","21893","17932","","","","","","","","",
"남자","1월","서울서부","구성비[%]","%","8.5","6.8","9.4","9","8.1","18.5","7.9","8.2","8.5","7.9","9.3","10.4","8.9","","","","","","","","",
"남자","1월","서울남부","실적[건]","건","11317","11942","12911","14812","11447","13985","14442","14863","15742","14617","14817","14816","15541","15630","15551","13434","11473","10087","11298","12826","10638",
"남자","1월","서울남부","구성비[%]","%","7.5","7.9","9.5","10.3","8.1","8.6","9","8.9","9.1","8.6","8.9","8.8","8.4","9","9.7","9.3","8.6","7.6","7.7","8.4","7.1",
"남자","1월","서울동부","실적[건]","건","12148","13258","13764","15595","11434","12143","15208","15289","17413","15981","19399","19958","17126","18721","18784","16098","15205","13939","14610","15438","13424",
"남자","1월","서울동부","구성비[%]","%","7.7","8.8","10.8","11.6","8","7.5","8.9","8.4","8.8","7.5","9.4","10.2","8.5","9.3","10.1","9.4","9.1","8.4","8.1","8.5","7.8",
"남자","1월","부산","실적[건]","건","12258","12481","12115","13176","11480","13149","12928","10942","11821","12373","13066","12679","10006","11443","12041","9810","10936","9370","9622","10830","10053",
"남자","1월","부산","구성비[%]","%","7.5","7.8","8.2","8.4","7.2","7.9","8.6","7.2","7.6","7.9","8.2","8.9","6.6","7.3","8","7.1","8.1","6.8","6.8","7.5","7.2",
"남자","1월","대구·경북","실적[건]","건","11495","10970","10680","10896","12161","12954","12315","13070","15244","15213","16256","14324","13139","14496","14675","13093","13078","12196","12363","14256","12863",
"남자","1월","대구·경북","구성비[%]","%","7.8","7.8","9.1","8.2","8","8.8","8.6","8.6","9.2","8.5","9.1","8.5","7.6","8.2","8.8","9.4","8.2","7.7","7.4","8.2","7.7",
"남자","1월","인천","실적[건]","건","7304","7915","8603","9255","7020","6802","10110","9109","10164","9183","10605","10753","9690","9853","9355","9408","9913","9298","10147","11187","10550",
"남자","1월","인천","구성비[%]","%","8.1","9.1","10.9","10.7","7.8","6.6","8.8","8","8.7","7.4","8.7","9.5","8.4","8.9","8.4","7.9","8.3","7.7","8","8.3","7.8",
"남자","1월","울산","실적[건]","건","4618","6343","4975","4500","3947","4393","4120","4500","4802","4853","5611","5208","4894","5320","5573","4837","5508","4699","5595","6171","5658",
"남자","1월","울산","구성비[%]","%","7.5","9.8","9.5","8","6.9","8","7.6","7.8","8","7.1","8","7.9","7.4","8.1","8.1","7.6","8.6","7.3","7.6","7.8","7.1",
"남자","1월","경기","실적[건]","건","9798","8810","9889","10719","9336","10226","10805","10772","11666","10711","12544","14615","13441","13848","14044","12468","14103","12210","13787","14370","13279",
"남자","1월","경기","구성비[%]","%","8.3","7.7","9.6","9.7","7.6","8.3","8.5","8.4","8.3","7","7.9","9.5","8.4","8.9","8.8","7.3","8.4","7.7","8.1","8.4","7.8",
"남자","1월","강원","실적[건]","건","6459","5299","5468","6689","5425","4194","5229","7644","9047","8381","9852","10307","8726","11294","11786","10043","8970","8189","7138","9195","8570",
"남자","1월","강원","구성비[%]","%","8.6","7.8","9.8","10.8","8.4","6.3","7.2","8.9","9.5","8.4","8.5","8.4","6.9","8.4","9.3","8.6","8.1","8.3","6.7","8","7.3",
"남자","1월","충북","실적[건]","건","4200","4457","5267","4815","5948","6781","6328","6047","5913","5981","5769","5957","5455","6083","6046","5254","4918","4185","4218","5161","4560",
"남자","1월","충북","구성비[%]","%","6.9","7.2","9","7.2","7.5","8.5","8.8","7.7","7.9","8","7.8","8.9","7.6","8.5","8.6","8","7.7","6.8","6.6","7.6","6.7",
"남자","1월","대전·세종·충남","실적[건]","건","11922","9793","9620","12230","11105","11912","13257","12529","13556","13221","14937","14631","12518","13910","14927","13104","13135","12378","13021","13988","12313",
"남자","1월","대전·세종·충남","구성비[%]","%","8.5","8.4","8.3","9.2","8","8","9.1","8.2","8.3","7.7","8.3","8.5","7.2","7.8","8.5","7.6","7.9","7.5","7.7","8.2","7.3",
"남자","1월","전북","실적[건]","건","6639","7308","7080","6389","6920","6763","7713","7001","7673","7191","8102","7550","6783","6264","7250","5331","6350","5240","5306","5935","5038",
"남자","1월","전북","구성비[%]","%","7","8.2","9.3","7.8","7.6","7.2","8.5","7.6","8","8","8.5","8.6","7.8","7.6","8.9","7","8.3","7.6","7.3","7.9","6.5",
"남자","1월","광주·전남","실적[건]","건","9603","11793","11662","9762","10157","10995","10434","9950","10139","10557","11584","10195","10356","10808","10615","10600","11049","9375","9352","11019","9831",
"남자","1월","광주·전남","구성비[%]","%","7.3","8.2","9.3","7.4","7.4","8.4","8.5","8.2","7.6","7.6","8.2","7.7","7","7.7","7.5","8.3","8.7","7.5","7.3","8.4","7.9",
"남자","1월","경남","실적[건]","건","6526","5985","6760","7327","7562","7269","8016","7507","8839","8625","9330","9312","8266","8964","9481","7994","8003","6908","7546","8807","7586",
"남자","1월","경남","구성비[%]","%","7.4","6.8","9","8.7","8.1","7.6","8.7","7.9","8.5","7.7","8.8","9.3","8.2","8.7","9.4","8","8.4","7.5","7.6","8.5","7.6",
"남자","1월","제주","실적[건]","건","1732","1461","1496","1468","1628","2027","1552","1847","1797","1637","1990","1975","1713","2012","2094","1920","2789","2187","2210","2832","2574",
"남자","1월","제주","구성비[%]","%","6.9","6.2","7","6.3","6.5","8.2","7.1","9","8.4","7.1","7.7","8.3","6.7","8.3","8.5","6.6","9.5","7.5","6.8","8.3","7.9",
"남자","1월","대한적십자사 외","실적[건]","건","2572","2263","3156","4179","4896","6368","7364","7943","8603","9698","9848","10476","10357","11550","9820","8845","8578","9626","10565","12919","11087",
"남자","1월","대한적십자사 외","구성비[%]","%","6.1","5.2","6.8","6.6","6.1","6.3","6.9","6.9","6.8","7.4","7.3","7.4","7.2","8.6","7.7","7.2","7","6.8","6.5","8.4","7.9",
"남자","2월","합계","실적[건]","건","127904","148704","134053","115162","140547","136523","131040","159854","137357","156848","151639","149430","163498","155338","150156","147419","139236","129162","150883","155070","159239",
"남자","2월","합계","구성비[%]","%","7","8.3","8.4","6.6","7.5","7.2","7.2","8.4","6.7","7.3","7","7.2","7.7","7.4","7.4","7.7","7.3","6.9","7.5","7.5","8",
"남자","2월","대한적십자사","실적[건]","건","125064","145624","131127","111809","135077","130118","123400","150521","129670","148313","143057","140686","153601","145460","140922","137908","131262","120469","139468","143012","147208",
"남자","2월","대한적십자사","구성비[%]","%","7","8.3","8.5","6.7","7.5","7.2","7.2","8.4","6.8","7.4","7","7.3","7.7","7.4","7.4","7.7","7.4","6.9","7.6","7.5","7.9",
"남자","2월","서울중앙","실적[건]","건","12283","15011","12746","9840","11583","12503","","","","","","","","16125","15394","13906","11669","10855","12269","12775","13524",
"남자","2월","서울중앙","구성비[%]","%","7.2","8.6","9.3","6.7","7.8","7.2","","","","","","","","8.2","8.4","8.8","7.5","7","7.4","7.6","8.3",
"남자","2월","서울서부","실적[건]","건","8703","9182","10603","8275","11596","9770","13688","16606","14574","18571","16920","17840","16052","","","","","","","","",
"남자","2월","서울서부","구성비[%]","%","7.6","8","9","6.5","7.5","15","7.6","8.7","6.9","7.9","7.3","8.5","8","","","","","","","","",
"남자","2월","서울남부","실적[건]","건","9839","11041","11106","9763","10476","12180","11143","15145","11872","14163","11605","12029","14900","13013","12389","11344","10214","9184","10520","11869","11790",
"남자","2월","서울남부","구성비[%]","%","6.6","7.3","8.1","6.8","7.4","7.5","6.9","9.1","6.9","8.3","7","7.1","8","7.5","7.7","7.9","7.7","6.9","7.1","7.7","7.9",
"남자","2월","서울동부","실적[건]","건","10516","13936","13167","8361","10744","11242","13662","15859","13660","16163","15365","15426","17691","16973","14982","14466","12795","11351","14050","14361","13849",
"남자","2월","서울동부","구성비[%]","%","6.6","9.2","10.4","6.2","7.5","6.9","8","8.8","6.9","7.6","7.4","7.9","8.8","8.4","8","8.5","7.6","6.8","7.8","7.9","8.1",
"남자","2월","부산","실적[건]","건","9563","12099","9874","10010","11791","10460","10163","11743","10594","11228","10652","9518","9679","11006","10519","10456","9987","8699","10841","10251","10625",
"남자","2월","부산","구성비[%]","%","5.9","7.5","6.7","6.4","7.4","6.2","6.7","7.7","6.8","7.2","6.7","6.7","6.4","7","7","7.6","7.4","6.3","7.6","7.1","7.6",
"남자","2월","대구·경북","실적[건]","건","11130","11570","11062","8763","12427","10752","10410","12969","11639","12680","13639","12289","13140","12163","11842","9398","11211","11115","13245","12250","13012",
"남자","2월","대구·경북","구성비[%]","%","7.6","8.3","9.4","6.6","8.2","7.3","7.3","8.5","7","7.1","7.7","7.3","7.6","6.9","7.1","6.7","7","7","7.9","7","7.8",
"남자","2월","인천","실적[건]","건","6667","7614","7559","5705","6299","6343","8317","9745","7792","8758","9309","8241","10043","8570","8522","8770","8987","9468","10085","10441","11344",
"남자","2월","인천","구성비[%]","%","7.4","8.8","9.6","6.6","7","6.2","7.2","8.5","6.7","7","7.7","7.3","8.7","7.7","7.6","7.3","7.5","7.9","7.9","7.7","8.4",
"남자","2월","울산","실적[건]","건","3384","5626","3887","3485","4228","3819","3490","4675","4203","4553","4651","4818","4590","4347","4643","4727","4811","4063","5644","5850","5808",
"남자","2월","울산","구성비[%]","%","5.5","8.7","7.4","6.2","7.4","6.9","6.4","8.1","7","6.7","6.6","7.3","7","6.6","6.8","7.4","7.5","6.3","7.7","7.4","7.3",
"남자","2월","경기","실적[건]","건","9174","10064","8510","8083","9541","9057","9285","11583","9818","10778","10752","11146","11768","11376","12759","12979","12293","11990","13442","12977","13406",
"남자","2월","경기","구성비[%]","%","7.8","8.8","8.3","7.3","7.8","7.3","7.3","9","7","7.1","6.8","7.2","7.4","7.3","8","7.6","7.3","7.5","7.9","7.6","7.9",
"남자","2월","강원","실적[건]","건","5690","7137","5398","5172","5057","5329","4706","7219","7383","7485","7879","8952","10482","10444","9188","9167","8519","7148","8080","8172","9437",
"남자","2월","강원","구성비[%]","%","7.5","10.5","9.7","8.4","7.9","8","6.5","8.4","7.8","7.5","6.8","7.3","8.2","7.8","7.2","7.8","7.7","7.3","7.6","7.1","8.1",
"남자","2월","충북","실적[건]","건","4067","5392","4274","4065","5193","5422","5723","5931","4633","5283","5477","4242","5502","5429","5211","4653","5110","3873","4730","5018","4851",
"남자","2월","충북","구성비[%]","%","6.7","8.7","7.3","6.1","6.6","6.8","8","7.6","6.2","7.1","7.4","6.4","7.6","7.6","7.4","7.1","8","6.3","7.4","7.4","7.2",
"남자","2월","대전·세종·충남","실적[건]","건","10119","8656","10858","9243","10825","9702","10616","12151","10812","12501","12522","11951","12758","12544","11936","12879","12157","11428","11796","12886","13227",
"남자","2월","대전·세종·충남","구성비[%]","%","7.2","7.4","9.4","7","7.8","6.5","7.3","8","6.6","7.3","6.9","7","7.4","7","6.8","7.5","7.3","6.9","7","7.5","7.9",
"남자","2월","전북","실적[건]","건","6282","5966","5749","5151","5434","6733","6277","7315","6392","6292","5268","5639","6513","6018","5501","5164","5368","4719","4648","5499","5813",
"남자","2월","전북","구성비[%]","%","6.6","6.7","7.6","6.3","5.9","7.1","6.9","7.9","6.7","7","5.6","6.4","7.5","7.3","6.8","6.8","7","6.8","6.4","7.3","7.5",
"남자","2월","광주·전남","실적[건]","건","9470","13206","9475","8777","10191","8581","8342","10287","8306","9434","9748","9696","10617","9369","9602","9802","9591","8310","9928","10393","9937",
"남자","2월","광주·전남","구성비[%]","%","7.2","9.1","7.5","6.7","7.4","6.6","6.8","8.4","6.2","6.8","6.9","7.3","7.2","6.6","6.8","7.7","7.5","6.7","7.7","7.9","8",
"남자","2월","경남","실적[건]","건","6405","7357","5551","5348","7907","6562","6128","7759","6524","8837","7621","7267","7819","6553","6628","8222","6654","6254","7861","7643","8043",
"남자","2월","경남","구성비[%]","%","7.3","8.4","7.4","6.3","8.5","6.9","6.7","8.2","6.3","7.9","7.2","7.3","7.7","6.4","6.5","8.2","7","6.8","7.9","7.4","8",
"남자","2월","제주","실적[건]","건","1772","1767","1308","1768","1785","1663","1450","1534","1468","1587","1649","1632","2047","1530","1806","1975","1896","2012","2329","2627","2542",
"남자","2월","제주","구성비[%]","%","7.1","7.4","6.1","7.6","7.1","6.7","6.7","7.5","6.8","6.9","6.4","6.9","8","6.3","7.3","6.8","6.4","6.9","7.2","7.7","7.8",
"남자","2월","대한적십자사 외","실적[건]","건","2840","3080","2926","3353","5470","6405","7640","9333","7687","8535","8582","8744","9897","9878","9234","9511","7974","8693","11415","12058","12031",
"남자","2월","대한적십자사 외","구성비[%]","%","6.7","7","6.3","5.3","6.8","6.4","7.1","8.1","6.1","6.6","6.3","6.2","6.9","7.4","7.3","7.7","6.5","6.2","7","7.9","8.6",
"남자","3월","합계","실적[건]","건","158385","164826","129679","138722","153764","159882","158619","157070","172495","186062","186387","181407","188460","190658","175514","158505","171347","137215","172351","166827","170275",
"남자","3월","합계","구성비[%]","%","8.6","9.2","8.1","8","8.2","8.4","8.7","8.2","8.5","8.7","8.6","8.8","8.8","9","8.6","8.3","9","7.3","8.6","8.1","8.5",
"남자","3월","대한적십자사","실적[건]","건","154151","160293","125926","133596","147863","151342","149389","148317","161656","175118","175071","169921","176038","180312","164895","145589","160396","127590","158398","154799","158411",
"남자","3월","대한적십자사","구성비[%]","%","8.6","9.2","8.1","8","8.2","8.4","8.7","8.3","8.5","8.7","8.6","8.8","8.9","9.1","8.6","8.1","9.1","7.4","8.6","8.1","8.5",
"남자","3월","서울중앙","실적[건]","건","15558","16657","12451","12347","12121","13147","","","","","","","","18754","16431","11544","13499","10930","14403","14184","13749",
"남자","3월","서울중앙","구성비[%]","%","9.2","9.5","9.1","8.4","8.2","7.6","","","","","","","","9.6","9","7.3","8.7","7","8.7","8.4","8.5",
"남자","3월","서울서부","실적[건]","건","9824","10747","9845","10323","13254","10869","15447","16134","17498","20356","19340","20097","18191","","","","","","","","",
"남자","3월","서울서부","구성비[%]","%","8.6","9.4","8.4","8.1","8.6","16.7","8.6","8.4","8.3","8.7","8.3","9.5","9","","","","","","","","",
"남자","3월","서울남부","실적[건]","건","12326","14432","11064","12091","10362","12798","13812","13212","14054","15255","14223","14043","15957","16379","13936","13158","11926","9537","12796","12231","12786",
"남자","3월","서울남부","구성비[%]","%","8.2","9.5","8.1","8.4","7.3","7.9","8.6","7.9","8.2","9","8.6","8.3","8.6","9.4","8.7","9.1","9","7.2","8.7","8","8.6",
"남자","3월","서울동부","실적[건]","건","15210","11410","9216","10747","11582","11961","14511","14992","15619","18792","18654","17555","18042","19062","16488","16063","15106","12400","17462","15052","15159",
"남자","3월","서울동부","구성비[%]","%","9.6","7.6","7.3","8","8.1","7.4","8.5","8.3","7.9","8.8","9","9","9","9.5","8.9","9.4","9","7.4","9.7","8.3","8.8",
"남자","3월","부산","실적[건]","건","13703","14804","11106","11861","12526","14090","13837","14440","14309","14073","14440","13394","13781","15506","13425","9713","12915","10160","11595","12219","11830",
"남자","3월","부산","구성비[%]","%","8.4","9.2","7.5","7.5","7.8","8.4","9.2","9.5","9.1","9","9.1","9.4","9.1","9.9","9","7","9.5","7.4","8.1","8.5","8.5",
"남자","3월","대구·경북","실적[건]","건","12810","13624","10564","11057","13143","13045","12179","12219","13772","15314","15334","14562","14869","14993","14025","7719","13717","12104","13702","13612","14527",
"남자","3월","대구·경북","구성비[%]","%","8.7","9.7","9","8.4","8.7","8.9","8.6","8","8.3","8.6","8.6","8.6","8.6","8.5","8.4","5.5","8.6","7.6","8.2","7.8","8.7",
"남자","3월","인천","실적[건]","건","8222","8379","5442","6297","8035","8460","10376","9620","10082","10265","10387","9341","10469","10400","9110","10363","9708","8919","10223","11063","10836",
"남자","3월","인천","구성비[%]","%","9.1","9.6","6.9","7.3","8.9","8.2","9","8.4","8.6","8.3","8.6","8.2","9","9.4","8.1","8.7","8.1","7.4","8","8.2","8",
"남자","3월","울산","실적[건]","건","5186","5888","4121","3903","4539","3867","4225","4392","5064","6045","6321","5632","6198","5438","5969","5025","5658","4104","5956","6309","7279",
"남자","3월","울산","구성비[%]","%","8.4","9.1","7.8","7","7.9","7","7.8","7.6","8.4","8.9","9","8.6","9.4","8.2","8.7","7.9","8.9","6.4","8.1","8","9.2",
"남자","3월","경기","실적[건]","건","9173","10837","7918","8809","9268","9748","11008","10884","12371","13195","13729","13478","14146","13936","13055","13607","14695","12254","14334","14058","14305",
"남자","3월","경기","구성비[%]","%","7.8","9.4","7.7","8","7.6","7.9","8.7","8.5","8.8","8.7","8.6","8.7","8.9","8.9","8.2","7.9","8.7","7.7","8.5","8.2","8.4",
"남자","3월","강원","실적[건]","건","6466","7383","4529","4920","5960","5799","5913","7790","8026","8319","10285","10526","11237","11982","11265","10891","10958","7941","9446","10290","9706",
"남자","3월","강원","구성비[%]","%","8.6","10.9","8.1","8","9.3","8.7","8.2","9.1","8.4","8.3","8.8","8.6","8.8","8.9","8.8","9.3","10","8.1","8.9","9","8.3",
"남자","3월","충북","실적[건]","건","5461","5562","4987","5302","6279","6517","6366","6431","6780","6341","6426","5468","6160","6580","6068","5821","6355","4522","5875","5279","5760",
"남자","3월","충북","구성비[%]","%","9","9","8.5","7.9","8","8.1","8.9","8.2","9","8.5","8.7","8.2","8.6","9.2","8.6","8.8","10","7.4","9.2","7.8","8.5",
"남자","3월","대전·세종·충남","실적[건]","건","13823","10473","9752","10775","11498","12211","12612","12177","14133","15883","15497","15245","15415","15635","14690","12964","15860","11894","15131","13097","14101",
"남자","3월","대전·세종·충남","구성비[%]","%","9.8","9","8.4","8.1","8.2","8.2","8.7","8","8.6","9.3","8.6","8.9","8.9","8.8","8.3","7.6","9.5","7.2","9","7.6","8.4",
"남자","3월","전북","실적[건]","건","7257","7722","5975","5943","7939","7626","8759","7257","8892","7832","7072","7578","6619","7242","7431","6240","6752","4986","6468","6464","6209",
"남자","3월","전북","구성비[%]","%","7.6","8.7","7.9","7.3","8.7","8.1","9.6","7.9","9.3","8.7","7.5","8.6","7.6","8.8","9.1","8.2","8.9","7.2","8.9","8.6","8",
"남자","3월","광주·전남","실적[건]","건","10395","11120","10336","10295","10833","10971","10688","9024","11146","12126","11554","12013","12839","12615","11816","11232","12034","9039","10363","10139","11162",
"남자","3월","광주·전남","구성비[%]","%","7.9","7.7","8.2","7.8","7.9","8.4","8.7","7.4","8.3","8.7","8.1","9","8.7","8.9","8.3","8.8","9.4","7.2","8","7.7","9",
"남자","3월","경남","실적[건]","건","6601","8968","6964","6993","8579","8272","8036","7998","8292","9500","9613","9024","9555","9560","9277","8685","8650","6731","7948","8086","8303",
"남자","3월","경남","구성비[%]","%","7.5","10.2","9.2","8.3","9.2","8.7","8.7","8.4","8","8.5","9","9","9.4","9.3","9.1","8.6","9.1","7.3","8","7.8","8.3",
"남자","3월","제주","실적[건]","건","2136","2287","1656","1933","1945","1961","1620","1747","1618","1822","2196","1965","2560","2230","1909","2564","2563","2069","2696","2716","2699",
"남자","3월","제주","구성비[%]","%","8.6","9.6","7.7","8.3","7.8","7.9","7.5","8.5","7.5","7.9","8.5","8.3","10","9.2","7.7","8.8","8.7","7.1","8.3","8","8.3",
"남자","3월","대한적십자사 외","실적[건]","건","4234","4533","3753","5126","5901","8540","9230","8753","10839","10944","11316","11486","12422","10346","10619","12916","10951","9625","13953","12028","11864",
"남자","3월","대한적십자사 외","구성비[%]","%","10.1","10.4","8.1","8.1","7.3","8.5","8.6","7.6","8.6","8.4","8.3","8.2","8.7","7.7","8.3","10.5","8.9","6.8","8.5","7.8","8.5",
"남자","4월","합계","실적[건]","건","156055","153485","134743","143287","161756","160424","158675","158261","175954","176531","178722","172487","170862","171745","169332","146737","158879","154423","161073","167602","166427",
"남자","4월","합계","구성비[%]","%","8.5","8.6","8.5","8.2","8.6","8.5","8.7","8.3","8.6","8.3","8.3","8.3","8","8.2","8.3","7.7","8.4","8.2","8","8.1","8.3",
"남자","4월","대한적십자사","실적[건]","건","152362","149977","131353","138040","154767","152753","149657","148515","164654","166004","167062","159691","159017","160889","159926","137687","149200","143738","147320","154948","154924",
"남자","4월","대한적십자사","구성비[%]","%","8.5","8.6","8.5","8.2","8.6","8.5","8.7","8.3","8.6","8.3","8.2","8.3","8","8.2","8.4","7.7","8.4","8.3","8","8.1","8.3",
"남자","4월","서울중앙","실적[건]","건","12997","14329","11112","11339","12180","12528","","","","","","","","15027","14027","13182","12568","13119","12522","13066","12624",
"남자","4월","서울중앙","구성비[%]","%","7.7","8.2","8.1","7.7","8.2","7.3","","","","","","","","7.7","7.7","8.4","8.1","8.4","7.6","7.8","7.8",
"남자","4월","서울서부","실적[건]","건","8690","9879","10079","9631","11853","10692","14266","16002","17424","18909","19158","16837","14363","","","","","","","","",
"남자","4월","서울서부","구성비[%]","%","7.6","8.7","8.6","7.5","7.7","16.4","8","8.3","8.3","8","8.3","8","7.1","","","","","","","","",
"남자","4월","서울남부","실적[건]","건","12562","13127","12094","12951","12080","11316","13087","13368","13452","14220","13981","13063","14802","14968","13246","11352","11402","10818","11764","12116","12337",
"남자","4월","서울남부","구성비[%]","%","8.4","8.7","8.9","9","8.5","7","8.2","8","7.8","8.4","8.4","7.7","8","8.6","8.3","7.9","8.6","8.1","8","7.9","8.3",
"남자","4월","서울동부","실적[건]","건","13426","12653","10024","10249","11219","11252","12955","12990","15631","16012","15660","15451","15091","15114","14427","15276","14589","13463","14095","14383","13432",
"남자","4월","서울동부","구성비[%]","%","8.5","8.4","7.9","7.6","7.9","6.9","7.6","7.2","7.9","7.5","7.6","7.9","7.5","7.5","7.7","8.9","8.7","8.1","7.8","7.9","7.8",
"남자","4월","부산","실적[건]","건","14938","14314","12505","13767","16451","16617","14837","11999","13733","12738","13249","12484","13547","12521","13083","10277","11072","11238","11410","11714","11581",
"남자","4월","부산","구성비[%]","%","9.2","8.9","8.5","8.7","10.3","9.9","9.8","7.9","8.8","8.1","8.4","8.7","8.9","8","8.7","7.4","8.2","8.1","8","8.1","8.3",
"남자","4월","대구·경북","실적[건]","건","12731","13479","11784","11396","12651","13166","12441","13676","15106","15183","14272","14501","13477","14317","14309","8239","13600","13146","14080","13928","13753",
"남자","4월","대구·경북","구성비[%]","%","8.7","9.6","10.1","8.6","8.3","9","8.7","9","9.1","8.5","8","8.6","7.8","8.1","8.6","5.9","8.5","8.3","8.4","8","8.2",
"남자","4월","인천","실적[건]","건","7548","6065","6994","7116","7411","7904","9879","9829","9031","9047","9664","9286","9474","8749","8719","10152","9831","10058","9688","10883","11263",
"남자","4월","인천","구성비[%]","%","8.3","7","8.8","8.2","8.2","7.7","8.6","8.6","7.7","7.3","8","8.2","8.2","7.9","7.8","8.5","8.2","8.4","7.6","8","8.3",
"남자","4월","울산","실적[건]","건","5233","5370","3990","4598","4999","5173","4961","5008","5637","5783","5533","5367","5200","5779","5987","4577","5557","5260","6362","6437","6722",
"남자","4월","울산","구성비[%]","%","8.5","8.3","7.6","8.2","8.7","9.4","9.1","8.7","9.3","8.5","7.9","8.2","7.9","8.8","8.7","7.2","8.7","8.2","8.6","8.1","8.5",
"남자","4월","경기","실적[건]","건","10478","10212","7600","9481","10097","9940","10506","10178","11743","12294","12863","13559","12988","12958","13628","12510","13808","13697","12642","13722","14285",
"남자","4월","경기","구성비[%]","%","8.9","8.9","7.4","8.6","8.3","8","8.3","7.9","8.4","8.1","8.1","8.8","8.1","8.3","8.6","7.3","8.2","8.6","7.5","8","8.4",
"남자","4월","강원","실적[건]","건","6519","6044","4997","4674","5800","5604","6122","7530","8435","8591","9417","10220","10153","11068","10707","9611","8976","8076","8818","9450","9850",
"남자","4월","강원","구성비[%]","%","8.6","8.9","9","7.6","9","8.4","8.5","8.8","8.9","8.6","8.1","8.4","8","8.2","8.4","8.2","8.2","8.2","8.3","8.2","8.4",
"남자","4월","충북","실적[건]","건","5256","5025","4802","5659","6869","6849","7117","6482","6202","6260","5877","5384","5979","6289","5943","5229","5760","4782","5016","6052","6048",
"남자","4월","충북","구성비[%]","%","8.7","8.1","8.2","8.4","8.7","8.6","9.9","8.3","8.3","8.4","8","8.1","8.3","8.8","8.5","7.9","9","7.8","7.9","9","8.9",
"남자","4월","대전·세종·충남","실적[건]","건","12666","9687","9112","10330","11748","12293","12807","12917","14138","13569","14654","13973","14808","14254","14640","12844","14399","14095","14567","14113","14585",
"남자","4월","대전·세종·충남","구성비[%]","%","9","8.3","7.9","7.8","8.4","8.2","8.8","8.5","8.6","7.9","8.1","8.2","8.5","8","8.3","7.5","8.6","8.5","8.7","8.2","8.7",
"남자","4월","전북","실적[건]","건","8411","7800","7313","6929","8129","8474","8791","7903","9851","9201","9872","7535","7267","6985","6223","5440","6246","5604","5373","6414","7023",
"남자","4월","전북","구성비[%]","%","8.8","8.8","9.7","8.5","8.9","9","9.7","8.6","10.3","10.2","10.4","8.6","8.3","8.5","7.7","7.1","8.2","8.1","7.4","8.5","9.1",
"남자","4월","광주·전남","실적[건]","건","12335","12094","10831","10535","13488","11239","12179","10869","13278","12377","11810","11404","11770","12558","14633","9221","10466","10184","10729","10684","9780",
"남자","4월","광주·전남","구성비[%]","%","9.3","8.4","8.6","8","9.8","8.6","9.9","8.9","9.9","8.9","8.3","8.6","8","8.9","10.3","7.2","8.2","8.2","8.3","8.2","7.9",
"남자","4월","경남","실적[건]","건","6680","8147","5897","7067","7249","7512","7454","7765","9134","9649","8595","8538","8038","8248","8272","7492","8042","8017","7618","8905","8926",
"남자","4월","경남","구성비[%]","%","7.6","9.3","7.8","8.4","7.7","7.9","8.1","8.2","8.8","8.7","8.1","8.5","7.9","8","8.2","7.5","8.5","8.7","7.7","8.6","8.9",
"남자","4월","제주","실적[건]","건","1892","1752","2219","2318","2543","2194","2255","1999","1859","2171","2457","2089","2060","2054","2082","2285","2884","2181","2636","3081","2715",
"남자","4월","제주","구성비[%]","%","7.6","7.4","10.3","10","10.2","8.9","10.4","9.7","8.6","9.4","9.6","8.8","8","8.5","8.4","7.9","9.8","7.5","8.1","9","8.4",
"남자","4월","대한적십자사 외","실적[건]","건","3693","3508","3390","5247","6989","7671","9018","9746","11300","10527","11660","12796","11845","10856","9406","9050","9679","10685","13753","12654","11503",
"남자","4월","대한적십자사 외","구성비[%]","%","8.8","8","7.3","8.3","8.7","7.6","8.4","8.5","8.9","8.1","8.6","9.1","8.3","8.1","7.4","7.3","7.9","7.6","8.4","8.2","8.2",
"남자","5월","합계","실적[건]","건","165864","165902","150032","151533","175012","172098","170271","177829","177399","194745","190716","176990","196491","189225","178042","165974","165241","174230","173579","175513","173402",
"남자","5월","합계","구성비[%]","%","9.1","9.3","9.4","8.7","9.3","9.1","9.3","9.3","8.7","9.1","8.8","8.6","9.2","9","8.7","8.7","8.7","9.3","8.6","8.5","8.7",
"남자","5월","대한적십자사","실적[건]","건","161559","161391","145681","144496","166234","160590","158707","166036","163213","180439","178059","163562","182311","176418","166770","155684","154316","160577","157899","162484","161299",
"남자","5월","대한적십자사","구성비[%]","%","9","9.2","9.4","8.6","9.2","8.9","9.2","9.3","8.5","9","8.8","8.5","9.2","8.9","8.7","8.7","8.7","9.3","8.6","8.5","8.7",
"남자","5월","서울중앙","실적[건]","건","14086","16145","12346","12280","12665","13169","","","","","","","","16767","15010","14771","13158","13715","13768","14482","13913",
"남자","5월","서울중앙","구성비[%]","%","8.3","9.3","9","8.3","8.6","7.6","","","","","","","","8.6","8.2","9.4","8.5","8.8","8.3","8.6","8.6",
"남자","5월","서울서부","실적[건]","건","9642","10181","10148","10367","14153","11682","16597","17995","18586","21069","20715","18959","19455","","","","","","","","",
"남자","5월","서울서부","구성비[%]","%","8.5","8.9","8.6","8.1","9.1","17.9","9.3","9.4","8.9","9","8.9","9","9.6","","","","","","","","",
"남자","5월","서울남부","실적[건]","건","14679","14076","13391","11866","13919","13194","14004","15503","13933","14663","14151","13137","15708","14415","14339","12313","11946","12537","12404","13167","13121",
"남자","5월","서울남부","구성비[%]","%","9.8","9.3","9.8","8.3","9.8","8.1","8.7","9.3","8.1","8.6","8.5","7.8","8.5","8.3","8.9","8.5","9","9.4","8.4","8.6","8.8",
"남자","5월","서울동부","실적[건]","건","12347","13475","11007","10689","12479","13155","14986","15986","16422","18617","17505","15443","17139","17434","16334","13675","14066","15502","14758","14605","14266",
"남자","5월","서울동부","구성비[%]","%","7.8","8.9","8.7","8","8.7","8.1","8.8","8.8","8.3","8.7","8.5","7.9","8.5","8.7","8.8","8","8.4","9.3","8.2","8.1","8.3",
"남자","5월","부산","실적[건]","건","16904","15896","16673","15486","16958","16529","15877","16787","14200","14676","14083","12552","14066","14372","14215","12459","12532","14584","12932","13051","12909",
"남자","5월","부산","구성비[%]","%","10.4","9.9","11.3","9.8","10.6","9.9","10.5","11","9.1","9.3","8.9","8.8","9.3","9.2","9.5","9","9.2","10.6","9.1","9","9.3",
"남자","5월","대구·경북","실적[건]","건","12818","13640","11144","12305","13826","11916","12022","13652","13584","16541","15779","14148","16769","15432","14429","11079","13619","14788","15310","14905","15114",
"남자","5월","대구·경북","구성비[%]","%","8.7","9.8","9.5","9.3","9.1","8.1","8.4","9","8.2","9.3","8.9","8.4","9.7","8.7","8.6","8","8.6","9.3","9.1","8.5","9",
"남자","5월","인천","실적[건]","건","6799","6527","7237","7076","9291","7594","10615","9489","10184","11332","11299","9088","10026","9378","8901","10703","9813","10388","11044","11451","10859",
"남자","5월","인천","구성비[%]","%","7.5","7.5","9.1","8.2","10.3","7.4","9.2","8.3","8.7","9.1","9.3","8","8.7","8.5","7.9","9","8.2","8.7","8.7","8.4","8",
"남자","5월","울산","실적[건]","건","5852","5833","4971","4517","4902","4198","5376","5515","5514","6747","6718","5948","6172","6368","6370","5780","5794","6112","6016","7029","6886",
"남자","5월","울산","구성비[%]","%","9.5","9","9.4","8.1","8.5","7.6","9.9","9.5","9.1","9.9","9.6","9.1","9.4","9.6","9.3","9.1","9.1","9.5","8.2","8.9","8.7",
"남자","5월","경기","실적[건]","건","10254","10544","9468","8385","10335","10745","11343","11435","11475","13846","13776","12822","14567","13146","13283","14470","15086","14174","14262","14371","14697",
"남자","5월","경기","구성비[%]","%","8.7","9.2","9.2","7.6","8.4","8.7","9","8.9","8.2","9.1","8.6","8.3","9.1","8.4","8.4","8.5","8.9","8.9","8.4","8.4","8.7",
"남자","5월","강원","실적[건]","건","6353","5727","4580","5031","5051","4424","5976","6377","7634","8525","9199","10088","11008","10977","11111","10348","9869","8715","8822","8880","9899",
"남자","5월","강원","구성비[%]","%","8.4","8.5","8.2","8.2","7.9","6.7","8.3","7.4","8","8.5","7.9","8.3","8.6","8.1","8.7","8.8","9","8.9","8.3","7.7","8.5",
"남자","5월","충북","실적[건]","건","5903","5962","5642","6115","6889","7852","6702","7366","6568","6639","6334","5498","5930","6165","6131","5633","5164","5574","5341","6067","6056",
"남자","5월","충북","구성비[%]","%","9.7","9.7","9.7","9.1","8.7","9.8","9.3","9.4","8.8","8.9","8.6","8.2","8.2","8.6","8.7","8.5","8.1","9.1","8.4","9","8.9",
"남자","5월","대전·세종·충남","실적[건]","건","13561","10525","10077","11268","12458","12582","13347","13662","13461","14565","14901","14706","15880","16790","16719","15523","14967","14859","14492","14433","14955",
"남자","5월","대전·세종·충남","구성비[%]","%","9.6","9","8.7","8.5","8.9","8.4","9.2","9","8.2","8.5","8.2","8.6","9.2","9.4","9.5","9","9","9","8.6","8.4","8.9",
"남자","5월","전북","실적[건]","건","8391","8774","6554","7177","8983","9191","9349","9376","8391","8185","8859","7881","9914","7297","7258","6321","6813","6814","6456","6896","6978",
"남자","5월","전북","구성비[%]","%","8.8","9.9","8.7","8.8","9.8","9.7","10.3","10.2","8.8","9.1","9.3","9","11.4","8.8","8.9","8.3","8.9","9.8","8.9","9.2","9",
"남자","5월","광주·전남","실적[건]","건","12354","14592","13249","12737","14292","13134","11451","12098","12217","12736","12921","12411","14227","15281","12182","11129","10685","11465","11090","11322","10693",
"남자","5월","광주·전남","구성비[%]","%","9.4","10.1","10.5","9.7","10.4","10.1","9.3","9.9","9.1","9.1","9.1","9.3","9.6","10.8","8.6","8.7","8.4","9.2","8.6","8.6","8.6",
"남자","5월","경남","실적[건]","건","9334","7406","7069","6925","7969","8995","8815","8876","9301","10152","9479","8593","9127","10166","8129","8767","8444","8559","8363","9061","7998",
"남자","5월","경남","구성비[%]","%","10.6","8.5","9.4","8.2","8.5","9.4","9.6","9.4","9","9.1","8.9","8.6","9","9.9","8","8.7","8.9","9.3","8.4","8.8","8",
"남자","5월","제주","실적[건]","건","2282","2088","2125","2272","2064","2230","2247","1919","1743","2146","2340","2288","2323","2430","2359","2713","2360","2791","2841","2764","2955",
"남자","5월","제주","구성비[%]","%","9.1","8.8","9.9","9.8","8.3","9","10.4","9.4","8.1","9.3","9.1","9.6","9","10","9.6","9.3","8","9.6","8.7","8.1","9.1",
"남자","5월","대한적십자사 외","실적[건]","건","4305","4511","4351","7037","8778","11508","11564","11793","14186","14306","12657","13428","14180","12807","11272","10290","10925","13653","15680","13029","12103",
"남자","5월","대한적십자사 외","구성비[%]","%","10.2","10.3","9.4","11.1","10.9","11.4","10.8","10.2","11.2","11","9.3","9.5","9.9","9.5","8.9","8.3","8.9","9.7","9.6","8.5","8.6",
"남자","6월","합계","실적[건]","건","154675","153498","134467","142278","163487","161156","144941","150845","164188","167143","173529","162195","170532","165865","163572","167496","151584","151593","167938","168540","166755",
"남자","6월","합계","구성비[%]","%","8.4","8.6","8.4","8.2","8.7","8.5","7.9","7.9","8.1","7.8","8","7.8","8","7.9","8","8.7","8","8.1","8.4","8.2","8.3",
"남자","6월","대한적십자사","실적[건]","건","150670","150726","131038","136877","155853","153055","136285","141283","153539","155541","162726","150010","159477","154958","152614","157459","141072","140116","153091","156669","154871",
"남자","6월","대한적십자사","구성비[%]","%","8.4","8.6","8.5","8.2","8.7","8.5","7.9","7.9","8","7.7","8","7.8","8","7.9","8","8.8","8","8.1","8.3","8.2","8.3",
"남자","6월","서울중앙","실적[건]","건","13739","14383","11790","12072","12228","13003","","","","","","","","15267","15120","14497","12837","12060","14156","13602","13857",
"남자","6월","서울중앙","구성비[%]","%","8.1","8.2","8.6","8.2","8.3","7.5","","","","","","","","7.8","8.3","9.2","8.3","7.8","8.5","8.1","8.5",
"남자","6월","서울서부","실적[건]","건","9394","9538","9911","9579","13256","10179","14019","15008","17020","18580","18274","15702","15613","","","","","","","","",
"남자","6월","서울서부","구성비[%]","%","8.3","8.4","8.4","7.5","8.6","15.6","7.8","7.8","8.1","7.9","7.9","7.4","7.7","","","","","","","","",
"남자","6월","서울남부","실적[건]","건","13688","12093","12263","11563","12154","13855","12998","13193","14808","13625","13482","12646","14448","13777","12323","12712","11116","11044","12709","12666","12778",
"남자","6월","서울남부","구성비[%]","%","9.1","8","9","8.1","8.6","8.6","8.1","7.9","8.6","8","8.1","7.5","7.8","7.9","7.7","8.8","8.4","8.3","8.6","8.3","8.6",
"남자","6월","서울동부","실적[건]","건","12983","13631","9564","10076","12516","12368","11983","14242","16419","16149","15941","14034","15908","15011","13957","16765","14127","13110","14323","14842","14146",
"남자","6월","서울동부","구성비[%]","%","8.2","9","7.5","7.5","8.8","7.6","7","7.9","8.3","7.6","7.7","7.2","7.9","7.5","7.5","9.8","8.4","7.9","7.9","8.2","8.2",
"남자","6월","부산","실적[건]","건","14641","12955","13459","12515","13193","13052","11070","11181","12499","11790","12212","10792","12041","12867","12214","12187","10213","11569","11293","11842","11474",
"남자","6월","부산","구성비[%]","%","9","8.1","9.1","8","8.2","7.8","7.3","7.3","8","7.5","7.7","7.5","7.9","8.2","8.2","8.8","7.5","8.4","7.9","8.2","8.2",
"남자","6월","대구·경북","실적[건]","건","10954","12063","8929","9898","11678","11703","11166","10837","11407","12202","13501","12328","13848","14260","13731","11527","12807","12702","13292","14310","13557",
"남자","6월","대구·경북","구성비[%]","%","7.5","8.6","7.6","7.5","7.7","8","7.8","7.1","6.9","6.8","7.6","7.3","8","8.1","8.2","8.3","8","8","7.9","8.2","8.1",
"남자","6월","인천","실적[건]","건","8092","7876","6900","7251","7820","8633","9913","8827","9259","10060","10000","8944","9059","8383","9374","10152","8883","9530","10269","11072","11187",
"남자","6월","인천","구성비[%]","%","8.9","9.1","8.7","8.4","8.7","8.4","8.6","7.7","7.9","8.1","8.2","7.9","7.8","7.6","8.4","8.5","7.4","7.9","8.1","8.2","8.2",
"남자","6월","울산","실적[건]","건","5102","6343","4929","5393","5721","5264","4478","4612","4867","5160","5879","5201","5818","5365","5627","5877","4978","5110","6095","6569","6691",
"남자","6월","울산","구성비[%]","%","8.3","9.8","9.4","9.6","10","9.6","8.2","8","8.1","7.6","8.4","7.9","8.8","8.1","8.2","9.2","7.8","8","8.3","8.3","8.5",
"남자","6월","경기","실적[건]","건","9088","10872","8851","9125","11412","10629","10531","10372","11975","12698","11801","11713","12680","12144","12840","14904","13124","12299","13433","13702","13902",
"남자","6월","경기","구성비[%]","%","7.7","9.5","8.6","8.3","9.3","8.6","8.3","8.1","8.5","8.4","7.4","7.6","7.9","7.8","8.1","8.7","7.8","7.7","7.9","8","8.2",
"남자","6월","강원","실적[건]","건","5871","5783","4233","5407","4470","5082","5596","6938","6627","7286","9638","10284","10439","11271","10269","10107","8724","8519","9676","9443","9280",
"남자","6월","강원","구성비[%]","%","7.8","8.5","7.6","8.8","7","7.7","7.7","8.1","7","7.3","8.3","8.4","8.2","8.4","8.1","8.6","7.9","8.7","9.1","8.2","7.9",
"남자","6월","충북","실적[건]","건","5300","4887","4700","4890","6775","6352","5634","5941","5745","5685","6741","5865","5716","5381","5598","5487","4831","5202","5737","5373","6030",
"남자","6월","충북","구성비[%]","%","8.7","7.9","8.1","7.3","8.6","7.9","7.8","7.6","7.7","7.6","9.2","8.8","7.9","7.5","8","8.3","7.6","8.5","9","8","8.9",
"남자","6월","대전·세종·충남","실적[건]","건","12348","10110","9037","10687","12127","12701","12024","11710","12912","13618","14036","13434","13386","13831","13929","14082","12850","13132","14080","13810","12739",
"남자","6월","대전·세종·충남","구성비[%]","%","8.8","8.7","7.8","8","8.7","8.5","8.3","7.7","7.9","8","7.8","7.8","7.7","7.7","7.9","8.2","7.7","8","8.4","8.1","7.6",
"남자","6월","전북","실적[건]","건","8149","8073","6012","7298","8368","8299","7702","8660","8074","6784","7315","7851","7231","6452","6726","6893","6554","5331","6093","6402","6302",
"남자","6월","전북","구성비[%]","%","8.5","9.1","7.9","8.9","9.1","8.8","8.5","9.4","8.4","7.6","7.7","9","8.3","7.8","8.3","9","8.6","7.7","8.4","8.5","8.2",
"남자","6월","광주·전남","실적[건]","건","11111","11922","11126","12825","13209","11747","9785","10915","11350","11472","12295","11262","12797","10898","10973","11376","9803","10437","10501","11208","10902",
"남자","6월","광주·전남","구성비[%]","%","8.4","8.3","8.8","9.7","9.6","9","7.9","9","8.5","8.2","8.7","8.5","8.7","7.7","7.7","8.9","7.7","8.4","8.1","8.6","8.8",
"남자","6월","경남","실적[건]","건","7765","7692","7486","6706","8249","7779","7752","7472","8665","8685","9225","7734","8358","8116","7846","8445","7830","7728","8524","9150","9103",
"남자","6월","경남","구성비[%]","%","8.8","8.8","9.9","7.9","8.8","8.1","8.4","7.9","8.4","7.8","8.7","7.7","8.2","7.9","7.7","8.4","8.2","8.4","8.6","8.9","9.1",
"남자","6월","제주","실적[건]","건","2445","2505","1848","1592","2677","2409","1634","1375","1912","1747","2386","2220","2135","1935","2087","2448","2395","2343","2910","2678","2923",
"남자","6월","제주","구성비[%]","%","9.8","10.5","8.6","6.9","10.7","9.8","7.5","6.7","8.9","7.5","9.3","9.4","8.3","8","8.5","8.4","8.1","8.1","8.9","7.8","9",
"남자","6월","대한적십자사 외","실적[건]","건","4005","2772","3429","5401","7634","8101","8656","9562","10649","11602","10803","12185","11055","10907","10958","10037","10512","11477","14847","11871","11884",
"남자","6월","대한적십자사 외","구성비[%]","%","9.5","6.3","7.4","8.5","9.5","8.1","8.1","8.3","8.4","8.9","8","8.7","7.7","8.1","8.6","8.1","8.5","8.1","9.1","7.7","8.5",
"남자","7월","합계","실적[건]","건","153434","148515","134561","153865","167215","168457","152085","168454","182948","197573","194417","175436","191472","181998","174832","168603","153311","155645","168535","179193","175947",
"남자","7월","합계","구성비[%]","%","8.4","8.3","8.5","8.8","8.9","8.9","8.3","8.8","9","9.2","9","8.5","9","8.6","8.6","8.8","8.1","8.3","8.4","8.7","8.8",
"남자","7월","대한적십자사","실적[건]","건","150419","145725","131028","148464","160953","160034","143090","157914","172194","186752","182653","162653","178544","169335","163999","157097","141927","142733","154357","165708","163859",
"남자","7월","대한적십자사","구성비[%]","%","8.4","8.3","8.5","8.8","8.9","8.9","8.3","8.8","9","9.3","9","8.4","9","8.6","8.6","8.8","8","8.2","8.4","8.7","8.8",
"남자","7월","서울중앙","실적[건]","건","14313","14840","11719","12683","12346","16576","","","","","","","","16762","15038","13067","12108","13062","13978","13650","13607",
"남자","7월","서울중앙","구성비[%]","%","8.4","8.5","8.5","8.6","8.3","9.6","","","","","","","","8.6","8.2","8.3","7.8","8.4","8.4","8.1","8.4",
"남자","7월","서울서부","실적[건]","건","9438","8978","10389","11055","14612","-","14500","17230","18127","22263","20449","17811","17567","","","","","","","","",
"남자","7월","서울서부","구성비[%]","%","8.3","7.9","8.8","8.7","9.4","-","8.1","9","8.6","9.5","8.8","8.4","8.7","","","","","","","","",
"남자","7월","서울남부","실적[건]","건","10572","11428","11805","12947","13715","16712","13332","14623","15790","15720","14935","12997","17413","15424","13670","12770","9706","11572","12598","12792","12982",
"남자","7월","서울남부","구성비[%]","%","7","7.5","8.7","9","9.7","10.3","8.3","8.8","9.2","9.2","9","7.7","9.4","8.9","8.5","8.8","7.3","8.7","8.6","8.4","8.7",
"남자","7월","서울동부","실적[건]","건","13583","13896","9692","12401","12671","15440","14504","17195","19080","21446","18402","16013","18574","16980","15565","13169","12500","13191","14641","15245","14972",
"남자","7월","서울동부","구성비[%]","%","8.6","9.2","7.6","9.2","8.9","9.5","8.5","9.5","9.6","10.1","8.9","8.2","9.2","8.4","8.4","7.7","7.5","7.9","8.1","8.4","8.7",
"남자","7월","부산","실적[건]","건","13862","14007","13242","12827","13047","14683","12831","12867","13916","14031","13982","12564","14978","13724","12673","12803","11246","11682","11901","12199","11359",
"남자","7월","부산","구성비[%]","%","8.5","8.7","9","8.1","8.1","8.8","8.5","8.4","8.9","8.9","8.8","8.8","9.9","8.8","8.5","9.3","8.3","8.5","8.4","8.5","8.2",
"남자","7월","대구·경북","실적[건]","건","12836","11696","9011","10965","13455","12803","12072","12166","14874","15966","16975","13928","14750","14608","15014","12140","12199","10496","13492","14927","14817",
"남자","7월","대구·경북","구성비[%]","%","8.7","8.4","7.7","8.3","8.9","8.7","8.5","8","9","8.9","9.6","8.3","8.5","8.3","9","8.7","7.7","6.6","8.1","8.5","8.8",
"남자","7월","인천","실적[건]","건","7509","6447","6562","7369","8348","10338","10037","10280","11238","12860","10895","9834","10141","9404","9386","10630","9508","10235","11284","12309","12253",
"남자","7월","인천","구성비[%]","%","8.3","7.4","8.3","8.5","9.3","10.1","8.7","9","9.6","10.3","9","8.7","8.8","8.5","8.4","8.9","7.9","8.5","8.9","9.1","9",
"남자","7월","울산","실적[건]","건","5641","5176","4721","5525","5083","4741","4443","4848","5144","6077","6616","5751","6003","5362","5677","5995","5264","5051","5979","7593","7046",
"남자","7월","울산","구성비[%]","%","9.1","8","9","9.9","8.9","8.6","8.2","8.4","8.5","8.9","9.4","8.8","9.1","8.1","8.3","9.4","8.2","7.9","8.1","9.6","8.9",
"남자","7월","경기","실적[건]","건","9089","9441","8821","10226","11106","11187","10017","11917","12671","14371","14502","13275","13893","13589","13951","15866","14035","13042","13644","15036","15415",
"남자","7월","경기","구성비[%]","%","7.7","8.2","8.6","9.3","9.1","9","7.9","9.3","9","9.5","9.1","8.6","8.7","8.7","8.8","9.3","8.3","8.2","8.1","8.8","9.1",
"남자","7월","강원","실적[건]","건","6396","4882","5176","5527","6365","7028","6849","7367","9076","9220","11697","10994","11539","11829","11527","11143","7858","8601","8456","10293","10418",
"남자","7월","강원","구성비[%]","%","8.5","7.2","9.3","9","9.9","10.6","9.5","8.6","9.5","9.2","10.1","9","9.1","8.8","9","9.5","7.1","8.7","8","9","8.9",
"남자","7월","충북","실적[건]","건","5314","5452","5106","6067","7569","7585","5241","7379","6748","7341","7091","5408","6606","6332","6259","6204","5020","5097","5115","5930","6149",
"남자","7월","충북","구성비[%]","%","8.7","8.8","8.7","9","9.6","9.5","7.3","9.4","9","9.8","9.6","8.1","9.2","8.9","8.9","9.4","7.9","8.3","8","8.8","9.1",
"남자","7월","대전·세종·충남","실적[건]","건","13230","10454","9526","12344","12411","12713","12271","13249","14790","14875","15498","14867","15762","15214","15000","14907","14799","13576","14293","15272","14943",
"남자","7월","대전·세종·충남","구성비[%]","%","9.4","9","8.2","9.3","8.9","8.5","8.5","8.7","9","8.7","8.6","8.7","9.1","8.5","8.5","8.7","8.9","8.2","8.5","8.9","8.9",
"남자","7월","전북","실적[건]","건","9267","7754","6534","7205","7776","7724","6932","7144","7565","7723","7782","7061","7386","7258","7137","6042","6553","5892","6155","6696","7130",
"남자","7월","전북","구성비[%]","%","9.7","8.7","8.6","8.8","8.5","8.2","7.6","7.7","7.9","8.6","8.2","8.1","8.5","8.8","8.8","7.9","8.6","8.5","8.5","8.9","9.2",
"남자","7월","광주·전남","실적[건]","건","11188","11672","10663","12279","12322","11636","9650","11066","11628","12654","12413","11636","12796","11997","12045","10466","11226","10179","11902","11441","10910",
"남자","7월","광주·전남","구성비[%]","%","8.5","8.1","8.5","9.3","9","8.9","7.8","9.1","8.7","9.1","8.8","8.7","8.7","8.5","8.5","8.2","8.8","8.2","9.2","8.7","8.8",
"남자","7월","경남","실적[건]","건","5952","7313","6027","7327","8102","8613","8341","8733","9618","10172","9184","8455","8919","8766","8847","8936","7525","8246","8185","9270","9132",
"남자","7월","경남","구성비[%]","%","6.7","8.4","8","8.7","8.7","9","9.1","9.2","9.3","9.1","8.6","8.4","8.8","8.5","8.7","8.9","7.9","8.9","8.3","9","9.1",
"남자","7월","제주","실적[건]","건","2229","2289","2034","1717","2025","2255","2070","1850","1929","2033","2232","2059","2217","2086","2210","2959","2380","2811","2734","3055","2726",
"남자","7월","제주","구성비[%]","%","8.9","9.6","9.4","7.4","8.1","9.1","9.5","9","9","8.8","8.7","8.7","8.6","8.6","9","10.2","8.1","9.7","8.4","8.9","8.4",
"남자","7월","대한적십자사 외","실적[건]","건","3015","2790","3533","5401","6262","8423","8995","10540","10754","10821","11764","12783","12928","12663","10833","11506","11384","12912","14178","13485","12088",
"남자","7월","대한적십자사 외","구성비[%]","%","7.2","6.4","7.6","8.5","7.8","8.4","8.4","9.2","8.5","8.3","8.7","9.1","9","9.4","8.5","9.3","9.2","9.2","8.7","8.8","8.6",
"남자","8월","합계","실적[건]","건","165407","156840","126794","147045","159089","161916","150461","155128","181734","185012","180552","167876","180950","170971","169943","160963","156486","150826","166315","174859","171680",
"남자","8월","합계","구성비[%]","%","9","8.8","8","8.4","8.5","8.5","8.2","8.1","8.9","8.7","8.3","8.1","8.5","8.1","8.3","8.4","8.3","8","8.3","8.5","8.6",
"남자","8월","대한적십자사","실적[건]","건","162983","153663","123861","143194","153295","154216","142283","146784","171751","174558","169636","156721","168922","160694","158985","150767","146422","140118","153097","161148","159821",
"남자","8월","대한적십자사","구성비[%]","%","9.1","8.8","8","8.5","8.5","8.6","8.3","8.2","9","8.7","8.4","8.1","8.5","8.1","8.3","8.4","8.3","8.1","8.3","8.5","8.6",
"남자","8월","서울중앙","실적[건]","건","16511","15376","10360","12923","12750","16053","","","","","","","","15900","14955","12471","12277","11817","13696","13545","13357",
"남자","8월","서울중앙","구성비[%]","%","9.7","8.8","7.5","8.8","8.6","9.3","","","","","","","","8.1","8.2","7.9","7.9","7.6","8.3","8","8.2",
"남자","8월","서울서부","실적[건]","건","10140","9188","9447","10736","13568","-","15616","16518","20541","20999","20214","15190","16816","","","","","","","","",
"남자","8월","서울서부","구성비[%]","%","8.9","8.1","8","8.4","8.8","-","8.7","8.6","9.8","8.9","8.7","7.2","8.3","","","","","","","","",
"남자","8월","서울남부","실적[건]","건","13849","13255","11210","12392","12335","14668","13980","13236","15747","13562","14077","14864","16793","12969","12398","11582","10603","10870","12077","12574","12659",
"남자","8월","서울남부","구성비[%]","%","9.2","8.8","8.2","8.6","8.7","9.1","8.7","8","9.1","8","8.5","8.8","9.1","7.5","7.7","8","8","8.2","8.2","8.2","8.5",
"남자","8월","서울동부","실적[건]","건","15424","14496","10542","11874","12419","16362","15575","15783","17619","18971","16515","15307","16707","15801","13758","12270","13198","13248","14707","15256","14635",
"남자","8월","서울동부","구성비[%]","%","9.7","9.6","8.3","8.8","8.7","10.1","9.1","8.7","8.9","8.9","8","7.8","8.3","7.9","7.4","7.2","7.9","8","8.1","8.4","8.5",
"남자","8월","부산","실적[건]","건","13424","13178","11607","12574","12489","13830","11195","12111","14801","13505","13430","11523","12394","12933","12297","12744","10181","10430","11851","11450","11988",
"남자","8월","부산","구성비[%]","%","8.2","8.2","7.9","8","7.8","8.3","7.4","7.9","9.5","8.6","8.5","8.1","8.2","8.3","8.2","9.2","7.5","7.5","8.3","7.9","8.6",
"남자","8월","대구·경북","실적[건]","건","13496","11575","8586","11499","13903","12732","12968","13476","14534","15174","14525","14469","15070","15056","13924","13714","12217","13584","13850","15386","15042",
"남자","8월","대구·경북","구성비[%]","%","9.2","8.3","7.3","8.7","9.2","8.7","9.1","8.9","8.8","8.5","8.2","8.6","8.7","8.5","8.3","9.8","7.7","8.5","8.3","8.8","9",
"남자","8월","인천","실적[건]","건","8622","7828","5673","7653","7961","10021","9374","9501","11056","11505","10658","9072","9496","8601","9775","9662","11267","9565","10646","12029","11696",
"남자","8월","인천","구성비[%]","%","9.5","9","7.2","8.8","8.8","9.7","8.1","8.3","9.4","9.2","8.8","8","8.2","7.8","8.7","8.1","9.4","8","8.4","8.9","8.6",
"남자","8월","울산","실적[건]","건","5626","5825","4104","4731","4554","4829","4254","5146","5091","6028","5703","5652","5759","5343","5636","5696","5083","5548","6340","6723","6942",
"남자","8월","울산","구성비[%]","%","9.1","9","7.8","8.4","7.9","8.8","7.8","8.9","8.4","8.8","8.1","8.6","8.7","8.1","8.2","8.9","8","8.6","8.6","8.5","8.8",
"남자","8월","경기","실적[건]","건","10564","9255","8485","9125","10917","10505","10721","9862","13502","12929","13632","12433","13695","12772","13196","14219","14695","12298","14287","14926","14012",
"남자","8월","경기","구성비[%]","%","9","8.1","8.3","8.3","8.9","8.5","8.5","7.7","9.6","8.5","8.6","8","8.6","8.2","8.3","8.3","8.7","7.7","8.4","8.7","8.3",
"남자","8월","강원","실적[건]","건","6930","6287","4211","4890","6045","6723","6359","6813","8459","8877","9610","10612","11297","11887","11124","9634","10484","7551","8469","9727","9428",
"남자","8월","강원","구성비[%]","%","9.2","9.3","7.6","7.9","9.4","10.1","8.8","7.9","8.9","8.9","8.3","8.7","8.9","8.8","8.7","8.2","9.5","7.7","8","8.5","8.1",
"남자","8월","충북","실적[건]","건","5782","5331","5236","5933","6243","6553","5270","6312","6631","6245","5719","5951","6317","6232","6031","5570","5313","4763","4667","5654","5772",
"남자","8월","충북","구성비[%]","%","9.5","8.6","9","8.8","7.9","8.2","7.3","8.1","8.8","8.4","7.8","8.9","8.8","8.7","8.6","8.4","8.3","7.8","7.3","8.4","8.5",
"남자","8월","대전·세종·충남","실적[건]","건","12917","10164","9808","11397","11825","13368","11991","12597","14913","15617","16339","14633","14654","15357","16170","15380","13980","14425","14234","14432","15146",
"남자","8월","대전·세종·충남","구성비[%]","%","9.2","8.7","8.5","8.6","8.5","9","8.3","8.3","9.1","9.1","9","8.5","8.4","8.6","9.2","9","8.4","8.7","8.5","8.4","9",
"남자","8월","전북","실적[건]","건","8543","8114","6930","7144","7445","7340","6461","7410","8023","7536","7776","6753","7047","6589","7192","6941","6510","5856","6306","6465","6807",
"남자","8월","전북","구성비[%]","%","8.9","9.1","9.1","8.7","8.1","7.8","7.1","8","8.4","8.4","8.2","7.7","8.1","8","8.8","9.1","8.5","8.5","8.7","8.6","8.8",
"남자","8월","광주·전남","실적[건]","건","12430","14458","10489","11114","11325","11041","10080","8645","10619","11377","11397","10131","12469","10614","11018","10161","10809","10379","10462","10783","10987",
"남자","8월","광주·전남","구성비[%]","%","9.4","10","8.3","8.4","8.2","8.5","8.2","7.1","7.9","8.2","8","7.6","8.4","7.5","7.8","8","8.5","8.3","8.1","8.2","8.9",
"남자","8월","경남","실적[건]","건","6500","6484","5218","7113","7371","8184","6613","7721","8295","10205","8188","8381","8128","8527","9599","8375","7535","7475","8535","9235","8300",
"남자","8월","경남","구성비[%]","%","7.4","7.4","6.9","8.4","7.9","8.6","7.2","8.1","8","9.2","7.7","8.4","8","8.3","9.5","8.3","7.9","8.1","8.6","9","8.3",
"남자","8월","제주","실적[건]","건","2225","2849","1955","2096","2145","2007","1826","1653","1920","2028","1853","1750","2280","2113","1912","2348","2270","2309","2970","2963","3050",
"남자","8월","제주","구성비[%]","%","8.9","12","9.1","9","8.6","8.1","8.4","8.1","8.9","8.8","7.2","7.4","8.9","8.7","7.8","8.1","7.7","8","9.1","8.7","9.4",
"남자","8월","대한적십자사 외","실적[건]","건","2424","3177","2933","3851","5794","7700","8178","8344","9983","10454","10916","11155","12028","10277","10958","10196","10064","10708","13218","13711","11859",
"남자","8월","대한적십자사 외","구성비[%]","%","5.8","7.3","6.3","6.1","7.2","7.7","7.6","7.2","7.9","8","8","7.9","8.4","7.7","8.6","8.3","8.2","7.6","8.1","8.9","8.5",
"남자","9월","합계","실적[건]","건","154352","139731","107425","147846","152116","148223","145339","148391","152445","166206","171965","157257","176480","165388","153758","154938","153353","157647","160121","164873","165846",
"남자","9월","합계","구성비[%]","%","8.4","7.8","6.7","8.5","8.1","7.8","8","7.8","7.5","7.8","7.9","7.6","8.3","7.8","7.5","8.1","8.1","8.4","8","8","8.3",
"남자","9월","대한적십자사","실적[건]","건","150552","134750","102202","142025","145417","139716","137209","139929","143441","156898","160655","147232","164338","154480","144527","145685","144391","146415","147969","152010","154205",
"남자","9월","대한적십자사","구성비[%]","%","8.4","7.7","6.6","8.5","8.1","7.8","8","7.8","7.5","7.8","7.9","7.6","8.3","7.8","7.6","8.1","8.1","8.4","8","8","8.3",
"남자","9월","서울중앙","실적[건]","건","12775","12945","8396","12573","12866","14948","","","","","","","","14913","12827","11716","12813","12658","12843","13609","12589",
"남자","9월","서울중앙","구성비[%]","%","7.5","7.4","6.1","8.5","8.7","8.7","","","","","","","","7.6","7","7.4","8.2","8.2","7.8","8.1","7.8",
"남자","9월","서울서부","실적[건]","건","9478","7924","7446","11539","12447","-","13947","13754","15357","17933","17323","14034","15523","","","","","","","","",
"남자","9월","서울서부","구성비[%]","%","8.3","6.9","6.3","9","8","-","7.8","7.2","7.3","7.6","7.5","6.7","7.7","","","","","","","","",
"남자","9월","서울남부","실적[건]","건","10866","11117","7969","10364","11483","12018","12620","13309","13745","12377","12952","13041","13746","13254","11231","10853","10332","10967","11689","12125","12003",
"남자","9월","서울남부","구성비[%]","%","7.2","7.3","5.8","7.2","8.1","7.4","7.9","8","8","7.3","7.8","7.7","7.4","7.6","7","7.5","7.8","8.3","7.9","7.9","8",
"남자","9월","서울동부","실적[건]","건","13170","11745","8285","10748","11984","13275","13354","13344","15158","16571","17195","14383","15566","15109","13308","13032","13061","13826","14126","14494","13923",
"남자","9월","서울동부","구성비[%]","%","8.3","7.8","6.5","8","8.4","8.2","7.8","7.4","7.7","7.8","8.3","7.3","7.7","7.5","7.1","7.6","7.8","8.3","7.8","8","8.1",
"남자","9월","부산","실적[건]","건","14647","13430","11304","13396","14062","13236","12595","11821","10888","12499","12527","10810","13033","12439","11215","10522","11064","11894","11566","12339","11358",
"남자","9월","부산","구성비[%]","%","9","8.4","7.7","8.5","8.8","7.9","8.3","7.8","7","8","7.9","7.6","8.6","7.9","7.5","7.6","8.2","8.6","8.1","8.5","8.2",
"남자","9월","대구·경북","실적[건]","건","11977","9878","7073","10916","11170","11113","10382","11893","12805","13946","12744","13426","14713","13518","12344","11830","13932","13324","13611","14657","13881",
"남자","9월","대구·경북","구성비[%]","%","8.2","7.1","6","8.3","7.4","7.6","7.3","7.8","7.7","7.8","7.2","8","8.5","7.6","7.4","8.5","8.8","8.4","8.1","8.4","8.3",
"남자","9월","인천","실적[건]","건","8089","6537","4737","7633","7014","8780","8588","8864","8689","9440","9652","8758","9322","8877","9023","9888","9784","9585","9855","10494","10546",
"남자","9월","인천","구성비[%]","%","8.9","7.5","6","8.8","7.8","8.5","7.4","7.7","7.4","7.6","7.9","7.7","8.1","8","8.1","8.3","8.2","8","7.7","7.7","7.8",
"남자","9월","울산","실적[건]","건","5496","5279","3717","4388","4850","4345","4424","4751","3944","5251","5513","5065","5745","5527","5162","5051","4980","5535","5822","6162","6873",
"남자","9월","울산","구성비[%]","%","8.9","8.1","7.1","7.8","8.5","7.9","8.1","8.2","6.5","7.7","7.9","7.7","8.7","8.4","7.5","7.9","7.8","8.6","7.9","7.8","8.7",
"남자","9월","경기","실적[건]","건","10135","8371","6556","9237","9357","10178","9942","9529","10444","13012","13321","12841","13426","11868","11661","14484","13151","12849","13202","13340","13683",
"남자","9월","경기","구성비[%]","%","8.6","7.3","6.4","8.4","7.6","8.2","7.9","7.4","7.4","8.6","8.4","8.3","8.4","7.6","7.3","8.5","7.8","8.1","7.8","7.8","8.1",
"남자","9월","강원","실적[건]","건","6196","5046","3393","5348","4600","5931","6473","7001","6766","7787","9219","9643","11740","10154","10107","9915","9479","8533","8934","8906","10711",
"남자","9월","강원","구성비[%]","%","8.2","7.5","6.1","8.7","7.2","8.9","8.9","8.1","7.1","7.8","7.9","7.9","9.2","7.5","7.9","8.5","8.6","8.7","8.4","7.8","9.2",
"남자","9월","충북","실적[건]","건","5086","5638","4522","6405","6755","6187","5621","6957","5826","5380","6136","5162","6319","5365","5659","5418","5383","5631","5362","5177","5923",
"남자","9월","충북","구성비[%]","%","8.4","9.1","7.7","9.5","8.6","7.7","7.8","8.9","7.8","7.2","8.3","7.7","8.8","7.5","8.1","8.2","8.4","9.2","8.4","7.7","8.7",
"남자","9월","대전·세종·충남","실적[건]","건","12124","9428","7888","11321","10501","12031","11629","12252","12142","13361","14060","13418","14484","14524","14118","14361","13652","14142","13247","14251","14078",
"남자","9월","대전·세종·충남","구성비[%]","%","8.6","8.1","6.8","8.5","7.5","8.1","8","8","7.4","7.8","7.8","7.8","8.3","8.1","8","8.4","8.2","8.6","7.9","8.3","8.4",
"남자","9월","전북","실적[건]","건","9046","7340","5315","7482","8125","7604","7357","8163","7634","7318","8620","7112","7428","7042","6393","7304","6100","5849","6198","5971","7192",
"남자","9월","전북","구성비[%]","%","9.5","8.3","7","9.1","8.9","8.1","8.1","8.8","8","8.1","9.1","8.1","8.5","8.5","7.9","9.6","8","8.4","8.5","7.9","9.3",
"남자","9월","광주·전남","실적[건]","건","10575","11306","9114","11135","10748","10647","10580","9837","9945","12084","11209","10381","12919","11948","12320","10262","10429","11231","10586","10198","9883",
"남자","9월","광주·전남","구성비[%]","%","8","7.8","7.2","8.5","7.8","8.2","8.6","8.1","7.4","8.7","7.9","7.8","8.7","8.5","8.7","8","8.2","9","8.2","7.8","8",
"남자","9월","경남","실적[건]","건","8764","7193","4959","7545","7387","7502","7689","6740","8337","7959","8200","7235","8319","8118","7280","8545","7631","7627","8166","7549","8850",
"남자","9월","경남","구성비[%]","%","9.9","8.2","6.6","8.9","7.9","7.9","8.4","7.1","8","7.1","7.7","7.2","8.2","7.9","7.2","8.5","8","8.3","8.2","7.3","8.8",
"남자","9월","제주","실적[건]","건","2128","1573","1528","1995","2068","1921","2008","1714","1761","1980","1984","1923","2055","1824","1879","2504","2600","2764","2762","2738","2712",
"남자","9월","제주","구성비[%]","%","8.5","6.6","7.1","8.6","8.3","7.8","9.2","8.4","8.2","8.6","7.7","8.1","8","7.5","7.6","8.6","8.8","9.5","8.5","8","8.3",
"남자","9월","대한적십자사 외","실적[건]","건","3800","4981","5223","5821","6699","8507","8130","8462","9004","9308","11310","10025","12142","10908","9231","9253","8962","11232","12152","12863","11641",
"남자","9월","대한적십자사 외","구성비[%]","%","9","11.4","11.3","9.2","8.3","8.5","7.6","7.4","7.1","7.1","8.3","7.1","8.5","8.1","7.2","7.5","7.3","8","7.4","8.4","8.3",
"남자","10월","합계","실적[건]","건","139089","133493","136338","146951","139856","153375","143372","156242","171485","178794","188337","181654","160708","173967","169358","158411","153422","165148","173604","175665","158228",
"남자","10월","합계","구성비[%]","%","7.6","7.4","8.6","8.4","7.4","8.1","7.9","8.2","8.4","8.4","8.7","8.8","7.5","8.3","8.3","8.3","8.1","8.8","8.6","8.5","7.9",
"남자","10월","대한적십자사","실적[건]","건","135301","129985","131470","141258","133284","144258","134060","147115","160127","166879","175810","166618","149410","163155","156894","148718","142232","152696","157978","161989","146731",
"남자","10월","대한적십자사","구성비[%]","%","7.6","7.4","8.5","8.4","7.4","8","7.8","8.2","8.4","8.3","8.7","8.7","7.5","8.3","8.2","8.3","8","8.8","8.6","8.5","7.9",
"남자","10월","서울중앙","실적[건]","건","12097","12912","11810","11861","11492","15256","","","","","","","","15447","14326","12679","13159","13986","13851","14379","13071",
"남자","10월","서울중앙","구성비[%]","%","7.1","7.4","8.6","8.1","7.8","8.8","","","","","","","","7.9","7.8","8","8.5","9","8.4","8.5","8.1",
"남자","10월","서울서부","실적[건]","건","8710","9202","9826","11932","11730","-","13961","15603","17033","20182","20680","17405","15389","","","","","","","","",
"남자","10월","서울서부","구성비[%]","%","7.6","8.1","8.4","9.3","7.6","-","7.8","8.1","8.1","8.6","8.9","8.3","7.6","","","","","","","","",
"남자","10월","서울남부","실적[건]","건","12956","12936","11537","10958","10735","13022","12737","13716","14388","13610","14519","16404","14004","14622","13756","11591","10639","10736","12225","13184","11927",
"남자","10월","서울남부","구성비[%]","%","8.6","8.5","8.5","7.6","7.6","8","7.9","8.3","8.4","8","8.8","9.7","7.6","8.4","8.6","8","8","8.1","8.3","8.6","8",
"남자","10월","서울동부","실적[건]","건","10746","10308","11246","11310","11208","14382","14310","15625","16736","18224","18072","16827","15005","16042","15390","12440","13133","14408","14546","15050","13783",
"남자","10월","서울동부","구성비[%]","%","6.8","6.8","8.8","8.4","7.9","8.9","8.4","8.6","8.4","8.6","8.7","8.6","7.5","8","8.3","7.3","7.8","8.6","8","8.3","8",
"남자","10월","부산","실적[건]","건","13766","11535","12864","13148","12514","14009","11475","12514","13370","13112","13840","12229","11147","12585","12350","12298","10813","12397","12180","12158","11203",
"남자","10월","부산","구성비[%]","%","8.4","7.2","8.7","8.4","7.8","8.4","7.6","8.2","8.5","8.4","8.7","8.5","7.3","8","8.2","8.9","8","9","8.6","8.4","8",
"남자","10월","대구·경북","실적[건]","건","11564","10213","9473","11000","10855","11125","10820","12701","14062","14044","15558","14139","13036","15237","13865","12704","13466","14338","15264","15623","13140",
"남자","10월","대구·경북","구성비[%]","%","7.9","7.3","8.1","8.3","7.2","7.6","7.6","8.4","8.5","7.9","8.8","8.4","7.6","8.6","8.3","9.1","8.5","9","9.1","8.9","7.8",
"남자","10월","인천","실적[건]","건","5466","6924","6434","6960","6220","8720","7961","8726","9244","11038","9595","9628","9115","9218","9978","9123","10386","10311","11040","11428","11099",
"남자","10월","인천","구성비[%]","%","6","8","8.1","8","6.9","8.5","6.9","7.6","7.9","8.9","7.9","8.5","7.9","8.3","8.9","7.6","8.7","8.6","8.7","8.4","8.2",
"남자","10월","울산","실적[건]","건","5603","4474","4676","5372","4264","4978","4214","4940","5322","6311","5923","5720","4880","5473","5358","5154","4942","5891","6128","6561","5727",
"남자","10월","울산","구성비[%]","%","9.1","6.9","8.9","9.6","7.4","9","7.8","8.5","8.8","9.3","8.5","8.7","7.4","8.3","7.8","8.1","7.7","9.2","8.3","8.3","7.2",
"남자","10월","경기","실적[건]","건","8680","9025","10452","9016","8716","9485","10483","10897","11323","12794","14055","13276","11537","13324","13415","14523","14120","13895","15264","14884","13680",
"남자","10월","경기","구성비[%]","%","7.4","7.9","10.2","8.2","7.1","7.7","8.3","8.5","8.1","8.4","8.8","8.6","7.2","8.5","8.4","8.5","8.4","8.7","9","8.7","8.1",
"남자","10월","강원","실적[건]","건","5178","3911","4749","4910","4844","5546","6173","6837","7112","7654","9165","9704","9023","11155","9394","9057","7880","7821","8345","9361","8796",
"남자","10월","강원","구성비[%]","%","6.9","5.8","8.5","8","7.5","8.4","8.5","8","7.5","7.7","7.9","7.9","7.1","8.3","7.4","7.7","7.2","7.9","7.9","8.2","7.5",
"남자","10월","충북","실적[건]","건","4223","4438","4444","6344","5802","6476","5340","6498","6346","6238","6296","6403","5844","5989","5485","5643","5253","5962","5712","5971","5555",
"남자","10월","충북","구성비[%]","%","7","7.2","7.6","9.5","7.4","8.1","7.4","8.3","8.5","8.4","8.6","9.6","8.1","8.4","7.8","8.6","8.2","9.7","9","8.8","8.2",
"남자","10월","대전·세종·충남","실적[건]","건","8747","8784","9152","11357","10559","13161","11140","13313","15118","13945","16159","14551","13383","14884","14085","15366","12953","15084","14509","15146","13048",
"남자","10월","대전·세종·충남","구성비[%]","%","6.2","7.5","7.9","8.6","7.6","8.8","7.7","8.7","9.2","8.2","8.9","8.5","7.7","8.3","8","9","7.8","9.1","8.6","8.8","7.8",
"남자","10월","전북","실적[건]","건","7904","6331","5968","6890","6588","8609","6937","6900","8128","7420","7999","7540","6696","7728","6750","6376","5877","6320","6676","5773","6161",
"남자","10월","전북","구성비[%]","%","8.3","7.1","7.9","8.4","7.2","9.1","7.6","7.5","8.5","8.3","8.4","8.6","7.7","9.4","8.3","8.4","7.7","9.1","9.2","7.7","8",
"남자","10월","광주·전남","실적[건]","건","11229","10326","9863","10898","8953","9905","9557","9461","11508","11170","12453","12553","10906","11598","12433","10927","9898","11206","10985","11275","9735",
"남자","10월","광주·전남","구성비[%]","%","8.5","7.2","7.8","8.3","6.5","7.6","7.7","7.8","8.6","8","8.8","9.4","7.4","8.2","8.8","8.6","7.8","9","8.5","8.6","7.8",
"남자","10월","경남","실적[건]","건","6032","6711","6997","7282","6799","7786","7229","7639","8499","9150","9027","8337","7464","8122","8224","8357","7287","7940","8551","8331","7422",
"남자","10월","경남","구성비[%]","%","6.8","7.7","9.3","8.6","7.3","8.1","7.9","8","8.2","8.2","8.5","8.3","7.4","7.9","8.1","8.3","7.7","8.6","8.6","8.1","7.4",
"남자","10월","제주","실적[건]","건","2400","1955","1979","2020","2005","1798","1723","1745","1938","1987","2469","1902","1981","1731","2085","2480","2426","2401","2702","2865","2384",
"남자","10월","제주","구성비[%]","%","9.6","8.2","9.2","8.7","8","7.3","7.9","8.5","9","8.6","9.6","8","7.7","7.1","8.5","8.5","8.2","8.3","8.3","8.4","7.3",
"남자","10월","대한적십자사 외","실적[건]","건","3788","3508","4868","5693","6572","9117","9312","9127","11358","11915","12527","15036","11298","10812","12464","9693","11190","12452","15626","13676","11497",
"남자","10월","대한적십자사 외","구성비[%]","%","9","8","10.5","9","8.2","9.1","8.7","7.9","9","9.2","9.2","10.7","7.9","8.1","9.8","7.9","9.1","8.8","9.5","8.9","8.2",
"남자","11월","합계","실적[건]","건","159954","140990","131669","147126","170002","162941","160773","166119","179348","182339","183686","174568","181718","191179","177495","161702","163283","174726","179994","181631","168458",
"남자","11월","합계","구성비[%]","%","8.7","7.9","8.3","8.4","9","8.6","8.8","8.7","8.8","8.5","8.5","8.4","8.5","9.1","8.7","8.4","8.6","9.3","9","8.8","8.4",
"남자","11월","대한적십자사","실적[건]","건","155060","135871","126494","140674","161999","153720","150749","154555","167550","170961","170854","163080","169242","179932","166173","151353","152402","160427","166268","169056","158049",
"남자","11월","대한적십자사","구성비[%]","%","8.7","7.8","8.2","8.4","9","8.6","8.8","8.6","8.8","8.5","8.4","8.5","8.5","9.1","8.7","8.4","8.6","9.2","9","8.9","8.5",
"남자","11월","서울중앙","실적[건]","건","15171","12496","10521","10791","12848","16060","","","","","","","","16848","16174","12304","13805","14776","15395","15180","14579",
"남자","11월","서울중앙","구성비[%]","%","8.9","7.2","7.7","7.3","8.7","9.3","","","","","","","","8.6","8.8","7.8","8.9","9.5","9.3","9","9",
"남자","11월","서울서부","실적[건]","건","8743","9488","8787","10560","13578","-","16803","17086","19405","19950","18918","16799","17156","","","","","","","","",
"남자","11월","서울서부","구성비[%]","%","7.7","8.3","7.5","8.3","8.8","-","9.4","8.9","9.2","8.5","8.2","8","8.5","","","","","","","","",
"남자","11월","서울남부","실적[건]","건","14776","12982","9974","11008","12631","14276","14113","12744","14422","14729","13275","15565","15391","15594","14014","11063","11431","11843","13044","13164","12771",
"남자","11월","서울남부","구성비[%]","%","9.9","8.6","7.3","7.7","8.9","8.8","8.8","7.7","8.4","8.7","8","9.2","8.3","9","8.7","7.7","8.6","8.9","8.9","8.6","8.5",
"남자","11월","서울동부","실적[건]","건","14982","9520","10629","10958","13455","15931","15779","16143","17200","18295","16102","16818","17036","17910","16704","13324","14736","15940","16387","16373","14143",
"남자","11월","서울동부","구성비[%]","%","9.4","6.3","8.4","8.2","9.4","9.8","9.2","8.9","8.7","8.6","7.8","8.6","8.5","8.9","9","7.8","8.8","9.6","9.1","9","8.2",
"남자","11월","부산","실적[건]","건","13162","13143","11924","15374","13552","14374","12759","13569","13236","13178","14142","11280","13841","14244","12692","12937","12167","13065","13689","13071","12597",
"남자","11월","부산","구성비[%]","%","8.1","8.2","8.1","9.8","8.5","8.6","8.5","8.9","8.5","8.4","8.9","7.9","9.1","9.1","8.5","9.4","9","9.5","9.6","9.1","9.1",
"남자","11월","대구·경북","실적[건]","건","12352","11089","10367","11518","13517","12561","12519","13207","15097","16082","14985","14743","14414","17138","14334","13858","14719","15990","15169","15920","13582",
"남자","11월","대구·경북","구성비[%]","%","8.4","7.9","8.8","8.7","8.9","8.6","8.8","8.7","9.1","9","8.4","8.8","8.4","9.7","8.6","9.9","9.2","10.1","9.1","9.1","8.1",
"남자","11월","인천","실적[건]","건","9034","6724","6078","6669","7107","9397","10536","9794","9663","10310","9123","9813","8270","9906","9234","9885","10265","10962","10887","11265","11932",
"남자","11월","인천","구성비[%]","%","10","7.7","7.7","7.7","7.9","9.1","9.1","8.6","8.3","8.3","7.5","8.7","7.1","8.9","8.2","8.3","8.6","9.1","8.5","8.3","8.8",
"남자","11월","울산","실적[건]","건","5044","4638","4403","4718","5316","4737","4863","4885","5577","5644","6010","5814","5796","6354","6707","5795","5571","5871","6997","7070","6837",
"남자","11월","울산","구성비[%]","%","8.2","7.1","8.4","8.4","9.3","8.6","9","8.4","9.2","8.3","8.6","8.8","8.8","9.6","9.8","9.1","8.7","9.1","9.5","8.9","8.6",
"남자","11월","경기","실적[건]","건","10184","8894","8464","9437","11658","10985","10361","10310","11603","11854","13436","12164","12985","14317","13685","15037","14218","14147","15122","14939","13878",
"남자","11월","경기","구성비[%]","%","8.7","7.7","8.2","8.6","9.5","8.9","8.2","8","8.3","7.8","8.4","7.9","8.1","9.2","8.6","8.8","8.4","8.9","8.9","8.7","8.2",
"남자","11월","강원","실적[건]","건","6615","5189","4428","4601","5338","5073","6519","7591","7588","8414","9436","10103","11483","12204","10731","7870","9497","8676","10058","10586","10033",
"남자","11월","강원","구성비[%]","%","8.8","7.7","8","7.5","8.3","7.6","9","8.8","8","8.4","8.1","8.3","9","9.1","8.4","6.7","8.6","8.8","9.5","9.2","8.6",
"남자","11월","충북","실적[건]","건","5441","5537","5338","5947","8156","7227","6862","6966","7333","7042","6799","5841","6303","6484","6462","5756","5127","5861","6051","5911","5659",
"남자","11월","충북","구성비[%]","%","9","9","9.1","8.9","10.4","9","9.6","8.9","9.8","9.4","9.2","8.7","8.8","9.1","9.2","8.7","8","9.6","9.5","8.8","8.3",
"남자","11월","대전·세종·충남","실적[건]","건","9337","9577","10472","11156","13119","13446","12084","13335","14272","14036","15517","14738","15067","16407","14843","14468","13351","14835","14202","15491","14295",
"남자","11월","대전·세종·충남","구성비[%]","%","6.6","8.2","9.1","8.4","9.4","9","8.3","8.8","8.7","8.2","8.6","8.6","8.7","9.2","8.4","8.4","8","9","8.4","9","8.5",
"남자","11월","전북","실적[건]","건","7522","6799","6219","7305","8561","8743","7371","7881","7901","7287","8606","7880","7617","7262","6355","7086","6199","6252","6137","6479","6271",
"남자","11월","전북","구성비[%]","%","7.9","7.7","8.2","8.9","9.3","9.3","8.1","8.5","8.2","8.1","9.1","9","8.7","8.8","7.8","9.3","8.1","9","8.4","8.6","8.1",
"남자","11월","광주·전남","실적[건]","건","11566","11189","10717","11136","12085","10070","10445","10546","12935","12481","12524","11320","12703","12945","12880","11178","10498","11512","11362","11843","10588",
"남자","11월","광주·전남","구성비[%]","%","8.8","7.8","8.5","8.5","8.8","7.7","8.5","8.7","9.6","8.9","8.8","8.5","8.6","9.2","9.1","8.8","8.2","9.2","8.8","9","8.5",
"남자","11월","경남","실적[건]","건","9015","7072","6409","7496","8916","8623","7916","8917","9584","9560","9509","8070","8926","10008","9260","8126","8479","8248","9002","8888","8253",
"남자","11월","경남","구성비[%]","%","10.2","8.1","8.5","8.9","9.5","9","8.6","9.4","9.2","8.6","9","8.1","8.8","9.7","9.1","8.1","8.9","8.9","9.1","8.6","8.2",
"남자","11월","제주","실적[건]","건","2116","1534","1764","2000","2162","2217","1819","1581","1734","2099","2472","2132","2254","2311","2098","2666","2339","2449","2766","2876","2631",
"남자","11월","제주","구성비[%]","%","8.5","6.5","8.2","8.6","8.6","9","8.4","7.7","8.1","9.1","9.6","9","8.8","9.5","8.5","9.2","7.9","8.4","8.5","8.4","8.1",
"남자","11월","대한적십자사 외","실적[건]","건","4894","5119","5175","6452","8003","9221","10024","11564","11798","11378","12832","11488","12476","11247","11322","10349","10881","14299","13726","12575","10409",
"남자","11월","대한적십자사 외","구성비[%]","%","11.6","11.7","11.2","10.2","10","9.2","9.3","10","9.3","8.7","9.5","8.2","8.7","8.4","8.9","8.4","8.8","10.1","8.4","8.2","7.4",
"남자","12월","합계","실적[건]","건","155382","143737","123912","147822","151590","158260","155066","152709","170164","179422","180246","182977","185127","172088","174758","168495","171923","183161","184441","178692","173683",
"남자","12월","합계","구성비[%]","%","8.5","8","7.8","8.5","8.1","8.3","8.5","8","8.4","8.4","8.3","8.9","8.7","8.2","8.6","8.8","9.1","9.8","9.2","8.7","8.7",
"남자","12월","대한적십자사","실적[건]","건","152864","140217","120241","141985","144166","149278","145903","142778","159761","168709","168796","171761","172375","160200","163541","156815","159848","167461","169921","166168","161703",
"남자","12월","대한적십자사","구성비[%]","%","8.5","8","7.8","8.5","8","8.3","8.5","8","8.4","8.4","8.3","8.9","8.7","8.1","8.6","8.7","9","9.7","9.2","8.7","8.7",
"남자","12월","서울중앙","실적[건]","건","17418","14974","10110","12341","12800","16299","","","","","","","","15377","15850","12733","14371","15763","15536","15034","14403",
"남자","12월","서울중앙","구성비[%]","%","10.3","8.6","7.4","8.4","8.7","9.5","","","","","","","","7.9","8.7","8.1","9.3","10.2","9.4","8.9","8.9",
"남자","12월","서울서부","실적[건]","건","11450","11986","10060","12120","12139","-","16165","14262","16342","17662","18164","18363","17781","","","","","","","","",
"남자","12월","서울서부","구성비[%]","%","10.1","10.5","8.6","9.5","7.8","-","9","7.4","7.8","7.5","7.8","8.7","8.8","","","","","","","","",
"남자","12월","서울남부","실적[건]","건","12544","13046","10947","12598","10345","13896","14097","13324","14227","13666","13537","16714","16477","13860","13467","12151","12081","13677","14095","14447","13646",
"남자","12월","서울남부","구성비[%]","%","8.4","8.6","8","8.8","7.3","8.6","8.8","8","8.3","8","8.2","9.9","8.9","8","8.4","8.4","9.1","10.3","9.6","9.4","9.1",
"남자","12월","서울동부","실적[건]","건","14149","12514","9950","11419","10984","14570","14386","13602","17183","17847","17753","18529","17442","17030","16502","14612","15119","16260","16993","15969","16122",
"남자","12월","서울동부","구성비[%]","%","8.9","8.3","7.8","8.5","7.7","9","8.4","7.5","8.7","8.4","8.6","9.5","8.7","8.5","8.9","8.5","9","9.8","9.4","8.8","9.4",
"남자","12월","부산","실적[건]","건","12266","12444","11052","13277","12135","13390","11293","12424","13034","13791","12910","13241","13244","12953","13059","11861","12385","13124","13515","13209","12197",
"남자","12월","부산","구성비[%]","%","7.5","7.8","7.5","8.4","7.6","8","7.5","8.2","8.3","8.8","8.1","9.3","8.7","8.3","8.7","8.6","9.1","9.5","9.5","9.2","8.8",
"남자","12월","대구·경북","실적[건]","건","12540","10022","8568","12096","12842","12697","13097","12177","13882","16061","14116","15567","15353","15491","14798","13985","14590","15184","14065","15086","14425",
"남자","12월","대구·경북","구성비[%]","%","8.5","7.2","7.3","9.1","8.5","8.7","9.2","8","8.4","9","7.9","9.2","8.9","8.8","8.8","10","9.2","9.6","8.4","8.6","8.6",
"남자","12월","인천","실적[건]","건","7163","7997","6882","7709","7458","9839","9582","10669","10629","10598","10224","10511","10675","9462","10625","10647","11503","11664","12231","11964","12071",
"남자","12월","인천","구성비[%]","%","7.9","9.2","8.7","8.9","8.3","9.6","8.3","9.3","9.1","8.5","8.4","9.3","9.2","8.5","9.5","8.9","9.6","9.7","9.6","8.8","8.9",
"남자","12월","울산","실적[건]","건","5043","4108","4146","4901","4954","4697","5483","4598","5223","5694","5607","5541","4845","5330","5852","5146","5696","6939","6816","6669","6669",
"남자","12월","울산","구성비[%]","%","8.2","6.3","7.9","8.7","8.6","8.5","10.1","7.9","8.6","8.4","8","8.4","7.4","8.1","8.5","8.1","8.9","10.8","9.2","8.4","8.4",
"남자","12월","경기","실적[건]","건","10799","8583","7803","8486","10629","10930","11464","10578","11968","13485","14863","13270","14604","13115","13418","16126","15274","16085","15905","14644","14758",
"남자","12월","경기","구성비[%]","%","9.2","7.5","7.6","7.7","8.7","8.8","9.1","8.2","8.5","8.9","9.3","8.6","9.1","8.4","8.4","9.4","9.1","10.1","9.4","8.6","8.7",
"남자","12월","강원","실적[건]","건","6835","4998","4447","4499","5355","5661","6490","6880","8960","9292","10835","10761","10240","10468","10199","9547","8899","8624","9790","10555","10767",
"남자","12월","강원","구성비[%]","%","9.1","7.4","8","7.3","8.3","8.5","9","8","9.4","9.3","9.3","8.8","8","7.8","8","8.1","8.1","8.8","9.2","9.2","9.2",
"남자","12월","충북","실적[건]","건","4719","4101","4039","5562","6323","6220","5614","6006","6246","6159","4910","5581","5858","5179","5370","5270","5590","5778","5757","5949","5467",
"남자","12월","충북","구성비[%]","%","7.8","6.6","6.9","8.3","8","7.8","7.8","7.7","8.3","8.3","6.7","8.4","8.1","7.2","7.6","8","8.8","9.4","9.1","8.8","8.1",
"남자","12월","대전·세종·충남","실적[건]","건","9836","9011","10177","10686","11470","12971","11346","12395","13315","15553","16513","15210","15363","15330","15442","15762","14778","15309","14821","14513","14139",
"남자","12월","대전·세종·충남","구성비[%]","%","7","7.7","8.8","8","8.2","8.7","7.8","8.1","8.1","9.1","9.1","8.9","8.9","8.6","8.7","9.2","8.9","9.3","8.8","8.5","8.4",
"남자","12월","전북","실적[건]","건","8046","6818","6094","6922","7297","7310","7276","7333","7337","7080","7542","7302","6690","6353","7112","7214","6964","6373","6921","6250","6310",
"남자","12월","전북","구성비[%]","%","8.4","7.7","8","8.5","8","7.7","8","7.9","7.7","7.9","8","8.3","7.7","7.7","8.7","9.4","9.1","9.2","9.5","8.3","8.2",
"남자","12월","광주·전남","실적[건]","건","9794","10681","8324","10060","10011","10328","10127","9191","11006","10987","11901","10197","13268","10537","11165","11145","11110","11575","11702","10739","9657",
"남자","12월","광주·전남","구성비[%]","%","7.4","7.4","6.6","7.6","7.3","7.9","8.2","7.5","8.2","7.9","8.4","7.7","9","7.5","7.9","8.7","8.7","9.3","9.1","8.2","7.8",
"남자","12월","경남","실적[건]","건","8651","7239","6030","7289","7455","8449","7977","7788","8590","8931","8264","9190","8446","7752","8552","8461","8924","8435","8798","8191","8476",
"남자","12월","경남","구성비[%]","%","9.8","8.3","8","8.6","8","8.8","8.7","8.2","8.3","8","7.8","9.2","8.3","7.5","8.4","8.4","9.4","9.2","8.9","7.9","8.4",
"남자","12월","제주","실적[건]","건","1611","1695","1612","2020","1969","2021","1506","1551","1819","1903","1657","1784","2089","1963","2130","2155","2564","2671","2976","2949","2596",
"남자","12월","제주","구성비[%]","%","6.5","7.1","7.5","8.7","7.9","8.2","6.9","7.6","8.5","8.2","6.5","7.5","8.1","8.1","8.6","7.4","8.7","9.2","9.1","8.6","8",
"남자","12월","대한적십자사 외","실적[건]","건","2518","3520","3671","5837","7424","8982","9163","9931","10403","10713","11450","11216","12752","11888","11217","11680","12075","15700","14520","12524","11980",
"남자","12월","대한적십자사 외","구성비[%]","%","6","8","7.9","9.2","9.2","8.9","8.5","8.6","8.2","8.2","8.4","8","8.9","8.9","8.8","9.5","9.8","11.1","8.9","8.2","8.6",
"여자","합계","합계","실적[건]","건","442723","510507","495498","606000","690440","766279","792044","816920","878626","916056","917507","799404","796429","776358","754526","694957","709306","772823","767399","797295","838825",
"여자","합계","대한적십자사","실적[건]","건","434111","502330","482828","587806","662788","717029","731259","751905","798880","837370","842410","719073","725958","708838","704669","642092","654823","709881","696187","734310","774685",
"여자","합계","서울중앙","실적[건]","건","40782","47577","50360","60732","60599","78859","","","","","","","","71096","68119","64192","61162","68355","68768","71112","73917",
"여자","합계","서울서부","실적[건]","건","19722","24503","37319","43179","53767","24475","92521","91199","92775","99850","100627","80306","75510","","","","","","","","",
"여자","합계","서울남부","실적[건]","건","30891","38322","36529","43844","71512","58292","57592","62745","63071","59367","58621","57825","61416","56594","54414","45978","43517","48969","49037","54991","60869",
"여자","합계","서울동부","실적[건]","건","36855","49576","54891","63708","50528","86866","93827","94974","97210","102248","92175","77583","78459","77858","73657","60598","62920","71618","75082","74230","78529",
"여자","합계","부산","실적[건]","건","50090","52283","41898","52858","56614","65975","66157","66477","74522","78802","79468","61778","63448","67004","63778","59235","59275","65959","63300","66823","69923",
"여자","합계","대구·경북","실적[건]","건","47449","49122","40158","55716","63851","66702","69332","74781","78744","85359","82543","68471","68196","69446","65191","57087","66175","66187","62272","66509","74341",
"여자","합계","인천","실적[건]","건","38759","34148","30994","35109","40885","51417","59622","58985","60781","61351","59436","48475","47753","46516","46390","45691","46915","50726","49440","51695","54283",
"여자","합계","울산","실적[건]","건","16922","17206","12792","15253","16571","19237","19173","21211","20917","21264","23655","21606","20361","20705","23038","18858","19707","22936","25511","29613","31064",
"여자","합계","경기","실적[건]","건","20946","26794","26298","31428","42429","47664","50123","47425","50703","54239","59474","50675","51083","47519","52235","54709","57134","57867","55839","56250","64189",
"여자","합계","강원","실적[건]","건","7614","8899","9032","11605","15453","17238","19882","22311","25342","28175","33563","27657","27597","26626","26198","23337","24180","26472","26819","30857","30862",
"여자","합계","충북","실적[건]","건","16599","17221","14446","17847","20646","21188","19536","21781","23174","25597","26052","22582","23655","22300","23988","19810","20749","22590","21840","23016","24009",
"여자","합계","대전·세종·충남","실적[건]","건","20682","30190","31118","40440","43131","42894","44613","53959","60488","61273","68531","65134","67634","69643","72279","67185","66548","71999","66210","69544","72606",
"여자","합계","전북","실적[건]","건","25456","29805","22431","25998","29680","30368","34581","35581","35567","35562","34065","28422","27027","26092","27575","26418","26629","27728","27377","29382","30779",
"여자","합계","광주·전남","실적[건]","건","42300","55610","52155","63098","64214","68115","69433","63766","71687","78340","79720","68884","72599","65575","64923","55654","57700","64633","60125","61542","59152",
"여자","합계","경남","실적[건]","건","12338","15060","16392","17648","21008","23988","22358","25371","31093","31691","29489","27588","29130","31819","31562","30684","29643","31082","29996","33395","34609",
"여자","합계","제주","실적[건]","건","6706","6014","6015","9343","11900","13751","12509","11339","12806","14252","14991","12087","12090","10045","11322","12656","12569","12760","14571","15351","15553",
"여자","합계","대한적십자사 외","실적[건]","건","8612","8177","12670","18194","27652","49250","60785","65015","79746","78686","75097","80331","70471","67520","49857","52865","54483","62942","71212","62985","64140",
"여자","1월","합계","실적[건]","건","27975","33701","38947","41588","45157","53807","58585","56095","68550","66265","72140","63777","53635","59403","58906","49557","56052","47190","50737","64329","53986",
"여자","1월","합계","구성비[%]","%","6.3","6.6","7.9","6.9","6.5","7","7.4","6.9","7.8","7.2","7.9","8","6.7","7.7","7.8","7.1","7.9","6.1","6.6","8.1","6.4",
"여자","1월","대한적십자사","실적[건]","건","27323","33081","37510","39963","42486","50395","53649","51221","61875","59615","66018","57736","48023","54126","53717","45684","52266","42928","46066","57585","48837",
"여자","1월","대한적십자사","구성비[%]","%","6.3","6.6","7.8","6.8","6.4","7","7.3","6.8","7.7","7.1","7.8","8","6.6","7.6","7.6","7.1","8","6","6.6","7.8","6.3",
"여자","1월","서울중앙","실적[건]","건","2701","3127","3560","4859","4568","4937","","","","","","","","6515","5799","4869","4798","4216","4487","5344","4410",
"여자","1월","서울중앙","구성비[%]","%","6.6","6.6","7.1","8","7.5","6.3","","","","","","","","9.2","8.5","7.6","7.8","6.2","6.5","7.5","6",
"여자","1월","서울서부","실적[건]","건","969","1534","2856","3524","3705","4464","6964","6999","7820","7481","7999","7330","5757","","","","","","","","",
"여자","1월","서울서부","구성비[%]","%","4.9","6.3","7.7","8.2","6.9","18.2","7.5","7.7","8.4","7.5","7.9","9.1","7.6","","","","","","","","",
"여자","1월","서울남부","실적[건]","건","2397","2737","3272","3864","4869","4385","4833","4854","5529","5034","5181","4882","4414","4704","4833","3664","3705","3080","3336","4606","3649",
"여자","1월","서울남부","구성비[%]","%","7.8","7.1","9","8.8","6.8","7.5","8.4","7.7","8.8","8.5","8.8","8.4","7.2","8.3","8.9","8","8.5","6.3","6.8","8.4","6",
"여자","1월","서울동부","실적[건]","건","2523","3034","4390","4421","3585","5667","7185","6078","7987","7180","7335","7385","5475","6418","5620","4239","4685","4106","5186","5330","4598",
"여자","1월","서울동부","구성비[%]","%","6.8","6.1","8","6.9","7.1","6.5","7.7","6.4","8.2","7","8","9.5","7","8.2","7.6","7","7.4","5.7","6.9","7.2","5.9",
"여자","1월","부산","실적[건]","건","4093","4100","4044","3820","4089","4775","5427","4698","5663","6332","6609","5422","4042","4506","5016","3924","4652","3923","4014","5100","4851",
"여자","1월","부산","구성비[%]","%","8.2","7.8","9.7","7.2","7.2","7.2","8.2","7.1","7.6","8","8.3","8.8","6.4","6.7","7.9","6.6","7.8","5.9","6.3","7.6","6.9",
"여자","1월","대구·경북","실적[건]","건","2285","2415","2866","2859","4026","4092","4279","4271","4960","5070","5484","4643","3960","4402","4802","4242","5292","4139","4287","4950","5043",
"여자","1월","대구·경북","구성비[%]","%","4.8","4.9","7.1","5.1","6.3","6.1","6.2","5.7","6.3","5.9","6.6","6.8","5.8","6.3","7.4","7.4","8","6.3","6.9","7.4","6.8",
"여자","1월","인천","실적[건]","건","2566","2067","2578","2542","2676","3703","4888","4744","5238","4584","5389","4471","3817","4075","3740","3108","3894","3544","3526","4179","3615",
"여자","1월","인천","구성비[%]","%","6.6","6.1","8.3","7.2","6.5","7.2","8.2","8","8.6","7.5","9.1","9.2","8","8.8","8.1","6.8","8.3","7","7.1","8.1","6.7",
"여자","1월","울산","실적[건]","건","999","1968","1450","1104","1021","1260","1359","1482","1581","1394","1783","1627","1293","1341","1478","1376","1468","1098","1645","2181","2037",
"여자","1월","울산","구성비[%]","%","5.9","11.4","11.3","7.2","6.2","6.5","7.1","7","7.6","6.6","7.5","7.5","6.4","6.5","6.4","7.3","7.4","4.8","6.4","7.4","6.6",
"여자","1월","경기","실적[건]","건","1737","2280","2157","2363","2538","3044","3576","3411","4150","3457","4599","4095","3601","4056","4123","3540","4612","3835","4223","4809","4070",
"여자","1월","경기","구성비[%]","%","8.3","8.5","8.2","7.5","6","6.4","7.1","7.2","8.2","6.4","7.7","8.1","7","8.5","7.9","6.5","8.1","6.6","7.6","8.5","6.3",
"여자","1월","강원","실적[건]","건","357","511","494","451","711","881","1057","1202","2090","1391","2024","2066","1562","1650","1859","1640","1963","1413","1414","2428","1941",
"여자","1월","강원","구성비[%]","%","4.7","5.7","5.5","3.9","4.6","5.1","5.3","5.4","8.2","4.9","6","7.5","5.7","6.2","7.1","7","8.1","5.3","5.3","7.9","6.3",
"여자","1월","충북","실적[건]","건","699","1048","869","803","1087","1054","1352","849","1583","1276","1927","1501","1281","1378","1497","1205","1509","1106","1253","2066","1343",
"여자","1월","충북","구성비[%]","%","4.2","6.1","6","4.5","5.3","5","6.9","3.9","6.8","5","7.4","6.6","5.4","6.2","6.2","6.1","7.3","4.9","5.7","9","5.6",
"여자","1월","대전·세종·충남","실적[건]","건","1135","1394","1778","2234","2198","2780","3183","2983","3740","4357","4824","4186","3614","4733","4791","4625","4534","4128","4145","5482","4478",
"여자","1월","대전·세종·충남","구성비[%]","%","5.5","4.6","5.7","5.5","5.1","6.5","7.1","5.5","6.2","7.1","7","6.4","5.3","6.8","6.6","6.9","6.8","5.7","6.3","7.9","6.2",
"여자","1월","전북","실적[건]","건","1015","1360","1619","1441","1197","1582","2220","2341","2711","2842","3096","1974","1646","1858","2034","1644","2326","1653","1726","2278","1764",
"여자","1월","전북","구성비[%]","%","4","4.6","7.2","5.5","4","5.2","6.4","6.6","7.6","8","9.1","6.9","6.1","7.1","7.4","6.2","8.7","6","6.3","7.8","5.7",
"여자","1월","광주·전남","실적[건]","건","2634","4259","4097","3619","4207","5304","4596","4918","5438","6007","6389","4983","4816","5109","4829","4532","5107","3740","3792","4982","3666",
"여자","1월","광주·전남","구성비[%]","%","6.2","7.7","7.9","5.7","6.6","7.8","6.6","7.7","7.6","7.7","8","7.2","6.6","7.8","7.4","8.1","8.9","5.8","6.3","8.1","6.2",
"여자","1월","경남","실적[건]","건","599","844","1007","1374","1338","1461","1921","1672","2472","2340","2490","2340","1989","2598","2460","2291","2653","2099","2201","2538","2239",
"여자","1월","경남","구성비[%]","%","4.9","5.6","6.1","7.8","6.4","6.1","8.6","6.6","8","7.4","8.4","8.5","6.8","8.2","7.8","7.5","8.9","6.8","7.3","7.6","6.5",
"여자","1월","제주","실적[건]","건","614","403","473","685","671","1006","809","719","913","870","889","831","756","783","836","785","1068","848","831","1312","1133",
"여자","1월","제주","구성비[%]","%","9.2","6.7","7.9","7.3","5.6","7.3","6.5","6.3","7.1","6.1","5.9","6.9","6.3","7.8","7.4","6.2","8.5","6.6","5.7","8.5","7.3",
"여자","1월","대한적십자사 외","실적[건]","건","652","620","1437","1625","2671","3412","4936","4874","6675","6650","6122","6041","5612","5277","5189","3873","3786","4262","4671","6744","5149",
"여자","1월","대한적십자사 외","구성비[%]","%","7.6","7.6","11.3","8.9","9.7","6.9","8.1","7.5","8.4","8.5","8.2","7.5","8","7.8","10.4","7.3","6.9","6.8","6.6","10.7","8",
"여자","2월","합계","실적[건]","건","27039","39759","36379","38427","51848","49843","56011","68804","56601","62725","59564","52739","56126","53384","47793","52238","50076","50655","58198","63693","60201",
"여자","2월","합계","구성비[%]","%","6.1","7.8","7.3","6.3","7.5","6.5","7.1","8.4","6.4","6.8","6.5","6.6","7","6.9","6.3","7.5","7.1","6.6","7.6","8","7.2",
"여자","2월","대한적십자사","실적[건]","건","26449","39236","35693","37470","49553","46034","51017","63400","50991","57071","54536","47501","50828","47720","43853","48060","46593","46593","53109","58008","54384",
"여자","2월","대한적십자사","구성비[%]","%","6.1","7.8","7.4","6.4","7.5","6.4","7","8.4","6.4","6.8","6.5","6.6","7","6.7","6.2","7.5","7.1","6.6","7.6","7.9","7",
"여자","2월","서울중앙","실적[건]","건","2671","3737","3231","4652","5166","4558","","","","","","","","5341","4758","5432","4288","4629","5231","5633","5283",
"여자","2월","서울중앙","구성비[%]","%","6.5","7.9","6.4","7.7","8.5","5.8","","","","","","","","7.5","7","8.5","7","6.8","7.6","7.9","7.1",
"여자","2월","서울서부","실적[건]","건","1151","2117","2528","2821","4038","3581","7237","8553","6574","7558","7326","6055","5768","","","","","","","","",
"여자","2월","서울서부","구성비[%]","%","5.8","8.6","6.8","6.5","7.5","14.6","7.8","9.4","7.1","7.6","7.3","7.5","7.6","","","","","","","","",
"여자","2월","서울남부","실적[건]","건","2186","3029","3089","3237","5625","3842","4446","5862","4709","4796","4083","3950","4817","4248","4097","3879","3176","3300","3513","4814","4435",
"여자","2월","서울남부","구성비[%]","%","7.1","7.9","8.5","7.4","7.9","6.6","7.7","9.3","7.5","8.1","7","6.8","7.8","7.5","7.5","8.4","7.3","6.7","7.2","8.8","7.3",
"여자","2월","서울동부","실적[건]","건","2452","3367","4838","4399","3711","5529","7118","8243","6399","7979","6290","5791","5559","5527","4809","4840","4295","4818","5673","5973","4962",
"여자","2월","서울동부","구성비[%]","%","6.7","6.8","8.8","6.9","7.3","6.4","7.6","8.7","6.6","7.8","6.8","7.5","7.1","7.1","6.5","8","6.8","6.7","7.6","8","6.3",
"여자","2월","부산","실적[건]","건","3915","5509","4153","3834","4459","4704","4967","5624","4575","5314","5253","4508","4479","4665","3821","4141","4403","4342","5227","5158","5265",
"여자","2월","부산","구성비[%]","%","7.8","10.5","9.9","7.3","7.9","7.1","7.5","8.5","6.1","6.7","6.6","7.3","7.1","7","6","7","7.4","6.6","8.3","7.7","7.5",
"여자","2월","대구·경북","실적[건]","건","2543","3268","3171","3278","4742","4452","4759","6348","4653","5496","4977","4667","4857","4343","4172","3872","5006","4178","4720","4888","5310",
"여자","2월","대구·경북","구성비[%]","%","5.4","6.7","7.9","5.9","7.4","6.7","6.9","8.5","5.9","6.4","6","6.8","7.1","6.3","6.4","6.8","7.6","6.3","7.6","7.3","7.1",
"여자","2월","인천","실적[건]","건","2798","2635","2379","2508","2967","3219","4372","5021","4185","4235","4260","3002","3089","3211","2690","3258","3474","3757","4027","3976","3721",
"여자","2월","인천","구성비[%]","%","7.2","7.7","7.7","7.1","7.3","6.3","7.3","8.5","6.9","6.9","7.2","6.2","6.5","6.9","5.8","7.1","7.4","7.4","8.1","7.7","6.9",
"여자","2월","울산","실적[건]","건","893","1936","1270","1041","1325","1369","1210","2000","1486","1300","1530","1532","1614","1266","1443","1379","1400","1480","1898","2431","2168",
"여자","2월","울산","구성비[%]","%","5.3","11.3","9.9","6.8","8","7.1","6.3","9.4","7.1","6.1","6.5","7.1","7.9","6.1","6.3","7.3","7.1","6.5","7.4","8.2","7",
"여자","2월","경기","실적[건]","건","1321","2343","2029","2084","3143","3237","3367","4321","3411","3705","3536","3442","3738","3565","3436","4243","4299","4241","4966","4749","4707",
"여자","2월","경기","구성비[%]","%","6.3","8.7","7.7","6.6","7.4","6.8","6.7","9.1","6.7","6.8","5.9","6.8","7.3","7.5","6.6","7.8","7.5","7.3","8.9","8.4","7.3",
"여자","2월","강원","실적[건]","건","333","574","488","431","788","647","779","1534","1670","1668","1797","1611","1852","1560","1320","1775","1582","1527","1469","1993","1985",
"여자","2월","강원","구성비[%]","%","4.4","6.5","5.4","3.7","5.1","3.8","3.9","6.9","6.6","5.9","5.4","5.8","6.7","5.9","5","7.6","6.5","5.8","5.5","6.5","6.4",
"여자","2월","충북","실적[건]","건","597","983","905","889","1264","1220","1251","1063","1250","1424","1294","1078","1316","1345","1279","1348","1226","1415","1383","1664","1572",
"여자","2월","충북","구성비[%]","%","3.6","5.7","6.3","5","6.1","5.8","6.4","4.9","5.4","5.6","5","4.8","5.6","6","5.3","6.8","5.9","6.3","6.3","7.2","6.5",
"여자","2월","대전·세종·충남","실적[건]","건","910","1718","1720","1773","2607","2367","2664","3576","3146","3631","4100","3557","3847","3987","3756","4546","4397","4447","4906","5154","4694",
"여자","2월","대전·세종·충남","구성비[%]","%","4.4","5.7","5.5","4.4","6","5.5","6","6.6","5.2","5.9","6","5.5","5.7","5.7","5.2","6.8","6.6","6.2","7.4","7.4","6.5",
"여자","2월","전북","실적[건]","건","1081","1528","1411","1325","1790","1564","2203","2624","2177","2138","1750","1520","1874","1764","1795","1706","1744","1636","1761","2296","2109",
"여자","2월","전북","구성비[%]","%","4.2","5.1","6.3","5.1","6","5.2","6.4","7.4","6.1","6","5.1","5.3","6.9","6.8","6.5","6.5","6.5","5.9","6.4","7.8","6.9",
"여자","2월","광주·전남","실적[건]","건","2493","4993","3453","3976","5456","3623","4390","5701","4018","4855","5372","4348","5049","4175","3850","4289","4254","3923","4650","5723","4550",
"여자","2월","광주·전남","구성비[%]","%","5.9","9","6.6","6.3","8.5","5.3","6.3","8.9","5.6","6.2","6.7","6.3","7","6.4","5.9","7.7","7.4","6.1","7.7","9.3","7.7",
"여자","2월","경남","실적[건]","건","550","1096","757","679","1472","1180","1538","1860","1865","2014","2088","1578","1936","2106","1879","2402","2149","2063","2640","2325","2450",
"여자","2월","경남","구성비[%]","%","4.5","7.3","4.6","3.8","7","4.9","6.9","7.3","6","6.4","7.1","5.7","6.6","6.6","6","7.8","7.2","6.6","8.8","7","7.1",
"여자","2월","제주","실적[건]","건","555","403","271","543","1000","942","716","1070","873","958","880","862","1033","617","748","950","900","837","1045","1231","1173",
"여자","2월","제주","구성비[%]","%","8.3","6.7","4.5","5.8","8.4","6.9","5.7","9.4","6.8","6.7","5.9","7.1","8.5","6.1","6.6","7.5","7.2","6.6","7.2","8","7.5",
"여자","2월","대한적십자사 외","실적[건]","건","590","523","686","957","2295","3809","4994","5404","5610","5654","5028","5238","5298","5664","3940","4178","3483","4062","5089","5685","5817",
"여자","2월","대한적십자사 외","구성비[%]","%","6.9","6.4","5.4","5.3","8.3","7.7","8.2","8.3","7","7.2","6.7","6.5","7.5","8.4","7.9","7.9","6.4","6.5","7.1","9","9.1",
"여자","3월","합계","실적[건]","건","35730","42537","38082","48825","57457","56735","66346","67762","70065","73447","77895","71714","66642","66533","58605","49734","62056","57470","62036","58616","68019",
"여자","3월","합계","구성비[%]","%","8.1","8.3","7.7","8.1","8.3","7.4","8.4","8.3","8","8","8.5","9","8.4","8.6","7.8","7.2","8.7","7.4","8.1","7.4","8.1",
"여자","3월","대한적십자사","실적[건]","건","34958","42108","37219","47674","54894","52444","60662","63344","62995","67091","71623","64913","60240","61050","55507","44423","57684","52647","55708","53924","62862",
"여자","3월","대한적십자사","구성비[%]","%","8.1","8.4","7.7","8.1","8.3","7.3","8.3","8.4","7.9","8","8.5","9","8.3","8.6","7.9","6.9","8.8","7.4","8","7.3","8.1",
"여자","3월","서울중앙","실적[건]","건","2647","3774","3340","4836","5236","4453","","","","","","","","6211","4982","4743","5349","4821","5049","4826","5435",
"여자","3월","서울중앙","구성비[%]","%","6.5","7.9","6.6","8","8.6","5.6","","","","","","","","8.7","7.3","7.4","8.7","7.1","7.3","6.8","7.4",
"여자","3월","서울서부","실적[건]","건","1421","1934","2500","3257","4400","3653","7267","7675","6726","8290","8466","7275","6010","","","","","","","","",
"여자","3월","서울서부","구성비[%]","%","7.2","7.9","6.7","7.5","8.2","14.9","7.9","8.4","7.2","8.3","8.4","9.1","8","","","","","","","","",
"여자","3월","서울남부","실적[건]","건","2784","3574","2893","3661","5588","4266","4632","5394","5015","4597","4685","4966","5383","4837","4097","3694","3633","3574","3804","3558","4525",
"여자","3월","서울남부","구성비[%]","%","9","9.3","7.9","8.4","7.8","7.3","8","8.6","8","7.7","8","8.6","8.8","8.5","7.5","8","8.3","7.3","7.8","6.5","7.4",
"여자","3월","서울동부","실적[건]","건","2859","3584","4316","5228","3761","5884","7378","7384","7355","7586","7660","7687","5671","6291","5005","4255","5253","5572","6114","4807","6500",
"여자","3월","서울동부","구성비[%]","%","7.8","7.2","7.9","8.2","7.4","6.8","7.9","7.8","7.6","7.4","8.3","9.9","7.2","8.1","6.8","7","8.3","7.8","8.1","6.5","8.3",
"여자","3월","부산","실적[건]","건","4089","4518","3277","4014","5249","5091","6587","6569","6949","6291","7676","5444","6001","6169","5190","4000","6085","4963","5329","5966","6347",
"여자","3월","부산","구성비[%]","%","8.2","8.6","7.8","7.6","9.3","7.7","10","9.9","9.3","8","9.7","8.8","9.5","9.2","8.1","6.8","10.3","7.5","8.4","8.9","9.1",
"여자","3월","대구·경북","실적[건]","건","4136","4752","3505","4895","5854","5311","5612","6373","5697","7445","7625","6267","6289","6312","6014","2304","6372","5603","5448","4943","6228",
"여자","3월","대구·경북","구성비[%]","%","8.7","9.7","8.7","8.8","9.2","8","8.1","8.5","7.2","8.7","9.2","9.2","9.2","9.1","9.2","4","9.6","8.5","8.7","7.4","8.4",
"여자","3월","인천","실적[건]","건","2762","2142","1994","2778","2944","2852","4560","4524","4691","4292","4926","4281","3504","3975","3339","3634","3740","3880","3975","3934","3840",
"여자","3월","인천","구성비[%]","%","7.1","6.3","6.4","7.9","7.2","5.5","7.6","7.7","7.7","7","8.3","8.8","7.3","8.5","7.2","8","8","7.6","8","7.6","7.1",
"여자","3월","울산","실적[건]","건","1058","1140","809","1093","1256","1395","1466","1751","1857","1894","2297","1927","2059","1926","2055","1045","1730","1491","1858","1845","2602",
"여자","3월","울산","구성비[%]","%","6.3","6.6","6.3","7.2","7.6","7.3","7.6","8.3","8.9","8.9","9.7","8.9","10.1","9.3","8.9","5.5","8.8","6.5","7.3","6.2","8.4",
"여자","3월","경기","실적[건]","건","1783","1837","1598","1951","2888","3179","3742","3712","3268","4035","4702","4641","4371","4007","3739","3899","4824","4579","4557","4538","5164",
"여자","3월","경기","구성비[%]","%","8.5","6.9","6.1","6.2","6.8","6.7","7.5","7.8","6.4","7.4","7.9","9.2","8.6","8.4","7.2","7.1","8.4","7.9","8.2","8.1","8",
"여자","3월","강원","실적[건]","건","723","840","945","1107","1104","1044","1521","1789","2129","2313","2472","2285","1949","2384","2201","1595","2146","1833","2106","2351","2653",
"여자","3월","강원","구성비[%]","%","9.5","9.4","10.5","9.5","7.1","6.1","7.7","8","8.4","8.2","7.4","8.3","7.1","9","8.4","6.8","8.9","6.9","7.9","7.6","8.6",
"여자","3월","충북","실적[건]","건","1380","1495","1353","1517","1984","1812","2026","1694","2078","2174","2313","1998","2051","2151","2009","1498","1773","1553","1694","1755","1874",
"여자","3월","충북","구성비[%]","%","8.3","8.7","9.4","8.5","9.6","8.6","10.4","7.8","9","8.5","8.9","8.8","8.7","9.6","8.4","7.6","8.5","6.9","7.8","7.6","7.8",
"여자","3월","대전·세종·충남","실적[건]","건","1897","3110","2623","3446","4071","3384","4154","4413","5125","5109","5843","5830","5727","5757","5474","4457","6317","5502","6157","5085","6343",
"여자","3월","대전·세종·충남","구성비[%]","%","9.2","10.3","8.4","8.5","9.4","7.9","9.3","8.2","8.5","8.3","8.5","9","8.5","8.3","7.6","6.6","9.5","7.6","9.3","7.3","8.7",
"여자","3월","전북","실적[건]","건","2536","3340","2691","2892","2725","2709","2874","3121","3135","2580","2658","2624","2097","1992","2189","1986","1948","1942","2017","2104","2383",
"여자","3월","전북","구성비[%]","%","10","11.2","12","11.1","9.2","8.9","8.3","8.8","8.8","7.3","7.8","9.2","7.8","7.6","7.9","7.5","7.3","7","7.4","7.2","7.7",
"여자","3월","광주·전남","실적[건]","건","3561","4358","4224","5141","5125","4710","5907","5643","5459","6440","6566","6067","5438","6018","5632","3991","5231","4035","4394","4212","4647",
"여자","3월","광주·전남","구성비[%]","%","8.4","7.8","8.1","8.1","8","6.9","8.5","8.8","7.6","8.2","8.2","8.8","7.5","9.2","8.7","7.2","9.1","6.2","7.3","6.8","7.9",
"여자","3월","경남","실적[건]","건","967","1315","781","1021","1712","1525","1666","2257","2346","2760","2511","2521","2754","2206","2569","2322","2248","2233","2092","2672","3118",
"여자","3월","경남","구성비[%]","%","7.8","8.7","4.8","5.8","8.1","6.4","7.5","8.9","7.5","8.7","8.5","9.1","9.5","6.9","8.1","7.6","7.6","7.2","7","8","9",
"여자","3월","제주","실적[건]","건","355","395","370","837","997","1176","1270","1045","1165","1285","1223","1100","936","814","1012","1000","1035","1066","1114","1328","1203",
"여자","3월","제주","구성비[%]","%","5.3","6.6","6.2","9","8.4","8.6","10.2","9.2","9.1","9","8.2","9.1","7.7","8.1","8.9","7.9","8.2","8.4","7.6","8.7","7.7",
"여자","3월","대한적십자사 외","실적[건]","건","772","429","863","1151","2563","4291","5684","4418","7070","6356","6272","6801","6402","5483","3098","5311","4372","4823","6328","4692","5157",
"여자","3월","대한적십자사 외","구성비[%]","%","9","5.2","6.8","6.3","9.3","8.7","9.4","6.8","8.9","8.1","8.4","8.5","9.1","8.1","6.2","10","8","7.7","8.9","7.4","8",
"여자","4월","합계","실적[건]","건","38655","44271","40177","50052","58078","58120","63243","59589","67761","71980","74428","64644","63431","65701","58750","46510","56776","72843","59772","61363","67358",
"여자","4월","합계","구성비[%]","%","8.7","8.7","8.1","8.3","8.4","7.6","8","7.3","7.7","7.9","8.1","8.1","8","8.5","7.8","6.7","8","9.4","7.8","7.7","8",
"여자","4월","대한적십자사","실적[건]","건","37898","43867","39202","48832","56449","54534","58178","55136","61062","65735","68690","57526","57084","60430","56094","42783","52833","67966","53928","57183","61815",
"여자","4월","대한적십자사","구성비[%]","%","8.7","8.7","8.1","8.3","8.5","7.6","8","7.3","7.6","7.9","8.2","8","7.9","8.5","8","6.7","8.1","9.6","7.7","7.8","8",
"여자","4월","서울중앙","실적[건]","건","4093","4672","4516","5315","5099","4792","","","","","","","","6189","5046","4527","4820","6670","5834","5776","6266",
"여자","4월","서울중앙","구성비[%]","%","10","9.8","9","8.8","8.4","6.1","","","","","","","","8.7","7.4","7.1","7.9","9.8","8.5","8.1","8.5",
"여자","4월","서울서부","실적[건]","건","1402","1973","3023","3361","4749","4059","7067","6494","6834","7656","8005","6094","6127","","","","","","","","",
"여자","4월","서울서부","구성비[%]","%","7.1","8.1","8.1","7.8","8.8","16.6","7.6","7.1","7.4","7.7","8","7.6","8.1","","","","","","","","",
"여자","4월","서울남부","실적[건]","건","2468","3428","3099","3406","6509","4017","4645","5105","4219","4602","4904","4199","4625","5271","4220","3129","3544","4578","4162","4438","5090",
"여자","4월","서울남부","구성비[%]","%","8","8.9","8.5","7.8","9.1","6.9","8.1","8.1","6.7","7.8","8.4","7.3","7.5","9.3","7.8","6.8","8.1","9.3","8.5","8.1","8.4",
"여자","4월","서울동부","실적[건]","건","2579","4585","4771","5338","3905","6306","7748","5957","7269","7500","7269","5668","5966","6428","5331","4286","5247","6866","6127","6051","6446",
"여자","4월","서울동부","구성비[%]","%","7","9.2","8.7","8.4","7.7","7.3","8.3","6.3","7.5","7.3","7.9","7.3","7.6","8.3","7.2","7.1","8.3","9.6","8.2","8.2","8.2",
"여자","4월","부산","실적[건]","건","3736","3943","2476","4099","4699","4643","5283","4332","5518","5773","5773","5178","5075","5366","5786","3687","4813","6219","4976","5888","5625",
"여자","4월","부산","구성비[%]","%","7.5","7.5","5.9","7.8","8.3","7","8","6.5","7.4","7.3","7.3","8.4","8","8","9.1","6.2","8.1","9.4","7.9","8.8","8",
"여자","4월","대구·경북","실적[건]","건","4143","4018","3419","4455","4743","4930","5124","5524","6540","6900","7600","5811","5529","5839","5607","3226","4894","5999","4724","4695","6209",
"여자","4월","대구·경북","구성비[%]","%","8.7","8.2","8.5","8","7.4","7.4","7.4","7.4","8.3","8.1","9.2","8.5","8.1","8.4","8.6","5.7","7.4","9.1","7.6","7.1","8.4",
"여자","4월","인천","실적[건]","건","4460","3298","2225","2578","3251","2989","4225","3778","4000","4976","4745","3558","3954","4001","3698","3288","3845","5106","3453","3918","3730",
"여자","4월","인천","구성비[%]","%","11.5","9.7","7.2","7.3","8","5.8","7.1","6.4","6.6","8.1","8","7.3","8.3","8.6","8","7.2","8.2","10.1","7","7.6","6.9",
"여자","4월","울산","실적[건]","건","1142","1172","766","1186","1287","1250","1511","1565","1762","1405","2062","1700","1815","1769","1863","1224","1630","2065","1979","2294","2272",
"여자","4월","울산","구성비[%]","%","6.7","6.8","6","7.8","7.8","6.5","7.9","7.4","8.4","6.6","8.7","7.9","8.9","8.5","8.1","6.5","8.3","9","7.8","7.7","7.3",
"여자","4월","경기","실적[건]","건","1743","2354","2474","2479","3474","3333","3591","3899","4629","4023","4686","4065","4136","3803","4201","3917","4744","5764","4051","4437","5266",
"여자","4월","경기","구성비[%]","%","8.3","8.8","9.4","7.9","8.2","7","7.2","8.2","9.1","7.4","7.9","8","8.1","8","8","7.2","8.3","10","7.3","7.9","8.2",
"여자","4월","강원","실적[건]","건","924","813","1250","1399","1331","1463","2174","1644","2260","2495","3194","2764","2500","2792","2234","1472","1963","2842","1998","2238","2770",
"여자","4월","강원","구성비[%]","%","12.1","9.1","13.8","12.1","8.6","8.5","10.9","7.4","8.9","8.9","9.5","10","9.1","10.5","8.5","6.3","8.1","10.7","7.4","7.3","9",
"여자","4월","충북","실적[건]","건","1490","1608","1463","1714","2185","2236","1747","2219","2134","2465","2596","1892","1974","1985","2237","1207","1743","2312","1729","1822","2057",
"여자","4월","충북","구성비[%]","%","9","9.3","10.1","9.6","10.6","10.6","8.9","10.2","9.2","9.6","10","8.4","8.3","8.9","9.3","6.1","8.4","10.2","7.9","7.9","8.6",
"여자","4월","대전·세종·충남","실적[건]","건","1801","2776","2229","3330","3721","3423","3615","4298","4199","4887","5138","5529","4947","5891","5846","4412","5632","6422","5067","4970","5362",
"여자","4월","대전·세종·충남","구성비[%]","%","8.7","9.2","7.2","8.2","8.6","8","8.1","8","6.9","8","7.5","8.5","7.3","8.5","8.1","6.6","8.5","8.9","7.7","7.1","7.4",
"여자","4월","전북","실적[건]","건","2562","3412","1807","2944","3579","2947","3319","2771","2983","3471","3078","2236","2121","2270","2195","1710","2226","2296","2188","2432","2406",
"여자","4월","전북","구성비[%]","%","10.1","11.4","8.1","11.3","12.1","9.7","9.6","7.8","8.4","9.8","9","7.9","7.8","8.7","8","6.5","8.4","8.3","8","8.3","7.8",
"여자","4월","광주·전남","실적[건]","건","3696","4027","4249","5022","5320","5172","5553","4548","5593","6279","6148","5572","5624","5066","4428","3555","4195","6707","4303","4574","4605",
"여자","4월","광주·전남","구성비[%]","%","8.7","7.2","8.1","8","8.3","7.6","8","7.1","7.8","8","7.7","8.1","7.7","7.7","6.8","6.4","7.3","10.4","7.2","7.4","7.8",
"여자","4월","경남","실적[건]","건","1121","1290","1080","1664","1838","2022","1800","2009","2218","2436","2343","2200","1836","2892","2501","2076","2412","3041","2174","2403","2286",
"여자","4월","경남","구성비[%]","%","9.1","8.6","6.6","9.4","8.7","8.4","8.1","7.9","7.1","7.7","7.9","8","6.3","9.1","7.9","6.8","8.1","9.8","7.2","7.2","6.6",
"여자","4월","제주","실적[건]","건","538","498","355","542","759","952","776","993","904","867","1149","1060","855","868","901","1067","1125","1079","1163","1247","1425",
"여자","4월","제주","구성비[%]","%","8","8.3","5.9","5.8","6.4","6.9","6.2","8.8","7.1","6.1","7.7","8.8","7.1","8.6","8","8.4","9","8.5","8","8.1","9.2",
"여자","4월","대한적십자사 외","실적[건]","건","757","404","975","1220","1629","3586","5065","4453","6699","6245","5738","7118","6347","5271","2656","3727","3943","4877","5844","4180","5543",
"여자","4월","대한적십자사 외","구성비[%]","%","8.8","4.9","7.7","6.7","5.9","7.3","8.3","6.8","8.4","7.9","7.6","8.9","9","7.8","5.3","7.1","7.2","7.7","8.2","6.6","8.6",
"여자","5월","합계","실적[건]","건","45403","51624","48577","54327","68326","72117","79859","82676","82979","95283","86068","74631","83120","76075","76944","65953","64689","75888","70109","72812","80321",
"여자","5월","합계","구성비[%]","%","10.3","10.1","9.8","9","9.9","9.4","10.1","10.1","9.4","10.4","9.4","9.3","10.4","9.8","10.2","9.5","9.1","9.8","9.1","9.1","9.6",
"여자","5월","대한적십자사","실적[건]","건","44570","51224","47682","52826","66380","67378","74599","76661","75026","86665","79567","66924","75313","69699","73158","60691","60017","69438","62774","67595","74895",
"여자","5월","대한적십자사","구성비[%]","%","10.3","10.2","9.9","9","10","9.4","10.2","10.2","9.4","10.3","9.4","9.3","10.4","9.8","10.4","9.5","9.2","9.8","9","9.2","9.7",
"여자","5월","서울중앙","실적[건]","건","4397","4648","4851","5570","6101","5745","","","","","","","","6715","7043","6407","5151","6036","5930","6747","7148",
"여자","5월","서울중앙","구성비[%]","%","10.8","9.8","9.6","9.2","10.1","7.3","","","","","","","","9.4","10.3","10","8.4","8.8","8.6","9.5","9.7",
"여자","5월","서울서부","실적[건]","건","2129","2323","3844","3551","5314","4299","8678","9052","8242","9778","9877","7755","7830","","","","","","","","",
"여자","5월","서울서부","구성비[%]","%","10.8","9.5","10.3","8.2","9.9","17.6","9.4","9.9","8.9","9.8","9.8","9.7","10.4","","","","","","","","",
"여자","5월","서울남부","실적[건]","건","2605","3695","3696","3951","7126","4996","5458","6794","5424","6258","5381","4692","5660","5056","5506","4424","3746","4563","4175","4757","5885",
"여자","5월","서울남부","구성비[%]","%","8.4","9.6","10.1","9","10","8.6","9.5","10.8","8.6","10.5","9.2","8.1","9.2","8.9","10.1","9.6","8.6","9.3","8.5","8.7","9.7",
"여자","5월","서울동부","실적[건]","건","3470","4232","4915","6014","4833","6700","8814","8409","8058","9769","7457","7062","7501","7195","7834","5731","5459","6605","6488","6744","7591",
"여자","5월","서울동부","구성비[%]","%","9.4","8.5","9","9.4","9.6","7.7","9.4","8.9","8.3","9.6","8.1","9.1","9.6","9.2","10.6","9.5","8.7","9.2","8.6","9.1","9.7",
"여자","5월","부산","실적[건]","건","5160","5031","2963","4097","4859","5694","6413","6298","6602","8049","7188","6039","6363","6516","6154","5603","5626","6993","5856","5907","6360",
"여자","5월","부산","구성비[%]","%","10.3","9.6","7.1","7.8","8.6","8.6","9.7","9.5","8.9","10.2","9","9.8","10","9.7","9.6","9.5","9.5","10.6","9.3","8.8","9.1",
"여자","5월","대구·경북","실적[건]","건","4877","5234","4302","4942","6187","6652","7121","7767","8886","9196","7335","6164","6476","7152","6581","4971","6348","6917","6058","6193","7905",
"여자","5월","대구·경북","구성비[%]","%","10.3","10.7","10.7","8.9","9.7","10","10.3","10.4","11.3","10.8","8.9","9","9.5","10.3","10.1","8.7","9.6","10.5","9.7","9.3","10.6",
"여자","5월","인천","실적[건]","건","4220","3164","3141","3341","4265","4518","5456","5996","5256","5942","6323","4161","4855","4025","4407","4481","4187","4774","4353","4393","5007",
"여자","5월","인천","구성비[%]","%","10.9","9.3","10.1","9.5","10.4","8.8","9.2","10.2","8.6","9.7","10.6","8.6","10.2","8.7","9.5","9.8","8.9","9.4","8.8","8.5","9.2",
"여자","5월","울산","실적[건]","건","1244","1556","1040","1034","1619","2046","2080","1985","1946","2117","2297","1777","2180","2315","2630","1573","1864","2087","2432","2954","3061",
"여자","5월","울산","구성비[%]","%","7.4","9","8.1","6.8","9.8","10.6","10.8","9.4","9.3","10","9.7","8.2","10.7","11.2","11.4","8.3","9.5","9.1","9.5","10","9.9",
"여자","5월","경기","실적[건]","건","2139","2742","2791","2919","4393","4302","5662","5099","4970","5597","5743","5109","5402","4427","5343","5260","5100","5445","4792","4711","6245",
"여자","5월","경기","구성비[%]","%","10.2","10.2","10.6","9.3","10.4","9","11.3","10.8","9.8","10.3","9.7","10.1","10.6","9.3","10.2","9.6","8.9","9.4","8.6","8.4","9.7",
"여자","5월","강원","실적[건]","건","754","926","1115","1138","1961","2079","2461","2651","2546","3405","3342","2879","3516","2999","3021","2164","2057","2520","2402","3245","3056",
"여자","5월","강원","구성비[%]","%","9.9","10.4","12.3","9.8","12.7","12.1","12.4","11.9","10","12.1","10","10.4","12.7","11.3","11.5","9.3","8.5","9.5","9","10.5","9.9",
"여자","5월","충북","실적[건]","건","1903","1821","1507","1580","2145","2271","2410","2393","2434","2999","2603","2095","2846","2552","2580","1832","1993","2538","2138","2136","2543",
"여자","5월","충북","구성비[%]","%","11.5","10.6","10.4","8.9","10.4","10.7","12.3","11","10.5","11.7","10","9.3","12","11.4","10.8","9.2","9.6","11.2","9.8","9.3","10.6",
"여자","5월","대전·세종·충남","실적[건]","건","2234","3367","3784","4482","4485","4441","5237","6047","6252","6911","7006","6484","7438","7376","8010","6648","6897","7772","6616","7046","7656",
"여자","5월","대전·세종·충남","구성비[%]","%","10.8","11.2","12.2","11.1","10.4","10.4","11.7","11.2","10.3","11.3","10.2","10","11","10.6","11.1","9.9","10.4","10.8","10","10.1","10.5",
"여자","5월","전북","실적[건]","건","3094","4103","2221","2449","3169","3334","3775","3681","3644","4282","3326","2869","2693","2586","3079","2352","2062","2414","2584","2742","2606",
"여자","5월","전북","구성비[%]","%","12.2","13.8","9.9","9.4","10.7","11","10.9","10.3","10.2","12","9.8","10.1","10","9.9","11.2","8.9","7.7","8.7","9.4","9.3","8.5",
"여자","5월","광주·전남","실적[건]","건","4780","6313","5451","5709","6804","6894","7645","6508","7129","8308","7540","6596","8228","6957","6998","5199","5567","6273","5203","5662","5433",
"여자","5월","광주·전남","구성비[%]","%","11.3","11.4","10.5","9","10.6","10.1","11","10.2","9.9","10.6","9.5","9.6","11.3","10.6","10.8","9.3","9.6","9.7","8.7","9.2","9.2",
"여자","5월","경남","실적[건]","건","1040","1626","1648","1503","1979","2230","2335","3065","2648","2799","3032","2086","2896","2857","2910","2903","2869","3276","2576","2945","3114",
"여자","5월","경남","구성비[%]","%","8.4","10.8","10.1","8.5","9.4","9.3","10.4","12.1","8.5","8.8","10.3","7.6","9.9","9","9.2","9.5","9.7","10.5","8.6","8.8","9",
"여자","5월","제주","실적[건]","건","524","443","413","546","1140","1177","1054","916","989","1255","1117","1156","1429","971","1062","1143","1091","1225","1171","1413","1285",
"여자","5월","제주","구성비[%]","%","7.8","7.4","6.9","5.8","9.6","8.6","8.4","8.1","7.7","8.8","7.5","9.6","11.8","9.7","9.4","9","8.7","9.6","8","9.2","8.3",
"여자","5월","대한적십자사 외","실적[건]","건","833","400","895","1501","1946","4739","5260","6015","7953","8618","6501","7707","7807","6376","3786","5262","4672","6450","7335","5217","5426",
"여자","5월","대한적십자사 외","구성비[%]","%","9.7","4.9","7.1","8.2","7","9.6","8.7","9.3","10","11","8.7","9.6","11.1","9.4","7.6","10","8.6","10.2","10.3","8.3","8.5",
"여자","6월","합계","실적[건]","건","37174","44439","42609","49746","61577","69890","62435","67757","74855","75296","72190","61195","62576","62287","61361","59250","61216","63686","64413","65205","74603",
"여자","6월","합계","구성비[%]","%","8.4","8.7","8.6","8.2","8.9","9.1","7.9","8.3","8.5","8.2","7.9","7.7","7.9","8","8.1","8.5","8.6","8.2","8.4","8.2","8.9",
"여자","6월","대한적십자사","실적[건]","건","36499","44073","41716","48463","60213","67248","58588","62780","69089","68722","66544","54226","56943","56588","57949","54457","55871","58404","58371","60755","68920",
"여자","6월","대한적십자사","구성비[%]","%","8.4","8.8","8.6","8.2","9.1","9.4","8","8.3","8.6","8.2","7.9","7.5","7.8","8","8.2","8.5","8.5","8.2","8.4","8.3","8.9",
"여자","6월","서울중앙","실적[건]","건","3567","4709","4136","4766","5142","7170","","","","","","","","5582","5183","5311","5487","5512","6185","5796","6463",
"여자","6월","서울중앙","구성비[%]","%","8.7","9.9","8.2","7.8","8.5","9.1","","","","","","","","7.9","7.6","8.3","9","8.1","9","8.2","8.7",
"여자","6월","서울서부","실적[건]","건","2048","2563","3591","3425","5073","4419","7615","7313","7593","8484","8423","5599","5742","","","","","","","","",
"여자","6월","서울서부","구성비[%]","%","10.4","10.5","9.6","7.9","9.4","18.1","8.2","8","8.2","8.5","8.4","7","7.6","","","","","","","","",
"여자","6월","서울남부","실적[건]","건","3116","3163","3537","3594","6317","4925","4349","5068","5649","4635","4556","3927","4426","4387","4217","4133","3557","3742","4246","4621","5910",
"여자","6월","서울남부","구성비[%]","%","10.1","8.3","9.7","8.2","8.8","8.4","7.6","8.1","9","7.8","7.8","6.8","7.2","7.8","7.7","9","8.2","7.6","8.7","8.4","9.7",
"여자","6월","서울동부","실적[건]","건","2689","4159","4653","4818","4461","6993","7182","7731","9099","8327","7727","6580","6198","7289","6692","5373","5465","5938","6787","6751","7512",
"여자","6월","서울동부","구성비[%]","%","7.3","8.4","8.5","7.6","8.8","8.1","7.7","8.1","9.4","8.1","8.4","8.5","7.9","9.4","9.1","8.9","8.7","8.3","9","9.1","9.6",
"여자","6월","부산","실적[건]","건","3942","3753","3633","3975","4361","6211","5052","5044","6093","5736","5985","4108","4974","5909","5261","5131","4623","5086","4896","5264","5864",
"여자","6월","부산","구성비[%]","%","7.9","7.2","8.7","7.5","7.7","9.4","7.6","7.6","8.2","7.3","7.5","6.6","7.8","8.8","8.2","8.7","7.8","7.7","7.7","7.9","8.4",
"여자","6월","대구·경북","실적[건]","건","4244","4975","3261","5240","5459","6604","6201","6361","6605","6536","6603","5074","5645","5223","5494","4795","5294","5247","4825","5344","6224",
"여자","6월","대구·경북","구성비[%]","%","8.9","10.1","8.1","9.4","8.5","9.9","8.9","8.5","8.4","7.7","8","7.4","8.3","7.5","8.4","8.4","8","7.9","7.7","8","8.4",
"여자","6월","인천","실적[건]","건","3022","3021","2538","3183","4319","4645","4273","5334","5592","4843","4941","3644","4168","3272","3500","3904","3502","4539","4177","4825","5090",
"여자","6월","인천","구성비[%]","%","7.8","8.8","8.2","9.1","10.6","9","7.2","9","9.2","7.9","8.3","7.5","8.7","7","7.5","8.5","7.5","8.9","8.4","9.3","9.4",
"여자","6월","울산","실적[건]","건","1592","1338","1086","1432","1455","1647","1530","1781","1819","1731","2050","1224","1393","1519","1722","1612","1673","1818","2118","2242","2891",
"여자","6월","울산","구성비[%]","%","9.4","7.8","8.5","9.4","8.8","8.6","8","8.4","8.7","8.1","8.7","5.7","6.8","7.3","7.5","8.5","8.5","7.9","8.3","7.6","9.3",
"여자","6월","경기","실적[건]","건","1694","2205","2431","2626","4198","4465","3991","4039","4385","4437","4004","3788","3717","3575","4291","4789","4576","4596","4290","4518","5279",
"여자","6월","경기","구성비[%]","%","8.1","8.2","9.2","8.4","9.9","9.4","8","8.5","8.6","8.2","6.7","7.5","7.3","7.5","8.2","8.8","8","7.9","7.7","8","8.2",
"여자","6월","강원","실적[건]","건","571","894","755","739","1392","1566","2002","1681","2354","2205","3112","2062","2205","1920","1965","2076","1967","2150","2212","2520","2857",
"여자","6월","강원","구성비[%]","%","7.5","10","8.4","6.4","9","9.1","10.1","7.5","9.3","7.8","9.3","7.5","8","7.2","7.5","8.9","8.1","8.1","8.2","8.2","9.3",
"여자","6월","충북","실적[건]","건","1489","1701","1267","1826","1706","2267","1371","1923","1869","2374","2149","1523","1889","1786","1966","1732","1951","1913","1778","1753","2271",
"여자","6월","충북","구성비[%]","%","9","9.9","8.8","10.2","8.3","10.7","7","8.8","8.1","9.3","8.2","6.7","8","8","8.2","8.7","9.4","8.5","8.1","7.6","9.5",
"여자","6월","대전·세종·충남","실적[건]","건","1576","2554","2656","3492","4450","3609","3576","4530","5432","5754","5380","5405","6040","5906","6945","5690","6403","6572","5894","5779","6146",
"여자","6월","대전·세종·충남","구성비[%]","%","7.6","8.5","8.5","8.6","10.3","8.4","8","8.4","9","9.4","7.9","8.3","8.9","8.5","9.6","8.5","9.6","9.1","8.9","8.3","8.5",
"여자","6월","전북","실적[건]","건","2279","2660","1648","1982","2808","2722","2859","2663","3222","2956","2095","2655","2538","1921","2362","2034","2781","2765","2305","2394","2742",
"여자","6월","전북","구성비[%]","%","9","8.9","7.3","7.6","9.5","9","8.3","7.5","9.1","8.3","6.2","9.3","9.4","7.4","8.6","7.7","10.4","10","8.4","8.1","8.9",
"여자","6월","광주·전남","실적[건]","건","3609","4353","4792","5266","6353","6356","5606","5898","5933","6490","5945","5353","5215","5375","5093","4380","4790","4788","4762","5270","5182",
"여자","6월","광주·전남","구성비[%]","%","8.5","7.8","9.2","8.3","9.9","9.3","8.1","9.2","8.3","8.3","7.5","7.8","7.2","8.2","7.8","7.9","8.3","7.4","7.9","8.6","8.8",
"여자","6월","경남","실적[건]","건","718","1529","1253","1338","1707","2262","1675","2154","2459","2868","1999","2048","1747","2290","2394","2372","2524","2591","2507","2532","3284",
"여자","6월","경남","구성비[%]","%","5.8","10.2","7.6","7.6","8.1","9.4","7.5","8.5","7.9","9","6.8","7.4","6","7.2","7.6","7.7","8.5","8.3","8.4","7.6","9.5",
"여자","6월","제주","실적[건]","건","343","496","479","761","1012","1387","1306","1260","985","1346","1575","1236","1046","634","864","1125","1278","1147","1389","1146","1205",
"여자","6월","제주","구성비[%]","%","5.1","8.2","8","8.1","8.5","10.1","10.4","11.1","7.7","9.4","10.5","10.2","8.7","6.3","7.6","8.9","10.2","9","9.5","7.5","7.7",
"여자","6월","대한적십자사 외","실적[건]","건","675","366","893","1283","1364","2642","3847","4977","5766","6574","5646","6969","5633","5699","3412","4793","5345","5282","6042","4450","5683",
"여자","6월","대한적십자사 외","구성비[%]","%","7.8","4.5","7","7.1","4.9","5.4","6.3","7.7","7.2","8.4","7.5","8.7","8","8.4","6.8","9.1","9.8","8.4","8.5","7.1","8.9",
"여자","7월","합계","실적[건]","건","35153","39244","42103","49794","61623","69527","63410","69074","73496","81431","80349","69454","71522","66126","69151","62961","64130","62828","73420","67788","78099",
"여자","7월","합계","구성비[%]","%","7.9","7.7","8.5","8.2","8.9","9.1","8","8.5","8.4","8.9","8.8","8.7","9","8.5","9.2","9.1","9","8.1","9.6","8.5","9.3",
"여자","7월","대한적십자사","실적[건]","건","34466","38615","41128","48389","59759","66098","58494","63019","66648","74945","73853","62369","65510","59414","65096","58167","59227","57105","67645","62904","72564",
"여자","7월","대한적십자사","구성비[%]","%","7.9","7.7","8.5","8.2","9","9.2","8","8.4","8.3","9","8.8","8.7","9","8.4","9.2","9.1","9","8","9.7","8.6","9.4",
"여자","7월","서울중앙","실적[건]","건","3463","4044","4197","5225","5309","8674","","","","","","","","6319","6456","5843","5150","6072","7376","6241","6667",
"여자","7월","서울중앙","구성비[%]","%","8.5","8.5","8.3","8.6","8.8","11","","","","","","","","8.9","9.5","9.1","8.4","8.9","10.7","8.8","9",
"여자","7월","서울서부","실적[건]","건","1669","1399","3740","3737","4634","-","8122","8247","7843","8512","8653","7113","7119","","","","","","","","",
"여자","7월","서울서부","구성비[%]","%","8.5","5.7","10","8.7","8.6","-","8.8","9","8.5","8.5","8.6","8.9","9.4","","","","","","","","",
"여자","7월","서울남부","실적[건]","건","2485","3197","3191","3391","6519","6427","4595","5511","5861","5666","5338","5384","6099","4779","5092","4245","3758","4145","5034","4536","5189",
"여자","7월","서울남부","구성비[%]","%","8","8.3","8.7","7.7","9.1","11","8","8.8","9.3","9.5","9.1","9.3","9.9","8.4","9.4","9.2","8.6","8.5","10.3","8.2","8.5",
"여자","7월","서울동부","실적[건]","건","2840","4081","4363","5674","4930","8850","8079","9640","8720","10178","8046","6490","7822","6982","7106","5695","5776","6074","7311","6684","7397",
"여자","7월","서울동부","구성비[%]","%","7.7","8.2","7.9","8.9","9.8","10.2","8.6","10.2","9","10","8.7","8.4","10","9","9.6","9.4","9.2","8.5","9.7","9","9.4",
"여자","7월","부산","실적[건]","건","3800","4166","3603","4395","4780","5927","5548","4810","5785","7359","7542","5367","5664","5727","5364","5476","5406","5407","5420","5289","5917",
"여자","7월","부산","구성비[%]","%","7.6","8","8.6","8.3","8.4","9","8.4","7.2","7.8","9.3","9.5","8.7","8.9","8.5","8.4","9.2","9.1","8.2","8.6","7.9","8.5",
"여자","7월","대구·경북","실적[건]","건","3690","3857","2684","3915","5639","5405","5411","5522","5595","6872","6409","5518","5779","5036","5449","4975","5708","4215","5243","5447","6754",
"여자","7월","대구·경북","구성비[%]","%","7.8","7.9","6.7","7","8.8","8.1","7.8","7.4","7.1","8.1","7.8","8.1","8.5","7.3","8.4","8.7","8.6","6.4","8.4","8.2","9.1",
"여자","7월","인천","실적[건]","건","3333","2690","2792","2951","4193","5822","5179","4962","5746","6078","5087","4157","4314","4447","4765","4416","4133","4273","5436","4495","5350",
"여자","7월","인천","구성비[%]","%","8.6","7.9","9","8.4","10.3","11.3","8.7","8.4","9.5","9.9","8.6","8.6","9","9.6","10.3","9.7","8.8","8.4","11","8.7","9.9",
"여자","7월","울산","실적[건]","건","1535","1333","982","1321","1525","1619","1454","1835","1672","1947","2040","1611","1431","1637","2095","1899","1887","1777","2163","2564","3003",
"여자","7월","울산","구성비[%]","%","9.1","7.7","7.7","8.7","9.2","8.4","7.6","8.7","8","9.2","8.6","7.5","7","7.9","9.1","10.1","9.6","7.7","8.5","8.7","9.7",
"여자","7월","경기","실적[건]","건","1584","2273","2206","2674","4189","4911","4193","4356","4622","5579","6024","4730","4748","3895","5055","5013","5359","4828","5562","4781","6629",
"여자","7월","경기","구성비[%]","%","7.6","8.5","8.4","8.5","9.9","10.3","8.4","9.2","9.1","10.3","10.1","9.3","9.3","8.2","9.7","9.2","9.4","8.3","10","8.5","10.3",
"여자","7월","강원","실적[건]","건","531","613","444","866","1050","1337","988","1596","2170","2072","2913","2379","2123","2083","2230","1974","2225","2016","2503","2464","2666",
"여자","7월","강원","구성비[%]","%","7","6.9","4.9","7.5","6.8","7.8","5","7.2","8.6","7.4","8.7","8.6","7.7","7.8","8.5","8.5","9.2","7.6","9.3","8","8.6",
"여자","7월","충북","실적[건]","건","1509","1448","1272","1633","1980","1728","1412","1375","1629","2055","1966","2099","1826","1903","2223","1686","2141","1811","2258","2060","2579",
"여자","7월","충북","구성비[%]","%","9.1","8.4","8.8","9.1","9.6","8.2","7.2","6.3","7","8","7.5","9.3","7.7","8.5","9.3","8.5","10.3","8","10.3","9","10.7",
"여자","7월","대전·세종·충남","실적[건]","건","1568","1951","2686","2620","3759","2823","3041","3921","4443","4224","5597","4936","5659","5250","5596","5954","5550","5309","5582","5854","6531",
"여자","7월","대전·세종·충남","구성비[%]","%","7.6","6.5","8.6","6.5","8.7","6.6","6.8","7.3","7.3","6.9","8.2","7.6","8.4","7.5","7.7","8.9","8.3","7.4","8.4","8.4","9",
"여자","7월","전북","실적[건]","건","1484","1712","1524","1683","2361","2092","2670","3361","2862","3111","2636","2207","2305","1760","2416","2148","2476","2283","2742","2523","3175",
"여자","7월","전북","구성비[%]","%","5.8","5.7","6.8","6.5","8","6.9","7.7","9.4","8","8.7","7.7","7.8","8.5","6.7","8.8","8.1","9.3","8.2","10","8.6","10.3",
"여자","7월","광주·전남","실적[건]","건","3315","4054","4783","5958","5652","6793","5215","5197","5463","6372","7332","6392","6264","5886","6871","4835","5507","5297","6889","5124","5599",
"여자","7월","광주·전남","구성비[%]","%","7.8","7.3","9.2","9.4","8.8","10","7.5","8.2","7.6","8.1","9.2","9.3","8.6","9","10.6","8.7","9.5","8.2","11.5","8.3","9.5",
"여자","7월","경남","실적[건]","건","963","1243","2198","1593","2105","2336","1587","1995","3202","3527","2927","2961","3332","2918","3284","2836","2942","2596","2726","3473","3493",
"여자","7월","경남","구성비[%]","%","7.8","8.3","13.4","9","10","9.7","7.1","7.9","10.3","11.1","9.9","10.7","11.4","9.2","10.4","9.2","9.9","8.4","9.1","10.4","10.1",
"여자","7월","제주","실적[건]","건","697","554","463","753","1134","1354","1000","691","1035","1393","1343","1025","1025","792","1094","1172","1209","1002","1400","1369","1615",
"여자","7월","제주","구성비[%]","%","10.4","9.2","7.7","8.1","9.5","9.8","8","6.1","8.1","9.8","9","8.5","8.5","7.9","9.7","9.3","9.6","7.9","9.6","8.9","10.4",
"여자","7월","대한적십자사 외","실적[건]","건","687","629","975","1405","1864","3429","4916","6055","6848","6486","6496","7085","6012","6712","4055","4794","4903","5723","5775","4884","5535",
"여자","7월","대한적십자사 외","구성비[%]","%","8","7.7","7.7","7.7","6.7","7","8.1","9.3","8.6","8.2","8.7","8.8","8.5","9.9","8.1","9.1","9","9.1","8.1","7.8","8.6",
"여자","8월","합계","실적[건]","건","35204","38461","35985","46763","58521","67594","66195","62297","74581","74544","76857","60645","66769","59900","65301","63485","57858","65468","73666","64391","70492",
"여자","8월","합계","구성비[%]","%","8","7.5","7.3","7.7","8.5","8.8","8.4","7.6","8.5","8.1","8.4","7.6","8.4","7.7","8.7","9.1","8.2","8.5","9.6","8.1","8.4",
"여자","8월","대한적십자사","실적[건]","건","34548","37582","35003","45391","56544","63657","61243","57049","68076","67550","70499","53934","60364","54395","59988","59093","52860","60680","67760","58836","65567",
"여자","8월","대한적십자사","구성비[%]","%","8","7.5","7.2","7.7","8.5","8.9","8.4","7.6","8.5","8.1","8.4","7.5","8.3","7.7","8.5","9.2","8.1","8.5","9.7","8","8.5",
"여자","8월","서울중앙","실적[건]","건","3216","3437","3789","5184","5365","8313","","","","","","","","5518","6094","5542","5180","5942","6787","5797","6386",
"여자","8월","서울중앙","구성비[%]","%","7.9","7.2","7.5","8.5","8.9","10.5","","","","","","","","7.8","8.9","8.6","8.5","8.7","9.9","8.2","8.6",
"여자","8월","서울서부","실적[건]","건","1647","2109","3266","3769","4703","-","8367","7901","9126","8273","9265","5614","6438","","","","","","","","",
"여자","8월","서울서부","구성비[%]","%","8.4","8.6","8.8","8.7","8.7","-","9","8.7","9.8","8.3","9.2","7","8.5","","","","","","","","",
"여자","8월","서울남부","실적[건]","건","2979","2788","2452","3501","5956","6000","4808","4538","5980","5087","5527","4911","5390","4447","4708","3847","4063","5035","5050","4557","5604",
"여자","8월","서울남부","구성비[%]","%","9.6","7.3","6.7","8","8.3","10.3","8.3","7.2","9.5","8.6","9.4","8.5","8.8","7.9","8.7","8.4","9.3","10.3","10.3","8.3","9.2",
"여자","8월","서울동부","실적[건]","건","2727","3676","4166","5019","4914","9220","7776","7974","8052","8574","7647","5389","6873","5820","6638","5160","5260","6058","6909","6060","6689",
"여자","8월","서울동부","구성비[%]","%","7.4","7.4","7.6","7.9","9.7","10.6","8.3","8.4","8.3","8.4","8.3","6.9","8.8","7.5","9","8.5","8.4","8.5","9.2","8.2","8.5",
"여자","8월","부산","실적[건]","건","4264","3829","3067","4418","5030","5974","5761","5452","7543","6244","6818","4803","5189","5307","5487","5498","4234","5343","6313","4937","5718",
"여자","8월","부산","구성비[%]","%","8.5","7.3","7.3","8.4","8.9","9.1","8.7","8.2","10.1","7.9","8.6","7.8","8.2","7.9","8.6","9.3","7.1","8.1","10","7.4","8.2",
"여자","8월","대구·경북","실적[건]","건","3418","3296","2916","3870","5733","6025","5778","5197","5938","6323","5945","4945","5360","5499","5193","6234","4736","5468","5784","4979","5875",
"여자","8월","대구·경북","구성비[%]","%","7.2","6.7","7.3","6.9","9","9","8.3","6.9","7.5","7.4","7.2","7.2","7.9","7.9","8","10.9","7.2","8.3","9.3","7.5","7.9",
"여자","8월","인천","실적[건]","건","3171","2186","2260","2493","3577","5147","5456","4464","5740","5506","5114","3991","4182","3844","4396","4091","4089","4106","4812","4430","4830",
"여자","8월","인천","구성비[%]","%","8.2","6.4","7.3","7.1","8.7","10","9.2","7.6","9.4","9","8.6","8.2","8.8","8.3","9.5","9","8.7","8.1","9.7","8.6","8.9",
"여자","8월","울산","실적[건]","건","1899","1824","985","1425","1518","1839","1628","1843","1825","1737","1747","1907","1794","1742","1860","1629","1513","2210","2560","2370","2784",
"여자","8월","울산","구성비[%]","%","11.2","10.6","7.7","9.3","9.2","9.6","8.5","8.7","8.7","8.2","7.4","8.8","8.8","8.4","8.1","8.6","7.7","9.6","10","8","9",
"여자","8월","경기","실적[건]","건","1938","2140","1838","2313","3888","4020","4563","3384","4311","4673","4767","3579","4282","3528","4177","4574","4714","4862","4984","4659","5107",
"여자","8월","경기","구성비[%]","%","9.3","8","7","7.4","9.2","8.4","9.1","7.1","8.5","8.6","8","7.1","8.4","7.4","8","8.4","8.3","8.4","8.9","8.3","8",
"여자","8월","강원","실적[건]","건","604","636","391","747","986","1155","1322","1448","1761","2101","2509","1985","2154","1808","2288","2273","2160","2498","3370","2465","2458",
"여자","8월","강원","구성비[%]","%","7.9","7.1","4.3","6.4","6.4","6.7","6.6","6.5","6.9","7.5","7.5","7.2","7.8","6.8","8.7","9.7","8.9","9.4","12.6","8","8",
"여자","8월","충북","실적[건]","건","1051","1175","804","950","1432","1405","1302","1401","1371","1721","1961","1515","1860","1592","2051","1936","1660","1700","2144","1761","1876",
"여자","8월","충북","구성비[%]","%","6.3","6.8","5.6","5.3","6.9","6.6","6.7","6.4","5.9","6.7","7.5","6.7","7.9","7.1","8.6","9.8","8","7.5","9.8","7.7","7.8",
"여자","8월","대전·세종·충남","실적[건]","건","1469","1567","2108","2759","3284","3233","3476","3612","4507","4446","5310","4752","4801","4731","5760","6762","5203","5933","6277","5412","5820",
"여자","8월","대전·세종·충남","구성비[%]","%","7.1","5.2","6.8","6.8","7.6","7.5","7.8","6.7","7.5","7.3","7.7","7.3","7.1","6.8","8","10.1","7.8","8.2","9.5","7.8","8",
"여자","8월","전북","실적[건]","건","1589","1901","1456","1643","1965","2467","2678","2729","2516","2753","3126","2150","2281","2236","2138","2635","2086","2283","2805","2294","2768",
"여자","8월","전북","구성비[%]","%","6.2","6.4","6.5","6.3","6.6","8.1","7.7","7.7","7.1","7.7","9.2","7.6","8.4","8.6","7.8","10","7.8","8.2","10.2","7.8","9",
"여자","8월","광주·전남","실적[건]","건","2910","5279","3636","5285","5458","5867","5214","4402","5521","6120","6969","5244","6644","4829","5065","4825","4705","5304","6388","5028","5420",
"여자","8월","광주·전남","구성비[%]","%","6.9","9.5","7","8.4","8.5","8.6","7.5","6.9","7.7","7.8","8.7","7.6","9.2","7.4","7.8","8.7","8.2","8.2","10.6","8.2","9.2",
"여자","8월","경남","실적[건]","건","1049","1056","1145","1197","1653","1729","1775","1874","2474","2657","2323","2170","2080","2783","3105","3083","2268","2675","2491","2719","2939",
"여자","8월","경남","구성비[%]","%","8.5","7","7","6.8","7.9","7.2","7.9","7.4","8","8.4","7.9","7.9","7.1","8.7","9.8","10","7.7","8.6","8.3","8.1","8.5",
"여자","8월","제주","실적[건]","건","617","683","724","818","1082","1263","1339","830","1411","1335","1471","979","1036","711","1028","1004","989","1263","1086","1368","1293",
"여자","8월","제주","구성비[%]","%","9.2","11.4","12","8.8","9.1","9.2","10.7","7.3","11","9.4","9.8","8.1","8.6","7.1","9.1","7.9","7.9","9.9","7.5","8.9","8.3",
"여자","8월","대한적십자사 외","실적[건]","건","656","879","982","1372","1977","3937","4952","5248","6505","6994","6358","6711","6405","5505","5313","4392","4998","4788","5906","5555","4925",
"여자","8월","대한적십자사 외","구성비[%]","%","7.6","10.7","7.8","7.5","7.1","8","8.1","8.1","8.2","8.9","8.5","8.4","9.1","8.2","10.7","8.3","9.2","7.6","8.3","8.8","7.7",
"여자","9월","합계","실적[건]","건","36229","44286","33224","52555","57583","63441","65371","63522","65242","72150","77843","61265","69942","63470","58864","61016","53506","74011","61356","67035","72939",
"여자","9월","합계","구성비[%]","%","8.2","8.7","6.7","8.7","8.3","8.3","8.3","7.8","7.4","7.9","8.5","7.7","8.8","8.2","7.8","8.8","7.5","9.6","8","8.4","8.7",
"여자","9월","대한적십자사","실적[건]","건","35627","43254","31894","50988","55216","58952","60673","58726","59643","66835","72020","55658","64544","58324","55143","57085","49343","68749","56250","62025","67623",
"여자","9월","대한적십자사","구성비[%]","%","8.2","8.6","6.6","8.7","8.3","8.2","8.3","7.8","7.5","8","8.5","7.7","8.9","8.2","7.8","8.9","7.5","9.7","8.1","8.4","8.7",
"여자","9월","서울중앙","실적[건]","건","3362","3246","3422","4446","4406","7246","","","","","","","","5383","4653","5403","4704","6218","5312","6134","5978",
"여자","9월","서울중앙","구성비[%]","%","8.2","6.8","6.8","7.3","7.3","9.2","","","","","","","","7.6","6.8","8.4","7.7","9.1","7.7","8.6","8.1",
"여자","9월","서울서부","실적[건]","건","1842","1819","2475","3796","4401","-","7031","6149","6549","6972","7876","5724","5933","","","","","","","","",
"여자","9월","서울서부","구성비[%]","%","9.3","7.4","6.6","8.8","8.2","-","7.6","6.7","7.1","7","7.8","7.1","7.9","","","","","","","","",
"여자","9월","서울남부","실적[건]","건","2212","2872","2049","3473","5481","4478","4699","4568","4562","4336","4702","4948","5334","4579","3993","3605","3032","4792","3840","4538","4969",
"여자","9월","서울남부","구성비[%]","%","7.2","7.5","5.6","7.9","7.7","7.7","8.2","7.3","7.2","7.3","8","8.6","8.7","8.1","7.3","7.8","7","9.8","7.8","8.3","8.2",
"여자","9월","서울동부","실적[건]","건","2621","4767","3505","5024","3971","7294","7284","6833","6770","8730","7718","4728","6442","6400","5540","5006","4791","6833","6384","6239","6620",
"여자","9월","서울동부","구성비[%]","%","7.1","9.6","6.4","7.9","7.9","8.4","7.8","7.2","7","8.5","8.4","6.1","8.2","8.2","7.5","8.3","7.6","9.5","8.5","8.4","8.4",
"여자","9월","부산","실적[건]","건","3470","4109","3023","4477","5068","5584","5638","5317","5336","6492","6593","4545","5958","5438","5084","5460","4089","6053","5056","5476","6241",
"여자","9월","부산","구성비[%]","%","6.9","7.9","7.2","8.5","9","8.5","8.5","8","7.2","8.2","8.3","7.4","9.4","8.1","8","9.2","6.9","9.2","8","8.2","8.9",
"여자","9월","대구·경북","실적[건]","건","4919","4676","2750","5337","6054","5857","5751","6832","7284","7193","7973","6060","6611","5764","5173","5557","4927","6271","4970","5892","6648",
"여자","9월","대구·경북","구성비[%]","%","10.4","9.5","6.8","9.6","9.5","8.8","8.3","9.1","9.3","8.4","9.7","8.9","9.7","8.3","7.9","9.7","7.4","9.5","8","8.9","8.9",
"여자","9월","인천","실적[건]","건","2663","2789","1451","3166","2965","4408","5228","4964","3844","4538","5017","3842","3951","3683","3514","4029","3537","4202","4030","4281","4605",
"여자","9월","인천","구성비[%]","%","6.9","8.2","4.7","9","7.3","8.6","8.8","8.4","6.3","7.4","8.4","7.9","8.3","7.9","7.6","8.8","7.5","8.3","8.2","8.3","8.5",
"여자","9월","울산","실적[건]","건","1317","1426","700","1441","1180","1902","1564","1656","1320","1612","2016","2000","1905","1841","1994","1949","1589","2043","2347","2534","2594",
"여자","9월","울산","구성비[%]","%","7.8","8.3","5.5","9.4","7.1","9.9","8.2","7.8","6.3","7.6","8.5","9.3","9.4","8.9","8.7","10.3","8.1","8.9","9.2","8.6","8.4",
"여자","9월","경기","실적[건]","건","1648","2060","1471","2881","3212","3352","3794","2961","3303","4262","4522","3799","4263","3716","3701","4752","4566","5410","4359","4488","5529",
"여자","9월","경기","구성비[%]","%","7.9","7.7","5.6","9.2","7.6","7","7.6","6.2","6.5","7.9","7.6","7.5","8.3","7.8","7.1","8.7","8","9.3","7.8","8","8.6",
"여자","9월","강원","실적[건]","건","744","937","696","1080","1780","1361","1798","2160","1699","2431","3318","2105","2594","2367","2554","2054","1751","3195","2196","2709","2809",
"여자","9월","강원","구성비[%]","%","9.8","10.5","7.7","9.3","11.5","7.9","9","9.7","6.7","8.6","9.9","7.6","9.4","8.9","9.7","8.8","7.2","12.1","8.2","8.8","9.1",
"여자","9월","충북","실적[건]","건","1146","1485","802","1587","1849","1655","1756","2085","2149","2170","2524","2071","2240","1810","1924","1910","1571","2377","1773","2239","2117",
"여자","9월","충북","구성비[%]","%","6.9","8.6","5.6","8.9","9","7.8","9","9.6","9.3","8.5","9.7","9.2","9.5","8.1","8","9.6","7.6","10.5","8.1","9.7","8.8",
"여자","9월","대전·세종·충남","실적[건]","건","1812","2922","2258","3696","3935","4088","3680","4691","5208","5173","6202","5235","6518","5505","6085","5762","5155","7146","5201","5754","6691",
"여자","9월","대전·세종·충남","구성비[%]","%","8.8","9.7","7.3","9.1","9.1","9.5","8.2","8.7","8.6","8.4","9","8","9.6","7.9","8.4","8.6","7.7","9.9","7.9","8.3","9.2",
"여자","9월","전북","실적[건]","건","2487","3162","1793","2639","3232","2755","3123","3079","2721","2674","3259","2327","2331","2261","1941","2694","2210","2790","2143","2520","2860",
"여자","9월","전북","구성비[%]","%","9.8","10.6","8","10.2","10.9","9.1","9","8.7","7.7","7.5","9.6","8.2","8.6","8.7","7","10.2","8.3","10.1","7.8","8.6","9.3",
"여자","9월","광주·전남","실적[건]","건","3621","5098","3519","5298","4863","5463","6327","4804","5786","6550","6546","5391","6519","6119","5603","5054","4408","7815","4683","5251","5092",
"여자","9월","광주·전남","구성비[%]","%","8.6","9.2","6.7","8.4","7.6","8","9.1","7.5","8.1","8.4","8.2","7.8","9","9.3","8.6","9.1","7.6","12.1","7.8","8.5","8.6",
"여자","9월","경남","실적[건]","건","1139","1247","1356","1816","1738","2426","2037","1822","2046","2514","2376","1884","2851","2513","2524","2717","2102","2681","2661","2749","3557",
"여자","9월","경남","구성비[%]","%","9.2","8.3","8.3","10.3","8.3","10.1","9.1","7.2","6.6","7.9","8.1","6.8","9.8","7.9","8","8.9","7.1","8.6","8.9","8.2","10.3",
"여자","9월","제주","실적[건]","건","624","639","624","831","1081","1083","963","805","1066","1188","1378","999","1094","945","860","1133","911","923","1295","1221","1313",
"여자","9월","제주","구성비[%]","%","9.3","10.6","10.4","8.9","9.1","7.9","7.7","7.1","8.3","8.3","9.2","8.3","9","9.4","7.6","9","7.2","7.2","8.9","8","8.4",
"여자","9월","대한적십자사 외","실적[건]","건","602","1032","1330","1567","2367","4489","4698","4796","5599","5315","5823","5607","5398","5146","3721","3931","4163","5262","5106","5010","5316",
"여자","9월","대한적십자사 외","구성비[%]","%","7","12.6","10.5","8.6","8.6","9.1","7.7","7.4","7","6.8","7.8","7","7.7","7.6","7.5","7.4","7.6","8.4","7.2","8","8.3",
"여자","10월","합계","실적[건]","건","36645","42146","47582","55937","52172","64264","62976","69735","82256","80561","84196","75258","60885","66685","69784","57772","55251","70519","62153","65422","66901",
"여자","10월","합계","구성비[%]","%","8.3","8.3","9.6","9.2","7.6","8.4","8","8.5","9.4","8.8","9.2","9.4","7.6","8.6","9.2","8.3","7.8","9.1","8.1","8.2","8",
"여자","10월","대한적십자사","실적[건]","건","35752","41110","46350","54230","49527","59504","57761","64457","75161","74061","77350","66422","56054","61484","64231","54103","50585","65495","55232","60087","62033",
"여자","10월","대한적십자사","구성비[%]","%","8.2","8.2","9.6","9.2","7.5","8.3","7.9","8.6","9.4","8.8","9.2","9.2","7.7","8.7","9.1","8.4","7.7","9.2","7.9","8.2","8",
"여자","10월","서울중앙","실적[건]","건","3576","4061","5376","5587","4157","7426","","","","","","","","5508","6267","5188","5316","6534","5108","5756","6332",
"여자","10월","서울중앙","구성비[%]","%","8.8","8.5","10.7","9.2","6.9","9.4","","","","","","","","7.7","9.2","8.1","8.7","9.6","7.4","8.1","8.6",
"여자","10월","서울서부","실적[건]","건","1673","2370","3292","4358","3903","-","7250","7022","8235","8055","8086","6802","5048","","","","","","","","",
"여자","10월","서울서부","구성비[%]","%","8.5","9.7","8.8","10.1","7.3","-","7.8","7.7","8.9","8.1","8","8.5","6.7","","","","","","","","",
"여자","10월","서울남부","실적[건]","건","2264","3497","3238","3601","5288","4755","4372","4908","5219","5106","5056","5838","4817","4815","5029","3606","3499","4070","3387","4358","4899",
"여자","10월","서울남부","구성비[%]","%","7.3","9.1","8.9","8.2","7.4","8.2","7.6","7.8","8.3","8.6","8.6","10.1","7.8","8.5","9.2","7.8","8","8.3","6.9","7.9","8",
"여자","10월","서울동부","실적[건]","건","3005","4520","5068","5404","3711","7610","7505","8885","8839","8235","9037","7039","6826","6521","7106","5366","5303","6465","5598","6118","6280",
"여자","10월","서울동부","구성비[%]","%","8.2","9.1","9.2","8.5","7.3","8.8","8","9.4","9.1","8.1","9.8","9.1","8.7","8.4","9.6","8.9","8.4","9","7.5","8.2","8",
"여자","10월","부산","실적[건]","건","3212","4115","2990","4562","4145","5603","4268","5639","7556","7421","7620","5588","4972","5377","5539","4800","4383","5871","4807","5245","5649",
"여자","10월","부산","구성비[%]","%","6.4","7.9","7.1","8.6","7.3","8.5","6.5","8.5","10.1","9.4","9.6","9","7.8","8","8.7","8.1","7.4","8.9","7.6","7.8","8.1",
"여자","10월","대구·경북","실적[건]","건","3626","4269","4252","5756","4965","5704","5686","6834","7369","8674","8244","6372","5036","6441","5375","5272","4968","6236","5099","5382","5330",
"여자","10월","대구·경북","구성비[%]","%","7.6","8.7","10.6","10.3","7.8","8.6","8.2","9.1","9.4","10.2","10","9.3","7.4","9.3","8.2","9.2","7.5","9.4","8.2","8.1","7.2",
"여자","10월","인천","실적[건]","건","2779","2784","3769","2750","2774","4237","5375","5170","6178","5225","5124","4510","3627","3945","4619","3526","3935","4887","3780","3803","4368",
"여자","10월","인천","구성비[%]","%","7.2","8.2","12.2","7.8","6.8","8.2","9","8.8","10.2","8.5","8.6","9.3","7.6","8.5","10","7.7","8.4","9.6","7.6","7.4","8",
"여자","10월","울산","실적[건]","건","1861","1210","1474","1386","1360","1556","1498","1812","1851","1977","2074","1999","1357","1941","2148","1602","1415","2491","2243","2416","2404",
"여자","10월","울산","구성비[%]","%","11","7","11.5","9.1","8.2","8.1","7.8","8.5","8.8","9.3","8.8","9.3","6.7","9.4","9.3","8.5","7.2","10.9","8.8","8.2","7.7",
"여자","10월","경기","실적[건]","건","1453","1873","2290","2834","3192","3918","3876","4013","4588","5195","5798","4801","3635","4221","4735","4337","4448","4740","4748","4417","5070",
"여자","10월","경기","구성비[%]","%","6.9","7","8.7","9","7.5","8.2","7.7","8.5","9","9.6","9.7","9.5","7.1","8.9","9.1","7.9","7.8","8.2","8.5","7.9","7.9",
"여자","10월","강원","실적[건]","건","718","765","848","1284","1330","1936","1986","2496","2898","2852","3311","2791","2737","2379","2379","2142","2027","2219","2104","2747","2496",
"여자","10월","강원","구성비[%]","%","9.4","8.6","9.4","11.1","8.6","11.2","10","11.2","11.4","10.1","9.9","10.1","9.9","8.9","9.1","9.2","8.4","8.4","7.8","8.9","8.1",
"여자","10월","충북","실적[건]","건","1899","1470","1542","1863","1687","1901","1417","2281","2200","2332","2255","2324","2022","1803","2225","1731","1468","2191","1940","1782","1972",
"여자","10월","충북","구성비[%]","%","11.4","8.5","10.7","10.4","8.2","9","7.3","10.5","9.5","9.1","8.7","10.3","8.5","8.1","9.3","8.7","7.1","9.7","8.9","7.7","8.2",
"여자","10월","대전·세종·충남","실적[건]","건","2179","2359","3100","4301","3571","3407","3372","4952","6382","5541","6434","6012","5479","7002","6857","5627","4866","6757","5058","6487","6146",
"여자","10월","대전·세종·충남","구성비[%]","%","10.5","7.8","10","10.6","8.3","7.9","7.6","9.2","10.6","9","9.4","9.2","8.1","10.1","9.5","8.4","7.3","9.4","7.6","9.3","8.5",
"여자","10월","전북","실적[건]","건","2771","2517","2407","2658","2426","2559","2691","2969","3306","2875","3487","2685","2047","2299","2607","2476","2026","2665","2811","2565","2748",
"여자","10월","전북","구성비[%]","%","10.9","8.4","10.7","10.2","8.2","8.4","7.8","8.3","9.3","8.1","10.2","9.4","7.6","8.8","9.5","9.4","7.6","9.6","10.3","8.7","8.9",
"여자","10월","광주·전남","실적[건]","건","3391","3760","4543","5156","4481","5486","5870","4949","6655","6875","7192","6451","5571","5418","5761","5026","4091","6359","4498","5043","4452",
"여자","10월","광주·전남","구성비[%]","%","8","6.8","8.7","8.2","7","8.1","8.5","7.8","9.3","8.8","9","9.4","7.7","8.3","8.9","9","7.1","9.8","7.5","8.2","7.5",
"여자","10월","경남","실적[건]","건","885","1087","1694","1800","1595","2309","1558","1774","2778","2446","2177","2303","2074","2853","2543","2369","2019","2777","2658","2744","2596",
"여자","10월","경남","구성비[%]","%","7.2","7.2","10.3","10.2","7.6","9.6","7","7","8.9","7.7","7.4","8.3","7.1","9","8.1","7.7","6.8","8.9","8.9","8.2","7.5",
"여자","10월","제주","실적[건]","건","460","453","467","930","942","1097","1037","753","1107","1252","1455","907","806","961","1041","1035","821","1233","1393","1224","1291",
"여자","10월","제주","구성비[%]","%","6.9","7.5","7.8","10","7.9","8","8.3","6.6","8.6","8.8","9.7","7.5","6.7","9.6","9.2","8.2","6.5","9.7","9.6","8","8.3",
"여자","10월","대한적십자사 외","실적[건]","건","893","1036","1232","1707","2645","4760","5215","5278","7095","6500","6846","8836","4831","5201","5553","3669","4666","5024","6921","5335","4868",
"여자","10월","대한적십자사 외","구성비[%]","%","10.4","12.7","9.7","9.4","9.6","9.7","8.6","8.1","8.9","8.3","9.1","11","6.9","7.7","11.1","6.9","8.6","8","9.7","8.5","7.6",
"여자","11월","합계","실적[건]","건","45328","46736","47742","58825","60867","70993","77712","83720","85832","83599","83283","73764","71750","74489","67370","60956","63157","68714","65276","73742","71786",
"여자","11월","합계","구성비[%]","%","10.2","9.2","9.6","9.7","8.8","9.3","9.8","10.2","9.8","9.1","9.1","9.2","9","9.6","8.9","8.8","8.9","8.9","8.5","9.2","8.6",
"여자","11월","대한적십자사","실적[건]","건","44318","45877","46382","56749","57732","65872","72017","76313","78678","76504","75552","67547","66075","68971","62489","57245","58457","62931","59257","67946","66748",
"여자","11월","대한적십자사","구성비[%]","%","10.2","9.1","9.6","9.7","8.7","9.2","9.8","10.1","9.8","9.1","9","9.4","9.1","9.7","8.9","8.9","8.9","8.9","8.5","9.3","8.6",
"여자","11월","서울중앙","실적[건]","건","3861","4426","5173","5174","5250","7740","","","","","","","","6411","6117","5022","5372","6427","5853","6631","6910",
"여자","11월","서울중앙","구성비[%]","%","9.5","9.3","10.3","8.5","8.7","9.8","","","","","","","","9","9","7.8","8.8","9.4","8.5","9.3","9.3",
"여자","11월","서울서부","실적[건]","건","2261","2384","2805","3826","4174","-","8861","8614","9289","10291","9220","7929","7110","","","","","","","","",
"여자","11월","서울서부","구성비[%]","%","11.5","9.7","7.5","8.9","7.8","-","9.6","9.4","10","10.3","9.2","9.9","9.4","","","","","","","","",
"여자","11월","서울남부","실적[건]","건","2496","3433","3174","3800","6260","4729","5404","5194","5601","4431","4640","4933","5188","4882","4440","3563","3818","3877","4092","4695","5488",
"여자","11월","서울남부","구성비[%]","%","8.1","9","8.7","8.7","8.8","8.1","9.4","8.3","8.9","7.5","7.9","8.5","8.4","8.6","8.2","7.7","8.8","7.9","8.3","8.5","9",
"여자","11월","서울동부","실적[건]","건","4926","4972","5302","6064","4676","8425","9124","10961","9586","9344","7795","7094","6870","7008","6047","5238","5356","6539","6036","6439","6576",
"여자","11월","서울동부","구성비[%]","%","13.4","10","9.7","9.5","9.3","9.7","9.7","11.5","9.9","9.1","8.5","9.1","8.8","9","8.2","8.6","8.5","9.1","8","8.7","8.4",
"여자","11월","부산","실적[건]","건","4698","4658","4256","5269","4758","5927","5976","7186","7188","7275","7159","5256","5367","6789","5779","6413","5973","6061","5780","6025","6344",
"여자","11월","부산","구성비[%]","%","9.4","8.9","10.2","10","8.4","9","9","10.8","9.6","9.2","9","8.5","8.5","10.1","9.1","10.8","10.1","9.2","9.1","9","9.1",
"여자","11월","대구·경북","실적[건]","건","4887","4701","3601","5702","5304","5998","7453","8028","8720","7843","8157","7008","6263","7555","6146","5720","6592","6698","5573","7186","5957",
"여자","11월","대구·경북","구성비[%]","%","10.3","9.6","9","10.2","8.3","9","10.7","10.7","11.1","9.2","9.9","10.2","9.2","10.9","9.4","10","10","10.1","8.9","10.8","8",
"여자","11월","인천","실적[건]","건","3951","2872","3030","3060","3615","4981","4908","4931","5325","5437","4154","4155","4236","4518","3678","3691","4284","3670","3738","4599","4895",
"여자","11월","인천","구성비[%]","%","10.2","8.4","9.8","8.7","8.8","9.7","8.2","8.4","8.8","8.9","7","8.6","8.9","9.7","7.9","8.1","9.1","7.2","7.6","8.9","9",
"여자","11월","울산","실적[건]","건","1626","1089","1272","1356","1646","1888","2078","1978","1871","2029","1762","2190","1831","1786","1904","1899","1709","1980","2146","2923","2541",
"여자","11월","울산","구성비[%]","%","9.6","6.3","9.9","8.9","9.9","9.8","10.8","9.3","8.9","9.5","7.4","10.1","9","8.6","8.3","10.1","8.7","8.6","8.4","9.9","8.2",
"여자","11월","경기","실적[건]","건","1951","2146","2593","3288","3451","5047","5177","4370","4816","4549","5561","4356","4594","4525","4937","4699","4600","4610","4347","4968","5253",
"여자","11월","경기","구성비[%]","%","9.3","8","9.9","10.5","8.1","10.6","10.3","9.2","9.5","8.4","9.4","8.6","9","9.5","9.5","8.6","8.1","8","7.8","8.8","8.2",
"여자","11월","강원","실적[건]","건","787","819","661","1338","1665","2062","2081","2782","2399","2714","2906","2577","2321","2369","2172","2053","2119","2163","2386","2872","2635",
"여자","11월","강원","구성비[%]","%","10.3","9.2","7.3","11.5","10.8","12","10.5","12.5","9.5","9.6","8.7","9.3","8.4","8.9","8.3","8.8","8.8","8.2","8.9","9.3","8.5",
"여자","11월","충북","실적[건]","건","1630","1312","1313","1896","1660","2059","1756","2575","2428","2503","2630","2143","2233","2198","2190","1938","1828","2019","1893","2315","2010",
"여자","11월","충북","구성비[%]","%","9.8","7.6","9.1","10.6","8","9.7","9","11.8","10.5","9.8","10.1","9.5","9.4","9.9","9.1","9.8","8.8","8.9","8.7","10.1","8.4",
"여자","11월","대전·세종·충남","실적[건]","건","2329","3641","3343","4624","4139","4202","4904","5985","6301","5824","6629","7360","7529","8027","7588","6294","6000","6490","6187","6853","6625",
"여자","11월","대전·세종·충남","구성비[%]","%","11.3","12.1","10.7","11.4","9.6","9.8","11","11.1","10.4","9.5","9.7","11.3","11.1","11.5","10.5","9.4","9","9","9.3","9.9","9.1",
"여자","11월","전북","실적[건]","건","2553","2449","2579","2750","2619","3135","3502","3521","3489","2893","3021","2563","2541","2784","2449","2349","2469","2714","1844","2801","2610",
"여자","11월","전북","구성비[%]","%","10","8.2","11.5","10.6","8.8","10.3","10.1","9.9","9.8","8.1","8.9","9","9.4","10.7","8.9","8.9","9.3","9.8","6.7","9.5","8.5",
"여자","11월","광주·전남","실적[건]","건","4272","4977","4712","5963","5684","6438","7014","6222","7199","7183","7818","6468","6414","5979","5685","4830","4676","5892","5381","5581","5335",
"여자","11월","광주·전남","구성비[%]","%","10.1","8.9","9","9.5","8.9","9.5","10.1","9.8","10","9.2","9.8","9.4","8.8","9.1","8.8","8.7","8.1","9.1","8.9","9.1","9",
"여자","11월","경남","실적[건]","건","1530","1533","1922","1791","1841","2105","2570","2623","3239","2845","2820","2551","2666","3118","2339","2355","2583","2595","2587","2891","2445",
"여자","11월","경남","구성비[%]","%","12.4","10.2","11.7","10.1","8.8","8.8","11.5","10.3","10.4","9","9.6","9.2","9.2","9.8","7.4","7.7","8.7","8.3","8.6","8.7","7.1",
"여자","11월","제주","실적[건]","건","560","465","646","848","990","1136","1209","1343","1227","1343","1280","964","912","1022","1018","1181","1078","1196","1414","1167","1124",
"여자","11월","제주","구성비[%]","%","8.4","7.7","10.7","9.1","8.3","8.3","9.7","11.8","9.6","9.4","8.5","8","7.5","10.2","9","9.3","8.6","9.4","9.7","7.6","7.2",
"여자","11월","대한적십자사 외","실적[건]","건","1010","859","1360","2076","3135","5121","5695","7407","7154","7095","7731","6217","5675","5518","4881","3711","4700","5783","6019","5796","5038",
"여자","11월","대한적십자사 외","구성비[%]","%","11.7","10.5","10.7","11.4","11.3","10.4","9.4","11.4","9","9","10.3","7.7","8.1","8.2","9.8","7","8.6","9.2","8.5","9.2","7.9",
"여자","12월","합계","실적[건]","건","42188","43303","44091","59161","57231","69948","69901","65889","76408","78775","72694","70318","70031","62305","61697","65525","64539","63551","66263","72899","74120",
"여자","12월","합계","구성비[%]","%","9.5","8.5","8.9","9.8","8.3","9.1","8.8","8.1","8.7","8.6","7.9","8.8","8.8","8","8.2","9.4","9.1","8.2","8.6","9.1","8.8",
"여자","12월","대한적십자사","실적[건]","건","41703","42303","43049","56831","54035","64913","64378","59799","69636","72576","66158","64317","64980","56637","57444","60301","59087","56945","60087","67462","68437",
"여자","12월","대한적십자사","구성비[%]","%","9.6","8.4","8.9","9.7","8.2","9.1","8.8","8","8.7","8.7","7.9","8.9","9","8","8.2","9.4","9","8","8.6","9.2","8.8",
"여자","12월","서울중앙","실적[건]","건","3228","3696","4769","5118","4800","7805","","","","","","","","5404","5721","5905","5547","5278","5616","6431","6639",
"여자","12월","서울중앙","구성비[%]","%","7.9","7.8","9.5","8.4","7.9","9.9","","","","","","","","7.6","8.4","9.2","9.1","7.7","8.2","9","9",
"여자","12월","서울서부","실적[건]","건","1510","1978","3399","3754","4673","-","8062","7180","7944","8500","7431","7016","6628","","","","","","","","",
"여자","12월","서울서부","구성비[%]","%","7.7","8.1","9.1","8.7","8.7","-","8.7","7.9","8.6","8.5","7.4","8.7","8.8","","","","","","","","",
"여자","12월","서울남부","실적[건]","건","2899","2909","2839","4365","5974","5472","5351","4949","5303","4819","4568","5195","5263","4589","4182","4189","3986","4213","4398","5513","5226",
"여자","12월","서울남부","구성비[%]","%","9.4","7.6","7.8","10","8.4","9.4","9.3","7.9","8.4","8.1","7.8","9","8.6","8.1","7.7","9.1","9.2","8.6","9","10","8.6",
"여자","12월","서울동부","실적[건]","건","4164","4599","4604","6305","4070","8388","8634","6879","9076","8846","8194","6670","7256","5979","5929","5409","6030","5744","6469","7034","7358",
"여자","12월","서울동부","구성비[%]","%","11.3","9.3","8.4","9.9","8.1","9.7","9.2","7.2","9.3","8.7","8.9","8.6","9.2","7.7","8","8.9","9.6","8","8.6","9.5","9.4",
"여자","12월","부산","실적[건]","건","5711","4552","4413","5898","5117","5842","5237","5508","5714","6516","5252","5520","5364","5235","5297","5102","4988","5698","5626","6568","5742",
"여자","12월","부산","구성비[%]","%","11.4","8.7","10.5","11.2","9","8.9","7.9","8.3","7.7","8.3","6.6","8.9","8.5","7.8","8.3","8.6","8.4","8.6","8.9","9.8","8.2",
"여자","12월","대구·경북","실적[건]","건","4681","3661","3431","5467","5145","5672","6157","5724","6497","7811","6191","5942","6391","5880","5185","5919","6038","5216","5541","6610","6858",
"여자","12월","대구·경북","구성비[%]","%","9.9","7.5","8.5","9.8","8.1","8.5","8.9","7.7","8.3","9.2","7.5","8.7","9.4","8.5","8","10.4","9.1","7.9","8.9","9.9","9.2",
"여자","12월","인천","실적[건]","건","3034","4500","2837","3759","3339","4896","5702","5097","4986","5695","4356","4703","4056","3520","4044","4265","4295","3988","4133","4862","5232",
"여자","12월","인천","구성비[%]","%","7.8","13.2","9.2","10.7","8.2","9.5","9.6","8.6","8.2","9.3","7.3","9.7","8.5","7.6","8.7","9.3","9.2","7.9","8.4","9.4","9.6",
"여자","12월","울산","실적[건]","건","1756","1214","958","1434","1379","1466","1795","1523","1927","2121","1997","2112","1689","1622","1846","1671","1829","2396","2122","2859","2707",
"여자","12월","울산","구성비[%]","%","10.4","7.1","7.5","9.4","8.3","7.6","9.4","7.2","9.2","10","8.4","9.8","8.3","7.8","8","8.9","9.3","10.4","8.3","9.7","8.7",
"여자","12월","경기","실적[건]","건","1955","2541","2420","3016","3863","4856","4591","3860","4250","4727","5532","4270","4596","4201","4497","5686","5292","4957","4960","5175","5870",
"여자","12월","경기","구성비[%]","%","9.3","9.5","9.2","9.6","9.1","10.2","9.2","8.1","8.4","8.7","9.3","8.4","9","8.8","8.6","10.4","9.3","8.6","8.9","9.2","9.1",
"여자","12월","강원","실적[건]","건","568","571","945","1025","1355","1707","1713","1328","1366","2528","2665","2153","2084","2315","1975","2119","2220","2096","2659","2825","2536",
"여자","12월","강원","구성비[%]","%","7.5","6.4","10.5","8.8","8.8","9.9","8.6","6","5.4","9","7.9","7.8","7.6","8.7","7.5","9.1","9.2","7.9","9.9","9.2","8.2",
"여자","12월","충북","실적[건]","건","1806","1675","1349","1589","1667","1580","1736","1923","2049","2104","1834","2343","2117","1797","1807","1787","1886","1655","1857","1663","1795",
"여자","12월","충북","구성비[%]","%","10.9","9.7","9.3","8.9","8.1","7.5","8.9","8.8","8.8","8.2","7","10.4","8.9","8.1","7.5","9","9.1","7.3","8.5","7.2","7.5",
"여자","12월","대전·세종·충남","실적[건]","건","1772","2831","2833","3683","2911","5137","3711","4951","5753","5416","6068","5848","6035","5478","5571","6408","5594","5521","5120","5668","6114",
"여자","12월","대전·세종·충남","구성비[%]","%","8.6","9.4","9.1","9.1","6.7","12","8.3","9.2","9.5","8.8","8.9","9","8.9","7.9","7.7","9.5","8.4","7.7","7.7","8.2","8.4",
"여자","12월","전북","실적[건]","건","2005","1661","1275","1592","1809","2502","2667","2721","2801","2987","2533","2612","2553","2361","2370","2684","2275","2287","2451","2433","2608",
"여자","12월","전북","구성비[%]","%","7.9","5.6","5.7","6.1","6.1","8.2","7.7","7.6","7.9","8.4","7.4","9.2","9.4","9","8.6","10.2","8.5","8.2","9","8.3","8.5",
"여자","12월","광주·전남","실적[건]","건","4018","4139","4696","6705","4811","6009","6096","4976","7493","6861","5903","6019","6817","4644","5108","5138","5169","4500","5182","5092","5171",
"여자","12월","광주·전남","구성비[%]","%","9.5","7.4","9","10.6","7.5","8.8","8.8","7.8","10.5","8.8","7.4","8.7","9.4","7.1","7.9","9.2","9","7","8.6","8.3","8.7",
"여자","12월","경남","실적[건]","건","1777","1194","1551","1872","2030","2403","1896","2266","3346","2485","2403","2946","2969","2685","3054","2958","2874","2455","2683","3404","3088",
"여자","12월","경남","구성비[%]","%","14.4","7.9","9.5","10.6","9.7","10","8.5","8.9","10.8","7.8","8.1","10.7","10.2","8.4","9.7","9.6","9.7","7.9","8.9","10.2","8.9",
"여자","12월","제주","실적[건]","건","819","582","730","1249","1092","1178","1030","914","1131","1160","1231","968","1162","927","858","1061","1064","941","1270","1325","1493",
"여자","12월","제주","구성비[%]","%","12.2","9.7","12.1","13.4","9.2","8.6","8.2","8.1","8.8","8.1","8.2","8","9.6","9.2","7.6","8.4","8.5","7.4","8.7","8.6","9.6",
"여자","12월","대한적십자사 외","실적[건]","건","485","1000","1042","2330","3196","5035","5523","6090","6772","6199","6536","6001","5051","5668","4253","5224","5452","6606","6176","5437","5683",
"여자","12월","대한적십자사 외","구성비[%]","%","5.6","12.2","8.2","12.8","11.6","10.2","9.1","9.4","8.5","7.9","8.7","7.5","7.2","8.4","8.5","9.9","10","10.5","8.7","8.6","8.9",
