game_id,date,season,away,home,stadium,crowd,start,end,minutes,innings,pitches,batters,bb_hbp,so,runs,hits,outs_ip
20190323HHOB0,2019-03-23,2019,HH,OB,잠실,25000,14:11,17:26,195,9,289,75,11,10,9,18,17.0
20190323KTSK0,2019-03-23,2019,KT,SK,문학,21909,14:00,17:04,184,9,293,76,9,15,11,17,17.0
20190323LGHT0,2019-03-23,2019,LG,HT,광주,20500,14:00,17:04,184,9,265,67,7,18,2,11,18.0
20190323SSNC0,2019-03-23,2019,SS,NC,창원,22112,14:00,16:32,152,9,267,67,7,12,7,12,17.0
20190323WOLT0,2019-03-23,2019,WO,LT,사직,24500,14:00,17:25,205,9,286,81,5,18,11,21,18.0
20190324HHOB0,2019-03-24,2019,HH,OB,잠실,25000,14:00,16:55,175,9,269,73,7,19,12,12,18.0
20190324KTSK0,2019-03-24,2019,KT,SK,문학,15421,13:59,17:30,211,9,300,73,7,15,9,16,17.0
20190324LGHT0,2019-03-24,2019,LG,HT,광주,17597,14:01,17:02,181,9,302,82,6,15,12,21,18.0
20190324SSNC0,2019-03-24,2019,SS,NC,창원,20067,14:01,17:28,207,9,294,80,11,12,7,13,18.0
20190324WOLT0,2019-03-24,2019,WO,LT,사직,22218,14:01,17:08,187,9,294,70,4,19,8,15,17.0
20190326HHHT0,2019-03-26,2019,HH,HT,광주,5553,18:31,21:53,202,9,335,90,14,15,20,24,18.0
20190326KTNC0,2019-03-26,2019,KT,NC,창원,4782,18:30,22:43,253,11,409,102,13,26,17,25,21.666666666666664
20190326LGSK0,2019-03-26,2019,LG,SK,문학,6718,18:29,21:18,169,9,271,71,6,14,9,13,18.0
20190326SSLT0,2019-03-26,2019,SS,LT,사직,7345,18:30,21:34,184,9,291,69,4,14,9,13,17.0
20190326WOOB0,2019-03-26,2019,WO,OB,잠실,6155,18:31,21:53,202,9,330,76,13,13,9,13,17.0
20190327HHHT0,2019-03-27,2019,HH,HT,광주,6251,18:30,21:57,207,9,331,85,14,15,13,22,17.0
20190327KTNC0,2019-03-27,2019,KT,NC,창원,5154,18:29,20:52,143,9,231,67,5,12,5,14,17.0
20190327LGSK0,2019-03-27,2019,LG,SK,문학,6319,18:30,21:59,209,11,324,85,8,20,3,14,21.333333333333336
20190327SSLT0,2019-03-27,2019,SS,LT,사직,8136,18:30,22:37,247,9,399,102,16,17,27,32,18.0
20190327WOOB0,2019-03-27,2019,WO,OB,잠실,5784,18:31,21:55,204,10,283,76,7,13,5,18,19.333333333333336
20190328HHHT0,2019-03-28,2019,HH,HT,광주,5629,18:29,21:44,195,9,289,71,9,13,10,14,17.0
20190328KTNC0,2019-03-28,2019,KT,NC,창원,4757,18:29,21:30,181,9,286,76,7,11,8,20,17.0
20190328LGSK0,2019-03-28,2019,LG,SK,문학,8053,18:30,20:47,137,9,239,62,5,17,4,6,17.666666666666664
20190328SSLT0,2019-03-28,2019,SS,LT,사직,7625,18:30,22:46,256,9,380,91,14,21,19,23,18.0
20190328WOOB0,2019-03-28,2019,WO,OB,잠실,6752,18:31,21:44,193,9,294,80,12,6,9,18,18.0
20190329HTKT0,2019-03-29,2019,HT,KT,수원,16156,18:30,21:20,170,9,260,75,2,18,9,22,17.0
20190329LTLG0,2019-03-29,2019,LT,LG,잠실,19370,18:30,21:46,196,9,266,70,10,14,3,12,17.0
20190329NCHH0,2019-03-29,2019,NC,HH,한밭,12152,18:29,21:23,174,9,279,75,6,17,9,20,17.0
20190329OBSS0,2019-03-29,2019,OB,SS,대구,12361,18:29,21:58,209,9,314,77,5,16,5,22,18.0
20190329SKWO0,2019-03-29,2019,SK,WO,고척,5435,18:31,21:51,200,9,290,78,8,12,7,19,18.0
20190330HTKT0,2019-03-30,2019,HT,KT,수원,11475,17:01,20:39,195,9,315,77,11,20,8,16,17.0
20190330LTLG0,2019-03-30,2019,LT,LG,잠실,20601,17:10,20:21,179,9,283,76,8,19,8,12,18.0
20190330NCHH0,2019-03-30,2019,NC,HH,한밭,11239,17:05,20:20,195,9,315,88,19,14,18,21,17.0
20190330OBSS0,2019-03-30,2019,OB,SS,대구,20559,17:00,19:54,174,9,249,69,7,13,6,10,18.0
20190330SKWO0,2019-03-30,2019,SK,WO,고척,7330,17:01,20:02,181,9,292,67,6,18,4,10,17.0
20190331HTKT0,2019-03-31,2019,HT,KT,수원,13861,14:01,17:53,232,9,334,80,11,15,6,16,18.0
20190331LTLG0,2019-03-31,2019,LT,LG,잠실,21267,14:01,17:43,222,10,312,88,9,11,11,21,19.333333333333336
20190331NCHH0,2019-03-31,2019,NC,HH,한밭,11878,14:00,17:14,194,9,310,79,12,16,9,17,18.0
20190331OBSS0,2019-03-31,2019,OB,SS,대구,14084,14:00,17:27,207,9,356,83,12,19,13,19,18.0
20190331SKWO0,2019-03-31,2019,SK,WO,고척,5682,14:00,18:04,244,9,340,86,15,19,15,18,18.0
20190402HTSS0,2019-04-02,2019,HT,SS,대구,4818,18:29,21:35,186,9,292,78,10,17,5,13,18.0
20190402KTOB0,2019-04-02,2019,KT,OB,잠실,6091,18:31,21:22,171,9,294,74,10,8,9,15,17.0
20190402LGHH0,2019-04-02,2019,LG,HH,한밭,6619,18:29,21:28,179,9,292,71,10,16,8,12,17.0
20190402LTSK0,2019-04-02,2019,LT,SK,문학,6556,18:29,21:51,202,9,294,77,8,16,5,17,18.0
20190402WONC0,2019-04-02,2019,WO,NC,창원,4602,18:29,21:58,209,9,322,84,9,18,14,24,18.0
20190403HTSS0,2019-04-03,2019,HT,SS,대구,5777,18:29,21:37,188,9,301,71,7,17,9,12,17.0
20190403KTOB0,2019-04-03,2019,KT,OB,잠실,5811,18:31,21:40,189,9,263,72,8,12,6,17,17.0
20190403LGHH0,2019-04-03,2019,LG,HH,한밭,6002,18:29,21:40,191,9,307,80,12,18,7,16,18.0
20190403LTSK0,2019-04-03,2019,LT,SK,문학,6457,18:29,21:58,209,9,292,74,11,21,4,11,18.0
20190403WONC0,2019-04-03,2019,WO,NC,창원,4945,18:29,21:21,172,9,279,78,1,13,10,27,17.0
20190404HTSS0,2019-04-04,2019,HT,SS,대구,5863,18:29,21:29,180,9,303,82,9,12,19,22,17.0
20190404KTOB0,2019-04-04,2019,KT,OB,잠실,5427,18:30,21:28,178,9,273,73,7,13,9,16,17.0
20190404LGHH0,2019-04-04,2019,LG,HH,한밭,6650,18:29,21:41,192,9,272,69,9,15,3,11,17.666666666666664
20190404LTSK0,2019-04-04,2019,LT,SK,문학,7352,18:30,22:31,241,11,381,96,8,20,13,26,21.333333333333336
20190404WONC0,2019-04-04,2019,WO,NC,창원,4806,18:29,22:11,222,9,340,80,8,15,11,18,18.0
20190405HHLT0,2019-04-05,2019,HH,LT,사직,11451,18:30,21:39,189,9,293,79,5,14,7,23,17.0
20190405LGKT0,2019-04-05,2019,LG,KT,수원,5671,18:31,21:47,196,9,337,80,9,15,13,18,18.0
20190405NCOB0,2019-04-05,2019,NC,OB,잠실,10365,18:30,21:16,166,9,272,73,4,12,10,18,18.0
20190405SSSK0,2019-04-05,2019,SS,SK,문학,9178,18:29,21:43,194,9,290,76,8,14,3,17,17.0
20190405WOHT0,2019-04-05,2019,WO,HT,광주,7048,18:29,22:01,212,9,331,80,8,20,10,22,17.0
20190406HHLT0,2019-04-06,2019,HH,LT,사직,23305,17:00,20:39,219,9,307,77,8,16,16,19,17.0
20190406LGKT0,2019-04-06,2019,LG,KT,수원,8509,17:00,20:06,186,9,298,69,11,7,3,11,17.0
20190406NCOB0,2019-04-06,2019,NC,OB,잠실,14279,17:07,20:31,204,9,316,82,9,11,11,20,18.0
20190406SSSK0,2019-04-06,2019,SS,SK,문학,14617,16:59,19:47,168,9,251,65,1,18,3,11,17.333333333333336
20190406WOHT0,2019-04-06,2019,WO,HT,광주,15302,17:00,20:27,207,9,339,92,15,14,18,22,18.0
20190407HHLT0,2019-04-07,2019,HH,LT,사직,11028,14:00,17:40,145,6,224,62,3,15,17,24,12.0
20190407LGKT0,2019-04-07,2019,LG,KT,수원,12563,14:00,16:50,170,9,246,70,7,8,7,13,17.0
20190407NCOB0,2019-04-07,2019,NC,OB,잠실,16081,14:02,17:23,201,9,316,78,7,12,8,20,18.0
20190407SSSK0,2019-04-07,2019,SS,SK,문학,19069,13:59,17:15,196,9,313,77,10,12,5,16,17.333333333333336
20190409KTWO0,2019-04-09,2019,KT,WO,고척,1377,18:30,21:52,202,9,320,82,15,17,10,18,17.0
20190410KTWO0,2019-04-10,2019,KT,WO,고척,1158,18:30,21:14,164,9,269,74,10,14,6,15,17.0
20190410NCHT0,2019-04-10,2019,NC,HT,광주,7207,18:30,22:13,223,10,321,78,9,12,3,17,19.666666666666664
20190410OBLT0,2019-04-10,2019,OB,LT,사직,6825,18:29,21:42,193,9,289,72,6,17,4,12,18.0
20190410SKHH0,2019-04-10,2019,SK,HH,한밭,5434,18:30,21:21,171,9,287,78,6,15,11,20,18.0
20190410SSLG0,2019-04-10,2019,SS,LG,잠실,10261,18:30,21:26,176,9,273,74,8,16,11,13,18.0
20190411KTWO0,2019-04-11,2019,KT,WO,고척,1369,18:30,21:20,170,9,263,74,3,16,9,18,18.0
20190411NCHT0,2019-04-11,2019,NC,HT,광주,6809,18:30,21:24,174,9,273,75,4,18,6,21,18.0
20190411OBLT0,2019-04-11,2019,OB,LT,사직,7403,18:29,21:54,205,9,281,77,5,15,6,21,18.0
20190411SKHH0,2019-04-11,2019,SK,HH,한밭,5792,18:29,21:07,158,9,242,66,2,17,1,13,18.0
20190411SSLG0,2019-04-11,2019,SS,LG,잠실,11168,18:30,21:16,166,9,263,68,5,12,7,16,17.0
20190412HHWO0,2019-04-12,2019,HH,WO,고척,6559,18:30,21:28,178,9,258,71,7,14,8,20,17.0
20190412HTSK0,2019-04-12,2019,HT,SK,문학,15392,18:29,23:46,317,12,453,111,17,21,8,22,24.0
20190412KTSS0,2019-04-12,2019,KT,SS,대구,7087,18:29,21:11,162,9,253,67,8,16,5,10,17.0
20190412LTNC0,2019-04-12,2019,LT,NC,창원,17028,18:59,21:50,171,9,256,65,4,16,3,14,17.0
20190412OBLG0,2019-04-12,2019,OB,LG,잠실,18489,18:30,21:10,160,9,263,67,4,14,3,17,17.0
20190413HHWO0,2019-04-13,2019,HH,WO,고척,12322,17:00,20:17,197,9,302,79,7,12,8,24,17.0
20190413HTSK0,2019-04-13,2019,HT,SK,문학,22502,17:00,20:26,206,9,308,80,11,13,10,16,18.0
20190413KTSS0,2019-04-13,2019,KT,SS,대구,16783,17:00,20:24,204,9,304,78,9,11,8,18,18.0
20190413LTNC0,2019-04-13,2019,LT,NC,창원,22112,17:00,20:40,220,9,301,81,10,16,12,22,17.0
20190413OBLG0,2019-04-13,2019,OB,LG,잠실,25000,17:00,20:55,235,9,330,82,11,12,7,19,17.0
20190414HHWO0,2019-04-14,2019,HH,WO,고척,10338,14:00,17:59,239,10,334,85,6,22,5,22,20.0
20190414HTSK0,2019-04-14,2019,HT,SK,문학,17179,14:00,16:50,170,9,247,73,7,13,6,15,18.0
20190414KTSS0,2019-04-14,2019,KT,SS,대구,7347,13:59,17:26,207,9,310,89,10,15,26,30,17.0
20190414LTNC0,2019-04-14,2019,LT,NC,창원,16860,13:59,17:16,197,9,318,77,8,11,9,19,17.0
20190414OBLG0,2019-04-14,2019,OB,LG,잠실,15459,14:00,16:48,168,9,244,75,7,8,8,18,18.0
20190416HHKT0,2019-04-16,2019,HH,KT,수원,7248,18:29,21:20,171,9,252,65,8,10,6,12,17.0
20190416HTLT0,2019-04-16,2019,HT,LT,사직,9766,18:30,22:30,240,9,334,89,12,16,19,28,17.0
20190416LGNC0,2019-04-16,2019,LG,NC,창원,6568,18:29,22:20,231,11,341,92,11,15,9,15,22.0
20190416SKOB0,2019-04-16,2019,SK,OB,잠실,8633,18:32,21:46,194,9,297,76,5,12,11,23,17.0
20190416WOSS0,2019-04-16,2019,WO,SS,포항,5179,18:29,21:39,190,9,320,76,8,15,4,15,18.0
20190417HHKT0,2019-04-17,2019,HH,KT,수원,6342,18:30,22:08,218,9,329,81,10,19,13,19,18.0
20190417HTLT0,2019-04-17,2019,HT,LT,사직,7175,18:30,22:52,262,10,361,95,9,20,14,30,19.333333333333336
20190417LGNC0,2019-04-17,2019,LG,NC,창원,9030,18:29,22:58,269,12,413,107,14,25,6,23,24.0
20190417SKOB0,2019-04-17,2019,SK,OB,잠실,9217,18:32,21:35,183,9,281,78,9,12,15,19,17.0
20190417WOSS0,2019-04-17,2019,WO,SS,포항,5784,18:30,21:16,166,9,249,74,6,11,8,15,18.0
20190418HHKT0,2019-04-18,2019,HH,KT,수원,5536,18:30,21:32,182,9,280,76,7,11,11,20,17.0
20190418HTLT0,2019-04-18,2019,HT,LT,사직,7777,18:30,22:40,250,9,339,89,13,13,19,24,17.666666666666664
20190418LGNC0,2019-04-18,2019,LG,NC,창원,7156,18:30,21:46,196,9,295,72,2,21,7,17,18.0
20190418SKOB0,2019-04-18,2019,SK,OB,잠실,8624,18:31,21:47,196,9,296,77,7,13,7,17,18.0
20190418WOSS0,2019-04-18,2019,WO,SS,포항,5284,18:30,22:35,245,11,364,93,9,17,9,22,21.333333333333336
20190419KTLT0,2019-04-19,2019,KT,LT,사직,8483,18:30,22:08,218,9,319,81,12,11,11,16,18.0
20190419NCSK0,2019-04-19,2019,NC,SK,문학,7657,18:31,22:21,230,9,376,96,9,19,25,32,18.0
20190419OBHT0,2019-04-19,2019,OB,HT,광주,9044,18:29,22:46,257,9,350,92,18,11,14,21,18.0
20190419SSHH0,2019-04-19,2019,SS,HH,한밭,8058,18:30,22:40,250,11,355,93,10,22,7,21,21.666666666666664
20190419WOLG0,2019-04-19,2019,WO,LG,잠실,9936,18:30,21:29,179,9,316,85,8,18,16,25,18.0
20190420KTLT0,2019-04-20,2019,KT,LT,사직,17232,17:00,20:48,228,10,296,85,12,19,9,17,19.333333333333336
20190420NCSK0,2019-04-20,2019,NC,SK,문학,18023,17:00,19:57,177,9,285,79,4,12,14,25,17.0
20190420OBHT0,2019-04-20,2019,OB,HT,광주,16047,16:59,20:11,192,9,301,80,12,7,11,19,18.0
20190420SSHH0,2019-04-20,2019,SS,HH,한밭,13000,16:59,20:34,215,9,319,83,6,14,17,24,17.0
20190420WOLG0,2019-04-20,2019,WO,LG,잠실,16362,16:59,20:16,197,9,300,76,6,13,10,18,18.0
20190421KTLT0,2019-04-21,2019,KT,LT,사직,14394,14:00,17:43,223,9,313,81,11,14,9,18,18.0
20190421NCSK0,2019-04-21,2019,NC,SK,문학,15812,14:01,16:44,163,9,269,70,7,15,5,16,17.0
20190421OBHT0,2019-04-21,2019,OB,HT,광주,13401,14:00,16:55,175,9,287,78,10,10,11,16,18.0
20190421SSHH0,2019-04-21,2019,SS,HH,한밭,12761,14:00,16:54,174,9,320,80,5,16,16,23,18.0
20190421WOLG0,2019-04-21,2019,WO,LG,잠실,14364,14:01,17:16,195,9,278,71,7,10,8,15,17.0
20190423HTLG0,2019-04-23,2019,HT,LG,잠실,12485,18:30,21:26,176,9,291,73,13,9,11,12,17.0
20190423NCKT0,2019-04-23,2019,NC,KT,수원,2903,18:30,21:30,180,9,294,76,6,8,7,17,18.0
20190423OBWO0,2019-04-23,2019,OB,WO,고척,4034,18:30,21:15,165,9,260,77,3,11,12,21,18.0
20190424HTLG0,2019-04-24,2019,HT,LG,잠실,14171,18:30,21:15,165,9,274,74,4,13,13,20,17.0
20190424LTHH0,2019-04-24,2019,LT,HH,한밭,6235,18:29,22:23,234,11,342,88,10,18,9,21,21.0
20190424NCKT0,2019-04-24,2019,NC,KT,수원,3905,18:30,21:22,172,9,264,75,4,10,12,18,18.0
20190424OBWO0,2019-04-24,2019,OB,WO,고척,4174,18:30,21:19,169,9,273,72,4,12,11,19,17.0
20190424SKSS0,2019-04-24,2019,SK,SS,대구,6214,18:30,23:25,295,11,431,107,15,18,17,28,22.0
20190425OBWO0,2019-04-25,2019,OB,WO,고척,4042,18:31,22:00,209,9,304,85,8,11,15,27,17.0
20190425SKSS0,2019-04-25,2019,SK,SS,대구,3889,18:30,22:17,227,10,351,91,10,22,7,20,20.0
20190426HTWO0,2019-04-26,2019,HT,WO,고척,5357,18:30,21:49,199,9,312,83,9,14,12,22,17.0
20190426LTOB0,2019-04-26,2019,LT,OB,잠실,15257,18:30,22:19,229,9,358,86,12,18,19,20,17.0
20190426SKKT0,2019-04-26,2019,SK,KT,수원,3712,18:30,21:27,177,9,281,71,8,10,2,11,18.0
20190427HHNC0,2019-04-27,2019,HH,NC,창원,15140,16:59,20:18,199,9,319,84,9,15,16,26,17.0
20190427HTWO0,2019-04-27,2019,HT,WO,고척,10491,17:01,20:09,188,9,285,78,8,15,10,17,18.0
20190427LGSS0,2019-04-27,2019,LG,SS,대구,19767,17:00,19:54,174,9,282,80,10,13,8,19,18.0
20190427LTOB0,2019-04-27,2019,LT,OB,잠실,24027,17:02,20:15,193,9,279,74,9,19,7,15,17.0
20190427SKKT0,2019-04-27,2019,SK,KT,수원,10514,17:01,19:42,161,9,290,68,3,19,3,12,18.0
20190428HHNC0,2019-04-28,2019,HH,NC,창원,11267,14:00,17:05,185,9,315,79,8,20,14,20,17.0
20190428HTWO0,2019-04-28,2019,HT,WO,고척,9038,14:00,17:44,224,9,347,87,8,12,18,30,17.0
20190428LGSS0,2019-04-28,2019,LG,SS,대구,14214,14:00,16:57,177,9,289,68,5,18,3,12,18.0
20190428LTOB0,2019-04-28,2019,LT,OB,잠실,20219,14:00,17:02,182,9,282,80,11,8,11,17,17.0
20190428SKKT0,2019-04-28,2019,SK,KT,수원,8508,13:59,16:42,163,9,251,69,4,15,3,14,18.0
20190430KTLG0,2019-04-30,2019,KT,LG,잠실,10144,18:30,23:16,286,11,421,109,13,9,19,34,21.666666666666664
20190430NCLT0,2019-04-30,2019,NC,LT,사직,13974,18:30,21:30,180,9,269,70,8,16,7,13,17.0
20190430OBHH0,2019-04-30,2019,OB,HH,한밭,7555,18:30,21:00,150,9,221,64,7,10,3,12,17.0
20190430SSHT0,2019-04-30,2019,SS,HT,광주,8204,18:29,21:15,166,9,271,72,5,13,8,15,17.0
20190430WOSK0,2019-04-30,2019,WO,SK,문학,8972,18:30,22:07,217,9,352,91,7,12,20,31,18.0
20190501KTLG0,2019-05-01,2019,KT,LG,잠실,12582,18:30,20:51,141,9,217,64,3,13,5,13,17.0
20190501NCLT0,2019-05-01,2019,NC,LT,사직,12296,18:30,22:10,220,9,326,89,12,11,14,26,18.0
20190501OBHH0,2019-05-01,2019,OB,HH,한밭,10779,18:29,21:48,199,9,296,71,12,10,5,12,17.0
20190501SSHT0,2019-05-01,2019,SS,HT,광주,8023,18:29,21:42,193,9,303,83,7,8,12,26,18.0
20190501WOSK0,2019-05-01,2019,WO,SK,문학,15875,18:29,21:19,170,9,240,61,4,9,2,11,17.0
20190502KTLG0,2019-05-02,2019,KT,LG,잠실,9806,18:30,21:32,182,9,268,79,5,14,9,25,17.0
20190502NCLT0,2019-05-02,2019,NC,LT,사직,9280,18:30,23:28,298,12,419,104,12,24,13,18,24.0
20190502OBHH0,2019-05-02,2019,OB,HH,한밭,7358,18:29,22:11,222,9,323,80,9,14,9,18,18.0
20190502SSHT0,2019-05-02,2019,SS,HT,광주,7550,18:30,21:01,151,9,264,71,6,8,9,15,17.0
20190502WOSK0,2019-05-02,2019,WO,SK,문학,8147,18:29,21:49,200,9,304,88,8,10,18,28,18.0
20190503HTNC0,2019-05-03,2019,HT,NC,창원,11196,18:59,22:18,199,9,323,82,13,15,12,18,18.0
20190503KTHH0,2019-05-03,2019,KT,HH,한밭,8529,18:30,21:32,182,9,270,74,5,18,9,15,18.0
20190503LGOB0,2019-05-03,2019,LG,OB,잠실,24133,18:30,21:48,198,9,295,79,4,19,9,28,17.0
20190503SKLT0,2019-05-03,2019,SK,LT,사직,10573,18:30,22:16,226,9,336,94,7,19,18,31,18.0
20190503SSWO0,2019-05-03,2019,SS,WO,고척,3554,18:31,22:13,222,9,329,80,8,19,11,21,17.0
20190504HTNC0,2019-05-04,2019,HT,NC,창원,15902,16:59,19:28,149,9,239,66,4,13,5,13,17.0
20190504KTHH0,2019-05-04,2019,KT,HH,한밭,12179,16:59,20:59,240,9,324,90,9,12,19,30,17.666666666666664
20190504LGOB0,2019-05-04,2019,LG,OB,잠실,25000,14:02,16:59,177,9,248,74,5,7,5,17,17.0
20190504SKLT0,2019-05-04,2019,SK,LT,사직,16666,14:00,17:25,205,9,312,85,10,11,14,22,18.0
20190504SSWO0,2019-05-04,2019,SS,WO,고척,7748,14:01,16:44,163,9,239,69,7,13,4,14,18.0
20190505HTNC0,2019-05-05,2019,HT,NC,창원,17221,14:00,17:10,190,9,306,84,8,10,13,24,17.0
20190505KTHH0,2019-05-05,2019,KT,HH,한밭,13000,14:00,17:14,194,9,294,72,11,11,10,15,17.0
20190505LGOB0,2019-05-05,2019,LG,OB,잠실,25000,14:02,16:57,175,9,293,80,4,10,13,24,17.0
20190505SKLT0,2019-05-05,2019,SK,LT,사직,20490,13:59,16:50,171,9,273,74,6,24,7,12,18.0
20190505SSWO0,2019-05-05,2019,SS,WO,고척,10651,13:59,16:28,149,9,260,77,7,11,14,22,17.0
20190507HHSK0,2019-05-07,2019,HH,SK,문학,11668,18:29,21:21,172,9,293,78,10,20,13,19,17.0
20190507HTOB0,2019-05-07,2019,HT,OB,잠실,13196,18:32,21:55,203,9,274,76,9,10,7,14,17.666666666666664
20190507LGWO0,2019-05-07,2019,LG,WO,고척,4139,18:30,22:39,249,9,354,94,11,14,22,30,18.0
20190507LTKT0,2019-05-07,2019,LT,KT,수원,4436,18:31,21:56,205,9,288,76,11,10,9,20,17.0
20190507NCSS0,2019-05-07,2019,NC,SS,대구,5450,18:30,21:23,173,9,285,73,9,16,9,13,17.0
20190508HHSK0,2019-05-08,2019,HH,SK,문학,11027,18:30,21:39,189,9,334,86,9,19,19,25,17.0
20190508HTOB0,2019-05-08,2019,HT,OB,잠실,12115,18:30,21:26,176,9,242,65,6,13,1,11,17.0
20190508LGWO0,2019-05-08,2019,LG,WO,고척,3418,18:30,21:12,162,9,277,74,8,7,6,16,17.0
20190508LTKT0,2019-05-08,2019,LT,KT,수원,3437,18:31,22:04,213,9,324,77,8,14,9,19,17.0
20190508NCSS0,2019-05-08,2019,NC,SS,대구,5220,18:29,20:29,120,9,191,57,0,11,2,7,17.0
20190509HHSK0,2019-05-09,2019,HH,SK,문학,16817,18:30,21:53,203,9,326,80,6,16,7,20,18.0
20190509HTOB0,2019-05-09,2019,HT,OB,잠실,16281,18:32,22:08,216,9,306,79,6,15,8,21,18.0
20190509LGWO0,2019-05-09,2019,LG,WO,고척,8283,18:31,21:19,168,9,232,67,3,12,3,13,17.0
20190509LTKT0,2019-05-09,2019,LT,KT,수원,5675,18:29,22:39,250,9,376,103,13,12,19,38,18.0
20190509NCSS0,2019-05-09,2019,NC,SS,대구,6381,18:29,21:52,203,9,329,84,15,12,10,20,17.0
20190510HHLG0,2019-05-10,2019,HH,LG,잠실,19399,18:31,21:26,175,9,283,72,5,17,7,12,18.0
20190510LTSS0,2019-05-10,2019,LT,SS,대구,14620,18:30,22:23,233,9,367,88,12,11,17,22,18.0
20190510OBNC0,2019-05-10,2019,OB,NC,창원,9716,18:59,22:25,206,9,302,90,9,8,23,30,17.666666666666664
20190510SKHT0,2019-05-10,2019,SK,HT,광주,9105,18:30,21:26,176,9,274,72,6,11,5,14,18.0
20190510WOKT0,2019-05-10,2019,WO,KT,수원,4567,18:30,21:40,190,9,257,74,7,14,13,15,17.0
20190511HHLG0,2019-05-11,2019,HH,LG,잠실,25000,17:01,20:00,179,9,297,73,8,12,10,15,17.0
20190511LTSS0,2019-05-11,2019,LT,SS,대구,24000,17:00,20:02,182,9,287,74,7,16,11,15,17.0
20190511OBNC0,2019-05-11,2019,OB,NC,창원,14806,17:00,19:53,173,9,317,81,9,17,12,21,18.0
20190511SKHT0,2019-05-11,2019,SK,HT,광주,15173,16:59,20:11,192,9,290,80,5,7,13,22,18.0
20190511WOKT0,2019-05-11,2019,WO,KT,수원,10800,16:59,20:26,207,9,306,79,4,23,8,22,18.0
20190512HHLG0,2019-05-12,2019,HH,LG,잠실,21860,14:01,16:53,172,9,254,67,8,9,2,12,17.0
20190512LTSS0,2019-05-12,2019,LT,SS,대구,17458,14:00,18:48,288,10,420,109,21,19,19,30,20.0
20190512OBNC0,2019-05-12,2019,OB,NC,창원,10486,14:01,16:51,170,9,277,69,5,11,5,14,18.0
20190512SKHT0,2019-05-12,2019,SK,HT,광주,11433,13:59,17:36,217,9,328,79,11,12,7,18,18.0
20190512WOKT0,2019-05-12,2019,WO,KT,수원,9792,13:59,16:53,174,9,268,73,3,9,12,21,17.0
20190514KTHT0,2019-05-14,2019,KT,HT,광주,6355,18:30,21:35,185,9,263,73,5,14,7,15,18.0
20190514LGLT0,2019-05-14,2019,LG,LT,사직,18119,18:31,20:44,133,9,223,60,3,14,4,8,17.0
20190514SKNC0,2019-05-14,2019,SK,NC,창원,5992,18:31,21:16,165,9,266,76,4,10,10,23,17.0
20190514SSOB0,2019-05-14,2019,SS,OB,잠실,12127,18:32,22:00,208,10,314,88,14,14,7,18,20.0
20190514WOHH0,2019-05-14,2019,WO,HH,한밭,6387,18:29,21:31,182,9,274,74,10,8,10,16,17.0
20190515KTHT0,2019-05-15,2019,KT,HT,광주,6711,18:30,21:49,199,9,327,83,8,18,11,22,18.0
20190515LGLT0,2019-05-15,2019,LG,LT,사직,9738,18:29,22:27,238,9,330,83,10,19,12,23,17.0
20190515SKNC0,2019-05-15,2019,SK,NC,창원,8402,18:30,21:16,166,9,279,76,6,19,10,17,18.0
20190515SSOB0,2019-05-15,2019,SS,OB,잠실,12085,18:31,21:04,153,9,235,63,5,16,4,8,17.0
20190515WOHH0,2019-05-15,2019,WO,HH,한밭,6878,18:30,22:22,232,11,334,88,8,18,9,18,21.333333333333336
20190516KTHT0,2019-05-16,2019,KT,HT,광주,6384,18:30,21:31,181,9,297,78,7,8,9,18,18.0
20190516LGLT0,2019-05-16,2019,LG,LT,사직,14064,18:29,21:50,201,9,283,75,7,20,5,14,18.0
20190516SKNC0,2019-05-16,2019,SK,NC,창원,6735,18:30,21:43,193,9,296,75,8,17,7,19,17.0
20190516SSOB0,2019-05-16,2019,SS,OB,잠실,15267,18:32,21:01,149,9,229,65,2,8,5,11,17.0
20190516WOHH0,2019-05-16,2019,WO,HH,한밭,7912,18:29,21:57,208,9,324,85,9,15,21,29,17.0
20190517HTHH0,2019-05-17,2019,HT,HH,한밭,12927,18:30,21:45,195,9,310,75,6,18,7,14,18.0
20190517LTWO0,2019-05-17,2019,LT,WO,고척,5127,18:30,21:02,152,9,248,67,6,12,7,12,17.0
20190517NCLG0,2019-05-17,2019,NC,LG,잠실,11998,18:30,21:21,171,9,302,84,8,13,15,23,18.0
20190517OBSK0,2019-05-17,2019,OB,SK,문학,19391,18:29,21:39,190,9,273,75,5,14,4,18,18.0
20190517SSKT0,2019-05-17,2019,SS,KT,수원,6834,18:30,21:57,207,9,347,87,7,15,17,28,18.0
20190518HTHH0,2019-05-18,2019,HT,HH,한밭,13000,17:00,20:13,193,9,293,73,8,12,7,15,17.0
20190518LTWO0,2019-05-18,2019,LT,WO,고척,9325,17:00,20:14,194,9,319,79,7,12,14,20,17.0
20190518NCLG0,2019-05-18,2019,NC,LG,잠실,17182,17:00,20:14,194,9,299,82,6,11,12,20,18.0
20190518OBSK0,2019-05-18,2019,OB,SK,문학,23000,16:59,21:14,255,11,350,98,6,21,15,26,22.0
20190518SSKT0,2019-05-18,2019,SS,KT,수원,14474,16:59,19:24,145,9,229,61,0,6,2,11,17.0
20190519HTHH0,2019-05-19,2019,HT,HH,한밭,12287,13:59,16:58,179,9,265,72,4,17,5,16,18.0
20190519LTWO0,2019-05-19,2019,LT,WO,고척,7887,14:00,17:02,182,9,288,73,5,16,12,19,17.0
20190521HHSS0,2019-05-21,2019,HH,SS,대구,8422,18:31,21:24,173,9,302,75,7,14,12,19,17.0
20190521LTHT0,2019-05-21,2019,LT,HT,광주,15514,18:30,22:13,223,9,329,83,9,14,16,28,17.0
20190521NCWO0,2019-05-21,2019,NC,WO,고척,1907,18:31,21:40,189,9,265,70,6,8,4,11,18.0
20190521OBKT0,2019-05-21,2019,OB,KT,수원,5630,18:29,22:37,248,9,374,90,20,10,19,21,17.0
20190521SKLG0,2019-05-21,2019,SK,LG,잠실,10254,18:30,21:06,156,9,242,70,2,13,6,15,18.0
20190522HHSS0,2019-05-22,2019,HH,SS,대구,8678,18:31,23:12,281,12,404,103,10,21,11,25,23.666666666666664
20190522LTHT0,2019-05-22,2019,LT,HT,광주,7648,18:30,22:13,223,10,313,85,9,18,11,21,19.333333333333336
20190522NCWO0,2019-05-22,2019,NC,WO,고척,1826,18:30,21:37,187,9,281,76,7,16,6,18,17.0
20190522OBKT0,2019-05-22,2019,OB,KT,수원,6858,18:30,21:48,198,9,278,67,5,11,4,17,17.0
20190522SKLG0,2019-05-22,2019,SK,LG,잠실,10082,18:30,21:35,185,9,287,73,7,16,2,11,18.0
20190523HHSS0,2019-05-23,2019,HH,SS,대구,8536,18:30,21:37,187,9,259,73,7,9,3,19,17.0
20190523LTHT0,2019-05-23,2019,LT,HT,광주,8055,18:29,21:16,167,9,254,64,4,14,4,10,17.0
20190523NCWO0,2019-05-23,2019,NC,WO,고척,2156,18:31,21:21,170,9,254,73,3,18,6,18,18.0
20190523OBKT0,2019-05-23,2019,OB,KT,수원,6871,18:30,22:00,210,10,299,84,11,9,5,16,19.333333333333336
20190523SKLG0,2019-05-23,2019,SK,LG,잠실,10249,18:30,22:24,234,9,336,77,12,26,3,16,17.666666666666664
20190524HHOB0,2019-05-24,2019,HH,OB,잠실,20567,18:32,22:34,242,9,316,86,12,8,7,19,18.0
20190524KTHT0,2019-05-24,2019,KT,HT,광주,9646,18:30,21:55,205,9,291,84,8,11,12,26,17.0
20190524LGLT0,2019-05-24,2019,LG,LT,사직,11427,18:30,22:09,219,9,308,87,12,9,13,22,17.0
20190524SKNC0,2019-05-24,2019,SK,NC,창원,10110,18:59,21:42,163,9,277,71,7,10,6,14,18.0
20190524WOSS0,2019-05-24,2019,WO,SS,대구,8749,18:30,21:44,194,9,304,83,7,18,15,24,18.0
20190525HHOB0,2019-05-25,2019,HH,OB,잠실,25000,17:02,20:59,237,9,307,84,12,4,11,24,17.0
20190525KTHT0,2019-05-25,2019,KT,HT,광주,18046,17:00,19:52,172,9,266,79,9,13,13,19,17.0
20190525LGLT0,2019-05-25,2019,LG,LT,사직,24500,17:01,20:57,236,9,321,84,15,15,11,18,18.0
20190525SKNC0,2019-05-25,2019,SK,NC,창원,13079,17:00,20:30,210,9,316,87,11,7,17,27,17.0
20190525WOSS0,2019-05-25,2019,WO,SS,대구,19106,17:00,20:24,204,9,297,81,7,8,19,26,17.0
20190526HHOB0,2019-05-26,2019,HH,OB,잠실,22209,14:03,17:00,177,9,260,70,10,11,3,9,17.0
20190526KTHT0,2019-05-26,2019,KT,HT,광주,12444,14:01,17:22,201,9,334,92,10,9,22,33,17.0
20190526LGLT0,2019-05-26,2019,LG,LT,사직,13967,14:00,17:16,196,9,305,83,10,9,13,20,18.0
20190526SKNC0,2019-05-26,2019,SK,NC,창원,9221,14:01,17:12,191,9,263,74,8,12,3,13,18.0
20190526WOSS0,2019-05-26,2019,WO,SS,대구,11891,14:00,17:11,191,9,293,73,8,17,7,13,17.666666666666664
20190528HTHH0,2019-05-28,2019,HT,HH,한밭,9292,18:30,21:20,170,9,247,67,5,14,2,13,17.0
20190528KTSK0,2019-05-28,2019,KT,SK,문학,18477,18:30,20:43,133,9,212,61,2,11,1,11,17.0
20190528LGWO0,2019-05-28,2019,LG,WO,고척,5387,18:31,20:59,148,9,249,62,2,18,5,12,17.0
20190528LTNC0,2019-05-28,2019,LT,NC,창원,13044,18:29,22:12,223,9,328,88,9,17,13,24,18.0
20190528SSOB0,2019-05-28,2019,SS,OB,잠실,10353,18:31,21:29,178,9,280,70,4,18,5,14,17.0
20190529HTHH0,2019-05-29,2019,HT,HH,한밭,10356,18:30,20:53,143,9,220,69,2,14,4,16,18.0
20190529KTSK0,2019-05-29,2019,KT,SK,문학,8261,18:29,22:06,217,9,322,81,12,15,14,18,18.0
20190529LGWO0,2019-05-29,2019,LG,WO,고척,4563,18:30,21:27,177,9,259,76,7,8,6,19,18.0
20190529LTNC0,2019-05-29,2019,LT,NC,창원,13568,18:30,22:06,216,9,328,83,8,16,14,27,17.0
20190529SSOB0,2019-05-29,2019,SS,OB,잠실,12132,18:31,22:02,211,10,313,79,5,9,5,18,19.0
20190530HTHH0,2019-05-30,2019,HT,HH,한밭,9502,18:29,21:53,204,9,293,75,8,15,5,14,18.0
20190530KTSK0,2019-05-30,2019,KT,SK,문학,7778,18:30,21:48,198,10,295,86,12,15,5,17,19.666666666666664
20190530LGWO0,2019-05-30,2019,LG,WO,고척,5096,18:30,22:07,217,9,328,81,8,8,9,21,18.0
20190530LTNC0,2019-05-30,2019,LT,NC,창원,12896,18:30,22:24,234,9,353,88,16,10,12,21,18.0
20190530SSOB0,2019-05-30,2019,SS,OB,잠실,10428,18:33,21:54,201,9,292,75,7,10,3,18,18.0
20190531HHSK0,2019-05-31,2019,HH,SK,문학,15480,18:29,20:40,131,9,212,63,2,6,3,11,17.0
20190531NCLG0,2019-05-31,2019,NC,LG,잠실,10099,18:30,21:06,156,9,252,68,5,15,5,13,17.0
20190531OBKT0,2019-05-31,2019,OB,KT,수원,7105,18:30,21:43,193,9,290,71,10,11,5,13,17.333333333333336
20190531SSLT0,2019-05-31,2019,SS,LT,사직,9425,18:31,21:45,194,9,312,75,8,16,7,18,17.0
20190531WOHT0,2019-05-31,2019,WO,HT,광주,10595,18:30,21:32,182,9,252,70,3,15,5,19,17.0
20190601HHSK0,2019-06-01,2019,HH,SK,문학,23000,16:59,20:01,182,9,312,73,7,18,6,12,18.0
20190601NCLG0,2019-06-01,2019,NC,LG,잠실,18500,17:01,19:45,164,9,247,69,5,7,6,18,17.0
20190601OBKT0,2019-06-01,2019,OB,KT,수원,17341,17:00,19:55,175,9,277,82,8,10,16,24,17.0
20190601SSLT0,2019-06-01,2019,SS,LT,사직,19461,17:01,20:08,187,9,300,74,7,15,7,18,17.0
20190601WOHT0,2019-06-01,2019,WO,HT,광주,18093,17:00,20:32,212,9,307,81,12,14,4,18,18.0
20190602HHSK0,2019-06-02,2019,HH,SK,문학,17503,17:00,19:53,173,9,273,70,2,15,7,20,17.0
20190602NCLG0,2019-06-02,2019,NC,LG,잠실,12536,17:01,19:23,142,9,243,67,5,12,5,10,18.0
20190602OBKT0,2019-06-02,2019,OB,KT,수원,10882,17:00,20:12,192,9,303,80,9,15,11,19,18.0
20190602SSLT0,2019-06-02,2019,SS,LT,사직,11657,16:59,20:16,197,9,318,80,8,10,11,19,18.0
20190602WOHT0,2019-06-02,2019,WO,HT,광주,11687,17:00,20:42,222,9,333,81,10,18,11,16,18.0
20190604HHLT0,2019-06-04,2019,HH,LT,울산,7721,18:30,22:05,215,11,306,81,5,19,5,15,21.666666666666664
20190604KTLG0,2019-06-04,2019,KT,LG,잠실,7244,18:31,21:55,204,9,328,78,14,8,12,18,17.0
20190604NCSS0,2019-06-04,2019,NC,SS,대구,7142,18:30,21:43,193,9,313,73,11,19,4,12,17.0
20190604OBHT0,2019-06-04,2019,OB,HT,광주,18318,18:30,22:08,218,9,331,85,10,10,9,24,18.0
20190604SKWO0,2019-06-04,2019,SK,WO,고척,4703,18:30,21:17,167,9,266,72,7,14,3,15,18.0
20190605HHLT0,2019-06-05,2019,HH,LT,울산,8812,18:29,22:06,217,9,309,78,8,13,9,15,18.0
20190605KTLG0,2019-06-05,2019,KT,LG,잠실,9860,18:30,21:48,198,9,293,85,4,6,11,28,17.0
20190605NCSS0,2019-06-05,2019,NC,SS,대구,10078,18:30,21:34,184,9,295,72,2,19,7,19,17.0
20190605OBHT0,2019-06-05,2019,OB,HT,광주,10247,18:30,22:02,212,9,296,79,9,10,9,18,18.0
20190605SKWO0,2019-06-05,2019,SK,WO,고척,5333,18:30,21:20,170,9,284,78,7,18,8,17,18.0
20190606HHLT0,2019-06-06,2019,HH,LT,울산,7104,14:01,18:05,244,9,340,80,8,16,7,17,18.0
20190606KTLG0,2019-06-06,2019,KT,LG,잠실,13673,14:01,17:18,197,9,287,79,7,8,15,20,17.666666666666664
20190606NCSS0,2019-06-06,2019,NC,SS,대구,15425,17:01,19:25,144,9,231,68,5,11,6,12,17.0
20190606OBHT0,2019-06-06,2019,OB,HT,광주,16203,13:59,16:49,170,9,266,80,6,9,15,25,17.0
20190606SKWO0,2019-06-06,2019,SK,WO,고척,8594,17:00,19:51,171,9,265,74,8,11,8,17,17.0
20190607HTNC0,2019-06-07,2019,HT,NC,창원,7173,19:01,21:39,158,9,242,64,3,15,3,15,17.0
20190607LGHH0,2019-06-07,2019,LG,HH,한밭,9416,18:29,21:29,180,9,272,73,4,16,5,17,17.0
20190607LTKT0,2019-06-07,2019,LT,KT,수원,4848,18:31,22:03,212,9,311,71,12,6,3,12,17.0
20190607SSSK0,2019-06-07,2019,SS,SK,문학,10608,18:30,22:50,260,12,384,96,13,25,6,18,23.0
20190607WOOB0,2019-06-07,2019,WO,OB,잠실,11436,18:32,21:39,187,9,285,75,6,12,8,19,17.0
20190608HTNC0,2019-06-08,2019,HT,NC,창원,16293,17:02,20:05,183,9,287,77,7,11,9,21,17.333333333333336
20190608LGHH0,2019-06-08,2019,LG,HH,한밭,13000,17:00,19:58,178,9,264,72,5,16,5,15,18.0
20190608LTKT0,2019-06-08,2019,LT,KT,수원,14264,17:00,19:59,179,9,255,75,7,8,8,18,17.0
20190608SSSK0,2019-06-08,2019,SS,SK,문학,21934,16:59,19:35,156,9,257,73,3,9,8,19,17.0
20190608WOOB0,2019-06-08,2019,WO,OB,잠실,18312,17:01,20:00,179,9,269,79,5,14,9,20,18.0
20190609HTNC0,2019-06-09,2019,HT,NC,창원,8771,16:59,20:22,203,9,328,82,13,14,7,21,17.0
20190609LGHH0,2019-06-09,2019,LG,HH,한밭,10064,16:59,21:06,247,11,356,89,11,17,4,17,22.0
20190609LTKT0,2019-06-09,2019,LT,KT,수원,5289,16:59,19:58,179,9,247,65,5,9,2,13,17.0
20190609SSSK0,2019-06-09,2019,SS,SK,문학,11819,16:59,19:56,177,9,323,82,10,11,9,19,18.0
20190609WOOB0,2019-06-09,2019,WO,OB,잠실,10287,17:02,19:46,164,9,265,68,4,10,4,12,18.0
20190611LTLG0,2019-06-11,2019,LT,LG,잠실,10802,18:31,22:17,226,12,339,92,8,18,2,15,24.0
20190611OBHH0,2019-06-11,2019,OB,HH,한밭,6637,18:30,22:05,215,9,313,76,11,12,5,14,17.0
20190611SKKT0,2019-06-11,2019,SK,KT,수원,3796,18:31,21:39,188,9,335,84,7,17,14,25,18.0
20190611SSHT0,2019-06-11,2019,SS,HT,광주,7058,18:29,21:23,174,9,286,75,9,10,8,20,17.0
20190611WONC0,2019-06-11,2019,WO,NC,창원,5394,18:30,22:26,236,10,382,99,10,16,17,29,20.0
20190612LTLG0,2019-06-12,2019,LT,LG,잠실,13909,18:30,22:05,215,10,323,83,11,13,7,13,19.666666666666664
20190612OBHH0,2019-06-12,2019,OB,HH,한밭,6578,18:29,22:06,217,9,333,85,12,15,15,22,18.0
20190612SKKT0,2019-06-12,2019,SK,KT,수원,5300,18:30,21:47,197,9,314,77,7,11,9,18,18.0
20190612SSHT0,2019-06-12,2019,SS,HT,광주,7370,18:30,21:44,194,9,310,81,7,17,10,24,17.0
20190612WONC0,2019-06-12,2019,WO,NC,창원,6839,18:29,22:31,242,11,407,90,10,15,9,16,22.0
20190613LTLG0,2019-06-13,2019,LT,LG,잠실,13705,18:30,22:06,216,10,305,81,7,13,7,18,19.666666666666664
20190613OBHH0,2019-06-13,2019,OB,HH,한밭,6418,18:29,21:38,189,9,292,79,11,8,9,17,18.0
20190613SKKT0,2019-06-13,2019,SK,KT,수원,6639,18:30,21:20,170,9,274,69,2,10,6,20,17.0
20190613SSHT0,2019-06-13,2019,SS,HT,광주,8130,18:30,21:38,188,9,289,73,10,9,5,13,17.666666666666664
20190613WONC0,2019-06-13,2019,WO,NC,창원,5762,18:30,20:49,139,9,222,60,3,12,4,10,17.0
20190614HHWO0,2019-06-14,2019,HH,WO,고척,7089,18:31,22:02,211,9,311,83,11,16,15,21,17.0
20190614KTSS0,2019-06-14,2019,KT,SS,대구,6775,18:30,21:42,192,9,291,73,7,11,11,23,17.0
20190614LGOB0,2019-06-14,2019,LG,OB,잠실,18227,18:31,21:41,190,9,290,78,5,21,11,22,17.0
20190614NCSK0,2019-06-14,2019,NC,SK,문학,9593,18:30,21:29,179,9,285,78,6,12,10,22,17.0
20190615HHWO0,2019-06-15,2019,HH,WO,고척,13115,17:00,19:48,168,9,307,78,4,25,11,24,17.0
20190615HTLT0,2019-06-15,2019,HT,LT,사직,18595,17:00,19:50,170,9,252,73,6,14,7,15,17.0
20190615KTSS0,2019-06-15,2019,KT,SS,대구,14674,17:01,21:55,232,9,370,87,15,13,17,19,18.0
20190615LGOB0,2019-06-15,2019,LG,OB,잠실,23106,17:02,21:01,195,9,294,78,11,7,7,19,18.0
20190615NCSK0,2019-06-15,2019,NC,SK,문학,17064,17:00,20:17,197,9,320,76,15,20,4,12,17.0
20190616HHWO0,2019-06-16,2019,HH,WO,고척,7382,17:00,20:40,220,9,327,82,13,12,15,19,17.0
20190616HTLT0,2019-06-16,2019,HT,LT,사직,9113,17:00,20:36,216,9,328,86,13,16,15,23,17.0
20190616KTSS0,2019-06-16,2019,KT,SS,대구,10319,17:00,20:11,191,10,308,78,5,18,4,17,20.0
20190616LGOB0,2019-06-16,2019,LG,OB,잠실,17912,17:01,20:55,234,9,329,79,16,12,8,16,17.0
20190616NCSK0,2019-06-16,2019,NC,SK,문학,11962,17:00,19:30,150,9,279,74,5,6,11,17,17.0
20190618KTWO0,2019-06-18,2019,KT,WO,고척,2463,18:30,21:07,157,9,258,64,4,12,5,10,17.0
20190618LGSS0,2019-06-18,2019,LG,SS,대구,6612,18:30,21:56,206,9,331,80,9,10,17,22,17.0
20190618LTHH0,2019-06-18,2019,LT,HH,한밭,5008,18:29,21:48,199,9,349,85,12,19,14,19,18.0
20190618NCOB0,2019-06-18,2019,NC,OB,잠실,6568,18:31,22:51,215,9,333,88,19,8,17,21,17.0
20190618SKHT0,2019-06-18,2019,SK,HT,광주,7100,18:30,21:03,153,9,246,64,3,12,6,16,17.0
20190619KTWO0,2019-06-19,2019,KT,WO,고척,2918,18:30,21:21,171,9,265,78,7,13,10,22,17.0
20190619LGSS0,2019-06-19,2019,LG,SS,대구,7164,18:31,21:51,200,9,301,84,9,8,15,21,18.0
20190619LTHH0,2019-06-19,2019,LT,HH,한밭,6874,18:29,22:00,211,10,325,85,6,20,12,20,20.0
20190619NCOB0,2019-06-19,2019,NC,OB,잠실,7521,18:32,21:19,167,9,253,65,5,8,1,10,17.0
20190619SKHT0,2019-06-19,2019,SK,HT,광주,7108,18:30,21:29,179,9,271,80,8,13,8,22,18.0
20190620KTWO0,2019-06-20,2019,KT,WO,고척,3026,18:30,21:28,178,9,311,73,10,14,4,12,17.0
20190620LGSS0,2019-06-20,2019,LG,SS,대구,7802,18:30,21:23,173,9,287,81,6,6,14,22,18.0
20190620LTHH0,2019-06-20,2019,LT,HH,한밭,6834,18:30,22:13,223,9,350,83,13,19,17,18,17.666666666666664
20190620NCOB0,2019-06-20,2019,NC,OB,잠실,9189,18:31,21:22,171,9,293,82,10,14,16,22,17.0
20190620SKHT0,2019-06-20,2019,SK,HT,광주,8640,18:30,21:19,169,9,266,70,10,13,13,12,17.0
20190621HTLG0,2019-06-21,2019,HT,LG,잠실,18316,18:30,22:46,256,9,347,92,18,13,17,24,17.0
20190621NCKT0,2019-06-21,2019,NC,KT,수원,3742,18:30,21:04,154,9,264,67,6,10,5,10,17.0
20190621OBSK0,2019-06-21,2019,OB,SK,문학,17571,18:30,21:54,204,9,305,79,13,14,15,16,17.0
20190621SSHH0,2019-06-21,2019,SS,HH,한밭,7635,18:29,21:47,198,9,323,74,10,14,7,15,18.0
20190621WOLT0,2019-06-21,2019,WO,LT,사직,9078,19:00,22:17,197,9,315,80,8,14,11,21,18.0
20190622HTLG0,2019-06-22,2019,HT,LG,잠실,25000,17:00,20:05,185,9,275,72,7,11,5,11,18.0
20190622NCKT0,2019-06-22,2019,NC,KT,수원,8109,17:00,20:15,195,9,279,80,5,10,13,23,18.0
20190622OBSK0,2019-06-22,2019,OB,SK,문학,22094,17:00,19:54,174,9,272,63,4,12,3,10,17.0
20190622SSHH0,2019-06-22,2019,SS,HH,한밭,10614,16:59,19:53,174,9,274,64,3,15,5,13,17.0
20190622WOLT0,2019-06-22,2019,WO,LT,사직,12318,17:00,20:00,180,9,276,73,7,14,5,17,17.0
20190623HTLG0,2019-06-23,2019,HT,LG,잠실,23321,17:00,20:37,192,9,323,80,7,17,7,24,18.0
20190623NCKT0,2019-06-23,2019,NC,KT,수원,5636,17:02,20:10,181,9,260,75,4,13,6,24,17.0
20190623OBSK0,2019-06-23,2019,OB,SK,문학,18717,17:00,20:14,194,9,295,72,9,16,5,13,17.0
20190623SSHH0,2019-06-23,2019,SS,HH,한밭,7269,17:00,20:01,181,9,308,79,3,15,15,23,18.0
20190623WOLT0,2019-06-23,2019,WO,LT,사직,8857,16:59,20:08,189,9,279,68,6,25,3,13,17.0
20190625HHNC0,2019-06-25,2019,HH,NC,창원,7361,18:29,21:54,205,9,331,89,10,15,17,27,18.0
20190625HTWO0,2019-06-25,2019,HT,WO,고척,8503,18:31,21:43,192,9,300,77,8,14,10,19,17.0
20190625KTLT0,2019-06-25,2019,KT,LT,사직,7416,18:30,23:16,286,12,403,108,10,16,16,30,24.0
20190625OBSS0,2019-06-25,2019,OB,SS,포항,7257,18:30,21:46,196,9,307,79,11,6,13,19,17.0
20190625SKLG0,2019-06-25,2019,SK,LG,잠실,9777,18:31,21:35,184,9,283,80,1,18,11,26,18.0
20190626HTWO0,2019-06-26,2019,HT,WO,고척,8257,18:30,21:28,178,9,315,88,10,15,19,24,18.0
20190626SKLG0,2019-06-26,2019,SK,LG,잠실,7888,18:30,21:50,200,9,308,83,8,12,11,23,18.0
20190627HHNC0,2019-06-27,2019,HH,NC,창원,4612,18:29,21:59,210,9,344,89,16,16,15,23,17.0
20190627HTWO0,2019-06-27,2019,HT,WO,고척,9805,18:30,21:18,168,9,283,71,3,15,10,17,17.0
20190627KTLT0,2019-06-27,2019,KT,LT,사직,5669,18:29,21:53,204,9,336,82,7,12,12,23,18.0
20190627OBSS0,2019-06-27,2019,OB,SS,포항,4169,18:30,21:20,170,9,286,77,7,13,10,21,18.0
20190627SKLG0,2019-06-27,2019,SK,LG,잠실,8475,18:30,22:05,215,9,301,82,10,15,10,20,17.0
20190628HTKT0,2019-06-28,2019,HT,KT,수원,9301,18:30,21:08,158,9,268,70,3,13,10,19,17.0
20190628LGNC0,2019-06-28,2019,LG,NC,창원,8513,19:00,22:31,211,9,305,76,12,7,8,17,18.0
20190628LTOB0,2019-06-28,2019,LT,OB,잠실,12213,18:32,21:06,154,9,221,63,1,9,5,16,17.0
20190628SKSS0,2019-06-28,2019,SK,SS,대구,6808,18:31,21:26,175,9,285,75,9,11,12,20,17.0
20190628WOHH0,2019-06-28,2019,WO,HH,한밭,5749,18:28,21:53,205,9,308,83,8,10,11,18,18.0
20190629HTKT0,2019-06-29,2019,HT,KT,수원,17899,17:00,19:53,173,9,264,69,6,7,8,14,17.0
20190629LTOB0,2019-06-29,2019,LT,OB,잠실,16351,17:01,20:32,211,9,303,75,8,15,4,17,18.0
20190630HTKT0,2019-06-30,2019,HT,KT,수원,15005,16:59,20:46,227,11,323,84,6,17,7,19,21.333333333333336
20190630LGNC0,2019-06-30,2019,LG,NC,창원,6462,17:00,19:39,159,9,275,72,6,8,10,19,17.0
20190630LTOB0,2019-06-30,2019,LT,OB,잠실,14096,17:01,20:27,206,9,280,79,9,11,4,18,18.0
20190630SKSS0,2019-06-30,2019,SK,SS,대구,14224,17:00,20:50,230,9,363,96,11,11,21,32,18.0
20190630WOHH0,2019-06-30,2019,WO,HH,한밭,6017,17:00,20:49,229,9,335,83,11,14,10,20,18.0
20190702HHLG0,2019-07-02,2019,HH,LG,잠실,10360,18:31,21:22,171,9,264,72,1,15,11,19,17.0
20190702LTSK0,2019-07-02,2019,LT,SK,문학,8966,18:29,21:02,153,9,253,68,7,15,11,11,17.0
20190702NCHT0,2019-07-02,2019,NC,HT,광주,4671,18:30,21:27,177,9,270,75,10,14,8,15,17.0
20190702OBWO0,2019-07-02,2019,OB,WO,고척,6318,18:30,21:14,164,9,249,72,6,10,9,17,17.0
20190702SSKT0,2019-07-02,2019,SS,KT,수원,4034,18:31,21:43,192,9,286,75,10,13,8,16,17.0
20190703HHLG0,2019-07-03,2019,HH,LG,잠실,11170,18:30,21:12,162,9,241,66,4,9,7,16,17.0
20190703LTSK0,2019-07-03,2019,LT,SK,문학,9672,18:29,21:56,207,9,316,81,8,19,13,24,17.0
20190703NCHT0,2019-07-03,2019,NC,HT,광주,6053,18:30,21:57,207,9,324,81,10,10,12,18,18.0
20190703OBWO0,2019-07-03,2019,OB,WO,고척,6758,18:30,20:41,131,9,222,65,3,13,4,10,18.0
20190703SSKT0,2019-07-03,2019,SS,KT,수원,4697,18:29,21:24,175,9,288,68,5,12,3,16,17.0
20190704HHLG0,2019-07-04,2019,HH,LG,잠실,12362,18:30,21:26,176,9,278,66,7,20,7,9,17.0
20190704LTSK0,2019-07-04,2019,LT,SK,문학,11887,18:29,22:03,214,9,329,83,8,16,16,22,17.0
20190704NCHT0,2019-07-04,2019,NC,HT,광주,6869,18:30,21:53,203,9,326,86,7,10,12,28,18.0
20190704OBWO0,2019-07-04,2019,OB,WO,고척,7337,18:29,21:30,181,9,262,73,6,11,5,14,18.0
20190704SSKT0,2019-07-04,2019,SS,KT,수원,5649,18:30,21:31,181,9,283,71,4,12,8,18,17.0
20190705KTHH0,2019-07-05,2019,KT,HH,한밭,6286,18:30,21:25,175,9,275,79,6,11,13,19,18.0
20190705LGHT0,2019-07-05,2019,LG,HT,광주,9532,18:30,21:17,167,9,251,70,6,10,7,17,17.0
20190705LTWO0,2019-07-05,2019,LT,WO,고척,4392,18:29,21:45,196,9,303,84,9,14,15,26,17.0
20190705SKOB0,2019-07-05,2019,SK,OB,잠실,13135,18:32,21:49,197,9,309,79,4,10,14,22,18.0
20190705SSNC0,2019-07-05,2019,SS,NC,창원,8691,19:00,22:31,211,9,317,78,11,10,10,19,17.0
20190706KTHH0,2019-07-06,2019,KT,HH,한밭,8868,18:00,22:02,242,10,348,95,8,17,17,30,19.333333333333336
20190706LGHT0,2019-07-06,2019,LG,HT,광주,13989,18:00,20:25,145,9,264,68,8,15,7,9,17.0
20190706LTWO0,2019-07-06,2019,LT,WO,고척,10241,18:00,21:10,190,9,280,74,3,17,10,21,17.0
20190706SKOB0,2019-07-06,2019,SK,OB,잠실,17334,18:01,20:57,176,9,252,72,4,9,6,14,18.0
20190706SSNC0,2019-07-06,2019,SS,NC,창원,12076,18:00,22:20,260,12,392,96,9,11,4,16,24.0
20190707KTHH0,2019-07-07,2019,KT,HH,한밭,5182,18:00,21:10,190,9,268,75,8,12,7,16,18.0
20190707LGHT0,2019-07-07,2019,LG,HT,광주,7570,18:49,22:52,243,9,359,85,9,16,19,24,18.0
20190707LTWO0,2019-07-07,2019,LT,WO,고척,6196,17:59,21:15,196,9,267,70,8,16,7,16,17.0
20190707SKOB0,2019-07-07,2019,SK,OB,잠실,12108,18:01,22:18,257,12,365,98,9,16,9,21,23.333333333333336
20190707SSNC0,2019-07-07,2019,SS,NC,창원,7085,18:00,21:24,204,9,297,78,11,15,6,17,18.0
20190709HTSS0,2019-07-09,2019,HT,SS,대구,7128,18:31,21:54,203,9,318,79,12,10,5,15,17.666666666666664
20190709NCLT0,2019-07-09,2019,NC,LT,사직,15651,18:30,21:41,191,9,291,70,7,8,5,14,17.0
20190709OBLG0,2019-07-09,2019,OB,LG,잠실,13844,18:30,21:19,169,9,269,81,3,11,15,23,18.0
20190709SKHH0,2019-07-09,2019,SK,HH,한밭,4432,18:30,21:43,193,11,291,79,5,23,1,13,21.333333333333336
20190709WOKT0,2019-07-09,2019,WO,KT,수원,4863,18:30,21:19,169,9,307,82,7,12,15,22,18.0
20190711HTSS0,2019-07-11,2019,HT,SS,대구,8880,18:30,21:18,168,9,275,69,6,24,6,14,17.0
20190711NCLT0,2019-07-11,2019,NC,LT,사직,5392,18:30,21:16,166,9,261,70,7,19,4,12,18.0
20190711OBLG0,2019-07-11,2019,OB,LG,잠실,11728,18:30,21:40,190,9,287,75,7,6,12,18,18.0
20190711SKHH0,2019-07-11,2019,SK,HH,한밭,4674,18:39,21:49,190,9,303,75,10,15,6,17,18.0
20190711WOKT0,2019-07-11,2019,WO,KT,수원,4363,18:29,21:16,167,9,249,71,4,9,6,15,18.0
20190712HHHT0,2019-07-12,2019,HH,HT,광주,9208,18:30,21:11,161,9,277,65,6,11,5,11,17.0
20190712KTNC0,2019-07-12,2019,KT,NC,창원,11213,19:02,22:25,203,9,312,81,6,14,17,23,17.0
20190712OBLT0,2019-07-12,2019,OB,LT,사직,6983,18:59,22:01,182,9,232,71,5,8,3,13,17.0
20190712SSLG0,2019-07-12,2019,SS,LG,잠실,15973,18:29,22:07,218,9,340,81,8,16,9,22,18.0
20190712WOSK0,2019-07-12,2019,WO,SK,문학,16532,18:31,21:55,204,9,295,75,6,10,8,16,18.0
20190713HHHT0,2019-07-13,2019,HH,HT,광주,20500,18:00,20:59,179,9,302,83,6,10,15,23,18.0
20190713KTNC0,2019-07-13,2019,KT,NC,창원,10805,18:00,21:22,202,9,311,90,7,11,16,28,18.0
20190713OBLT0,2019-07-13,2019,OB,LT,사직,13384,18:00,21:33,213,9,292,75,13,16,7,11,18.0
20190713SSLG0,2019-07-13,2019,SS,LG,잠실,21094,18:00,21:15,195,9,264,75,8,6,8,15,17.0
20190713WOSK0,2019-07-13,2019,WO,SK,문학,22061,18:00,21:01,181,9,257,72,6,8,6,18,17.0
20190714HHHT0,2019-07-14,2019,HH,HT,광주,9687,18:00,21:40,220,9,344,85,11,8,17,27,17.0
20190714KTNC0,2019-07-14,2019,KT,NC,창원,6734,17:59,21:19,200,9,285,81,11,7,5,21,18.0
20190714OBLT0,2019-07-14,2019,OB,LT,사직,6263,18:00,21:38,218,9,312,83,7,16,10,22,18.0
20190714SSLG0,2019-07-14,2019,SS,LG,잠실,14603,18:00,20:23,143,9,230,60,1,11,2,10,17.0
20190714WOSK0,2019-07-14,2019,WO,SK,문학,18767,18:02,20:48,166,9,256,66,4,20,7,14,17.0
20190716KTOB0,2019-07-16,2019,KT,OB,잠실,6156,18:30,21:33,183,9,287,77,11,9,9,15,18.0
20190716LGSK0,2019-07-16,2019,LG,SK,문학,10846,18:31,22:12,221,9,335,80,9,11,14,22,17.0
20190716NCHH0,2019-07-16,2019,NC,HH,청주,7240,18:30,21:52,197,9,280,75,8,10,5,15,18.0
20190716SSWO0,2019-07-16,2019,SS,WO,고척,4626,18:29,21:10,161,9,262,66,6,11,6,13,17.0
20190717KTOB0,2019-07-17,2019,KT,OB,잠실,7104,18:30,22:09,219,9,314,81,7,14,10,20,18.0
20190717LGSK0,2019-07-17,2019,LG,SK,문학,16347,18:29,21:33,184,9,273,73,8,14,10,19,17.0
20190717LTHT0,2019-07-17,2019,LT,HT,광주,6809,18:31,21:04,153,9,253,67,5,16,4,11,17.0
20190717NCHH0,2019-07-17,2019,NC,HH,청주,8184,18:29,21:36,187,9,315,88,10,17,15,25,18.0
20190717SSWO0,2019-07-17,2019,SS,WO,고척,4853,18:30,21:25,175,9,278,83,6,7,16,26,17.0
20190718KTOB0,2019-07-18,2019,KT,OB,잠실,8129,18:30,21:39,189,9,264,81,4,14,11,24,18.0
20190718LGSK0,2019-07-18,2019,LG,SK,문학,12622,18:29,21:59,210,9,315,85,7,19,17,25,18.0
20190718LTHT0,2019-07-18,2019,LT,HT,광주,4171,18:30,21:37,187,9,283,75,5,11,9,18,18.0
20190718NCHH0,2019-07-18,2019,NC,HH,청주,6846,18:30,21:55,205,9,295,79,8,18,11,16,18.0
20190718SSWO0,2019-07-18,2019,SS,WO,고척,6535,18:29,21:36,187,9,268,74,9,8,6,16,17.0
20190726HHSS0,2019-07-26,2019,HH,SS,대구,6612,18:30,22:06,216,9,326,84,10,13,17,26,17.0
20190726NCWO0,2019-07-26,2019,NC,WO,고척,3643,18:29,21:31,182,9,254,68,3,14,9,16,17.333333333333336
20190726SKLT0,2019-07-26,2019,SK,LT,사직,5485,19:00,22:17,197,9,313,79,5,8,14,24,18.0
20190727HHSS0,2019-07-27,2019,HH,SS,대구,13596,18:01,21:08,187,9,283,77,5,16,13,22,17.0
20190727HTOB0,2019-07-27,2019,HT,OB,잠실,17926,18:01,21:41,195,9,325,86,12,7,13,23,17.0
20190727LGKT0,2019-07-27,2019,LG,KT,수원,12451,18:00,21:25,205,9,299,76,8,14,7,19,18.0
20190727NCWO0,2019-07-27,2019,NC,WO,고척,9385,17:59,20:35,156,9,239,66,8,9,5,14,17.0
20190727SKLT0,2019-07-27,2019,SK,LT,사직,7761,18:40,21:58,193,9,287,80,13,17,4,14,18.0
20190728HHSS0,2019-07-28,2019,HH,SS,대구,11347,18:01,21:06,185,9,295,82,12,6,19,20,17.0
20190728LGKT0,2019-07-28,2019,LG,KT,수원,9061,18:25,21:50,205,9,311,87,12,17,11,21,18.0
20190728NCWO0,2019-07-28,2019,NC,WO,고척,4565,17:59,21:05,186,9,295,78,5,15,11,19,18.0
20190728SKLT0,2019-07-28,2019,SK,LT,사직,5206,18:00,21:12,192,9,285,71,4,19,3,15,18.0
20190730HHKT0,2019-07-30,2019,HH,KT,수원,5805,18:30,21:23,173,9,275,69,2,6,5,20,17.0
20190730HTSK0,2019-07-30,2019,HT,SK,문학,16881,18:29,21:38,189,9,299,70,12,13,2,9,18.0
20190730LTSS0,2019-07-30,2019,LT,SS,대구,9374,18:31,21:38,187,9,280,73,8,12,7,19,17.0
20190730OBNC0,2019-07-30,2019,OB,NC,창원,7435,18:30,21:49,199,9,310,77,8,13,10,17,18.0
20190730WOLG0,2019-07-30,2019,WO,LG,잠실,9570,18:30,21:26,176,9,281,76,8,13,6,17,18.0
20190731HHKT0,2019-07-31,2019,HH,KT,수원,4816,18:30,21:22,172,9,256,72,6,10,7,17,18.0
20190731HTSK0,2019-07-31,2019,HT,SK,문학,8871,18:30,22:34,217,9,335,79,13,16,8,15,18.0
20190731LTSS0,2019-07-31,2019,LT,SS,대구,10194,18:30,22:02,212,9,311,79,8,15,12,19,18.0
20190731OBNC0,2019-07-31,2019,OB,NC,창원,7672,18:30,21:52,202,9,301,79,10,7,12,20,17.0
20190731WOLG0,2019-07-31,2019,WO,LG,잠실,8027,18:30,21:57,185,9,276,77,7,8,8,18,18.0
20190801HHKT0,2019-08-01,2019,HH,KT,수원,7025,18:29,21:37,188,9,299,73,4,18,4,17,18.0
20190801HTSK0,2019-08-01,2019,HT,SK,문학,17646,18:30,20:59,149,9,262,73,5,13,11,17,17.0
20190801LTSS0,2019-08-01,2019,LT,SS,대구,10092,18:29,21:20,171,9,286,72,9,11,13,12,18.0
20190801OBNC0,2019-08-01,2019,OB,NC,창원,7324,18:30,22:59,269,11,379,88,12,16,5,15,22.0
20190801WOLG0,2019-08-01,2019,WO,LG,잠실,10007,18:31,22:01,210,9,308,80,10,16,16,21,17.0
20190803KTWO0,2019-08-03,2019,KT,WO,고척,7149,18:00,21:03,183,9,276,75,7,8,8,17,18.0
20190803NCHT0,2019-08-03,2019,NC,HT,광주,11249,18:00,21:01,181,9,281,70,7,14,6,13,17.0
20190803OBLT0,2019-08-03,2019,OB,LT,사직,8841,18:00,20:47,167,9,239,68,5,8,3,13,17.0
20190803SKHH0,2019-08-03,2019,SK,HH,한밭,9193,18:00,20:58,178,9,260,75,5,10,3,16,18.0
20190803SSLG0,2019-08-03,2019,SS,LG,잠실,18146,18:00,21:54,234,9,343,90,11,15,23,29,17.0
20190804KTWO0,2019-08-04,2019,KT,WO,고척,4938,16:59,19:59,180,9,289,75,4,16,8,16,18.0
20190804NCHT0,2019-08-04,2019,NC,HT,광주,9024,16:59,18:58,119,9,186,56,1,10,1,5,17.0
20190804OBLT0,2019-08-04,2019,OB,LT,사직,5709,17:59,21:11,192,9,278,81,5,9,13,29,17.0
20190804SKHH0,2019-08-04,2019,SK,HH,한밭,5117,16:59,20:01,182,9,288,75,7,13,10,18,17.0
20190804SSLG0,2019-08-04,2019,SS,LG,잠실,12408,17:00,20:28,168,9,248,68,2,9,3,15,18.0
20190806HHOB0,2019-08-06,2019,HH,OB,잠실,10934,18:31,21:43,192,9,301,81,4,9,11,27,17.0
20190806KTSK0,2019-08-06,2019,KT,SK,문학,7968,18:30,21:35,185,9,289,71,5,17,3,13,18.0
20190806LGHT0,2019-08-06,2019,LG,HT,광주,5722,18:30,21:45,195,9,329,93,8,14,21,32,18.0
20190807HHOB0,2019-08-07,2019,HH,OB,잠실,10137,18:32,22:02,210,9,286,83,7,7,12,24,18.0
20190807KTSK0,2019-08-07,2019,KT,SK,문학,7443,18:30,20:57,147,9,223,68,6,5,7,13,17.0
20190807LGHT0,2019-08-07,2019,LG,HT,광주,4981,18:30,21:39,189,9,290,73,8,13,15,20,17.0
20190807SSNC0,2019-08-07,2019,SS,NC,창원,6752,18:30,22:51,261,12,352,92,15,16,3,13,23.333333333333336
20190807WOLT0,2019-08-07,2019,WO,LT,울산,5070,18:30,21:34,184,9,291,85,6,13,20,24,18.0
20190808HHHT0,2019-08-08,2019,HH,HT,광주,5790,18:30,22:30,198,9,308,76,11,10,7,18,17.0
20190808KTOB0,2019-08-08,2019,KT,OB,잠실,6334,18:31,21:26,175,9,277,71,7,11,9,18,17.0
20190808LGNC0,2019-08-08,2019,LG,NC,창원,7571,18:30,22:04,214,9,310,89,11,6,15,25,17.0
20190808LTSS0,2019-08-08,2019,LT,SS,대구,7738,18:30,21:26,176,9,320,79,8,13,8,17,18.0
20190808SKWO0,2019-08-08,2019,SK,WO,고척,6811,18:29,21:41,192,9,281,75,2,18,7,18,18.0
20190809HHHT0,2019-08-09,2019,HH,HT,광주,8524,18:31,22:00,209,9,302,81,6,12,14,24,17.0
20190809KTOB0,2019-08-09,2019,KT,OB,잠실,6126,18:31,21:32,181,9,255,72,7,8,4,12,17.0
20190809LGNC0,2019-08-09,2019,LG,NC,창원,8661,18:59,22:45,226,10,332,81,10,17,7,17,20.0
20190809LTSS0,2019-08-09,2019,LT,SS,대구,7679,18:30,21:25,175,9,300,76,8,14,9,13,18.0
20190809SKWO0,2019-08-09,2019,SK,WO,고척,3583,18:29,21:59,210,9,300,85,10,13,9,23,17.333333333333336
20190810HHKT0,2019-08-10,2019,HH,KT,수원,10384,17:59,20:51,172,9,260,71,7,12,9,16,17.0
20190810HTSS0,2019-08-10,2019,HT,SS,대구,20159,18:00,20:51,171,9,278,73,4,8,9,17,18.0
20190810LTNC0,2019-08-10,2019,LT,NC,창원,13038,18:00,20:43,163,9,241,68,4,14,11,15,17.0
20190810OBWO0,2019-08-10,2019,OB,WO,고척,11234,17:59,21:21,202,9,282,82,11,10,12,23,17.0
20190810SKLG0,2019-08-10,2019,SK,LG,잠실,12450,18:00,21:26,206,9,298,70,7,13,2,12,18.0
20190811HHKT0,2019-08-11,2019,HH,KT,수원,7422,16:59,20:47,228,9,310,83,6,14,10,21,18.0
20190811HTSS0,2019-08-11,2019,HT,SS,대구,6803,17:00,20:39,219,9,333,85,13,15,9,20,17.0
20190811LTNC0,2019-08-11,2019,LT,NC,창원,9235,16:59,19:52,173,9,277,75,7,16,10,21,17.0
20190811OBWO0,2019-08-11,2019,OB,WO,고척,7812,16:59,20:30,211,9,324,93,8,7,19,33,18.0
20190811SKLG0,2019-08-11,2019,SK,LG,잠실,8495,16:59,19:57,178,9,278,68,4,13,7,17,17.0
20190813KTLT0,2019-08-13,2019,KT,LT,사직,7207,18:30,21:52,202,9,307,81,4,14,11,25,17.0
20190813NCHH0,2019-08-13,2019,NC,HH,한밭,5167,18:29,22:01,212,9,342,86,10,10,12,26,18.0
20190813OBHT0,2019-08-13,2019,OB,HT,광주,6068,18:30,21:57,207,9,307,78,11,10,7,16,18.0
20190813SSSK0,2019-08-13,2019,SS,SK,문학,7978,18:30,20:59,149,9,236,67,8,16,5,13,17.0
20190813WOLG0,2019-08-13,2019,WO,LG,잠실,7224,18:30,22:23,233,9,319,84,12,10,15,25,17.333333333333336
20190814KTLT0,2019-08-14,2019,KT,LT,사직,4618,18:30,21:22,172,9,260,74,6,11,6,17,18.0
20190814NCHH0,2019-08-14,2019,NC,HH,한밭,5298,18:29,21:28,179,9,283,77,8,11,12,17,17.0
20190814OBHT0,2019-08-14,2019,OB,HT,광주,6962,18:30,21:32,182,9,274,72,8,7,5,15,17.0
20190814WOLG0,2019-08-14,2019,WO,LG,잠실,9092,18:30,21:35,185,9,299,78,7,11,14,21,18.0
20190815HHLT0,2019-08-15,2019,HH,LT,사직,4604,18:00,21:08,188,9,289,78,4,20,16,27,17.0
20190815NCWO0,2019-08-15,2019,NC,WO,고척,6820,16:59,20:02,183,9,258,74,5,6,7,17,17.0
20190815SKHT0,2019-08-15,2019,SK,HT,광주,10770,17:00,20:25,205,9,321,85,13,18,13,20,18.0
20190816HHLT0,2019-08-16,2019,HH,LT,사직,9189,18:30,21:10,160,9,244,64,4,9,3,11,18.0
20190816LGOB0,2019-08-16,2019,LG,OB,잠실,13162,18:32,22:09,217,9,300,76,7,10,11,20,17.0
20190816NCWO0,2019-08-16,2019,NC,WO,고척,3813,18:29,21:50,201,9,302,79,8,10,10,23,17.0
20190816SKHT0,2019-08-16,2019,SK,HT,광주,11025,18:30,21:20,170,9,253,64,5,14,1,9,17.333333333333336
20190816SSKT0,2019-08-16,2019,SS,KT,수원,7564,18:29,21:33,184,9,293,83,13,8,10,18,17.0
20190817HHWO0,2019-08-17,2019,HH,WO,고척,9255,17:59,20:54,175,9,290,76,3,9,12,22,18.0
20190817KTHT0,2019-08-17,2019,KT,HT,광주,12606,18:00,21:36,216,10,301,86,9,13,7,22,20.0
20190817LGSS0,2019-08-17,2019,LG,SS,대구,13533,18:00,21:20,200,9,298,76,10,13,9,18,17.0
20190817LTOB0,2019-08-17,2019,LT,OB,잠실,15215,18:01,20:51,170,9,260,75,5,11,11,18,17.0
20190817SKNC0,2019-08-17,2019,SK,NC,창원,10051,18:00,20:28,148,9,279,71,8,7,9,13,17.0
20190818HHWO0,2019-08-18,2019,HH,WO,고척,6148,16:58,20:23,205,9,288,79,9,13,9,18,18.0
20190818KTHT0,2019-08-18,2019,KT,HT,광주,10240,17:00,20:21,201,9,314,76,10,17,3,14,18.0
20190818LGSS0,2019-08-18,2019,LG,SS,대구,9889,16:59,20:01,182,9,311,78,10,11,9,18,18.0
20190818LTOB0,2019-08-18,2019,LT,OB,잠실,11437,17:02,19:47,165,9,251,77,9,12,14,18,17.0
20190818SKNC0,2019-08-18,2019,SK,NC,창원,8594,17:01,20:16,195,9,287,75,4,11,11,23,17.0
20190820HTLG0,2019-08-20,2019,HT,LG,잠실,12490,18:30,21:59,209,9,356,90,14,14,18,21,17.0
20190820LTSK0,2019-08-20,2019,LT,SK,문학,7228,18:30,21:17,167,9,273,69,7,13,5,14,17.0
20190820OBNC0,2019-08-20,2019,OB,NC,창원,5535,18:30,20:45,135,9,202,64,2,5,5,12,17.0
20190820SSHH0,2019-08-20,2019,SS,HH,한밭,5464,18:29,21:08,159,9,262,71,9,14,5,10,18.0
20190820WOKT0,2019-08-20,2019,WO,KT,수원,3768,18:31,21:21,170,9,267,71,5,9,6,18,17.0
20190821HTLG0,2019-08-21,2019,HT,LG,잠실,11806,18:32,21:54,202,9,271,75,5,12,10,20,17.0
20190821LTSK0,2019-08-21,2019,LT,SK,문학,5985,18:29,21:27,178,9,262,70,2,13,9,19,17.0
20190821WOKT0,2019-08-21,2019,WO,KT,수원,3278,18:30,21:19,169,9,273,75,6,16,9,16,18.0
20190822HHSK0,2019-08-22,2019,HH,SK,문학,7493,18:30,22:04,214,9,310,83,11,12,14,24,17.0
20190822HTWO0,2019-08-22,2019,HT,WO,고척,10612,18:29,22:40,251,12,337,96,7,10,10,23,24.0
20190822LTKT0,2019-08-22,2019,LT,KT,수원,4480,18:30,21:03,153,9,244,72,3,10,6,21,17.0
20190822NCLG0,2019-08-22,2019,NC,LG,잠실,6670,18:31,21:31,180,9,298,75,8,19,7,12,18.0
20190822OBSS0,2019-08-22,2019,OB,SS,대구,5804,18:30,21:37,187,9,334,82,10,12,14,19,18.0
20190823HHSK0,2019-08-23,2019,HH,SK,문학,11519,18:29,21:35,186,9,289,75,7,13,8,20,17.0
20190823HTWO0,2019-08-23,2019,HT,WO,고척,6651,18:29,20:58,149,9,254,72,4,13,6,19,17.0
20190823LTKT0,2019-08-23,2019,LT,KT,수원,5800,18:29,22:38,249,12,369,101,9,20,6,22,24.0
20190823NCLG0,2019-08-23,2019,NC,LG,잠실,8330,18:30,21:30,180,9,271,79,10,10,10,22,17.0
20190823OBSS0,2019-08-23,2019,OB,SS,대구,7748,18:30,22:26,236,9,349,83,11,6,12,19,18.0
20190824HTSK0,2019-08-24,2019,HT,SK,문학,22352,17:59,21:15,196,9,292,71,7,12,7,15,17.0
20190824KTLG0,2019-08-24,2019,KT,LG,잠실,14388,18:00,21:28,208,9,374,86,9,14,20,24,17.0
20190824NCLT0,2019-08-24,2019,NC,LT,사직,11777,18:00,21:07,187,9,293,79,5,9,11,23,18.0
20190824OBHH0,2019-08-24,2019,OB,HH,한밭,9634,17:59,21:32,213,9,366,86,7,10,16,26,18.0
20190824WOSS0,2019-08-24,2019,WO,SS,대구,10265,17:58,20:57,179,9,272,73,8,13,3,16,17.0
20190825HTSK0,2019-08-25,2019,HT,SK,문학,18292,16:59,19:59,180,9,281,68,6,11,6,15,18.0
20190825KTLG0,2019-08-25,2019,KT,LG,잠실,11273,17:00,20:23,203,9,288,82,8,10,10,21,18.0
20190825NCLT0,2019-08-25,2019,NC,LT,사직,5591,17:59,20:56,177,9,275,74,7,12,9,19,17.0
20190825OBHH0,2019-08-25,2019,OB,HH,한밭,6264,17:00,19:53,173,9,279,64,1,16,5,14,18.0
20190825WOSS0,2019-08-25,2019,WO,SS,대구,8022,16:59,20:30,211,9,370,104,15,16,29,37,18.0
20190827KTNC0,2019-08-27,2019,KT,NC,창원,4438,18:30,21:30,180,9,273,72,8,8,7,14,17.0
20190827LGLT0,2019-08-27,2019,LG,LT,울산,2009,18:30,21:51,201,9,297,74,6,17,3,13,18.0
20190827SKOB0,2019-08-27,2019,SK,OB,잠실,9204,18:30,22:02,212,9,294,70,2,15,6,16,17.0
20190827SSHT0,2019-08-27,2019,SS,HT,광주,5840,18:43,22:02,199,9,329,77,5,6,11,20,18.0
20190827WOHH0,2019-08-27,2019,WO,HH,청주,4924,18:28,21:27,179,9,301,80,4,9,15,24,18.0
20190828KTNC0,2019-08-28,2019,KT,NC,창원,7589,18:50,21:38,168,9,286,76,10,13,10,15,18.0
20190828LGLT0,2019-08-28,2019,LG,LT,울산,2962,18:29,21:11,162,9,243,72,7,18,7,19,17.333333333333336
20190828SKOB0,2019-08-28,2019,SK,OB,잠실,10186,18:31,21:31,180,9,284,69,7,16,6,12,17.0
20190828SSHT0,2019-08-28,2019,SS,HT,광주,7795,18:29,21:40,191,9,301,74,10,10,6,14,17.0
20190828WOHH0,2019-08-28,2019,WO,HH,청주,5512,18:30,21:52,202,9,271,72,13,11,3,12,17.0
20190829HTNC0,2019-08-29,2019,HT,NC,창원,5095,18:30,21:28,178,9,305,69,4,14,7,17,17.0
20190829LTWO0,2019-08-29,2019,LT,WO,고척,6090,18:29,21:12,163,9,260,68,5,15,4,13,17.0
20190829OBKT0,2019-08-29,2019,OB,KT,수원,5111,18:30,22:19,207,9,301,83,9,8,19,26,17.0
20190829SKSS0,2019-08-29,2019,SK,SS,대구,6874,18:30,22:05,215,9,312,79,12,7,9,18,17.0
20190830HHLG0,2019-08-30,2019,HH,LG,잠실,11752,18:30,21:54,204,9,297,74,10,16,1,10,18.0
20190830HTNC0,2019-08-30,2019,HT,NC,창원,8067,19:00,22:34,214,9,342,85,9,7,10,23,18.0
20190830LTWO0,2019-08-30,2019,LT,WO,고척,4352,18:29,21:09,160,9,262,69,4,14,7,15,17.0
20190830OBKT0,2019-08-30,2019,OB,KT,수원,7928,18:31,21:43,192,9,288,73,8,11,4,13,18.0
20190830SKSS0,2019-08-30,2019,SK,SS,대구,7594,18:30,21:14,164,9,272,66,3,16,2,10,18.0
20190831KTHH0,2019-08-31,2019,KT,HH,한밭,7780,18:00,21:10,190,9,291,79,5,19,7,24,18.0
20190831LGSK0,2019-08-31,2019,LG,SK,문학,22397,17:59,21:28,209,9,288,85,2,13,10,30,18.0
20190831LTHT0,2019-08-31,2019,LT,HT,광주,12234,18:00,20:50,170,9,274,73,8,18,6,16,17.0
20190831SSOB0,2019-08-31,2019,SS,OB,잠실,18526,18:01,21:02,181,9,272,69,6,10,8,15,17.0
20190831WONC0,2019-08-31,2019,WO,NC,창원,13285,18:00,21:47,227,9,336,87,13,16,12,23,18.0
20190901KTHH0,2019-09-01,2019,KT,HH,한밭,4688,14:00,16:46,166,9,265,73,6,12,7,19,17.0
20190901LGSK0,2019-09-01,2019,LG,SK,문학,16535,13:59,17:10,191,9,285,80,10,11,15,19,17.0
20190901LTHT0,2019-09-01,2019,LT,HT,광주,7944,14:00,16:39,159,9,261,70,3,17,6,22,17.0
20190901SSOB0,2019-09-01,2019,SS,OB,잠실,14075,14:01,16:59,178,9,274,70,6,10,5,14,17.0
20190901WONC0,2019-09-01,2019,WO,NC,창원,11604,14:00,16:54,174,9,255,70,5,5,6,18,17.0
20190903HTHH0,2019-09-03,2019,HT,HH,한밭,4099,18:29,21:54,205,9,306,80,9,23,11,19,18.0
20190903LGKT0,2019-09-03,2019,LG,KT,수원,4221,18:31,21:13,162,9,280,70,9,13,5,9,18.0
20190903NCSK0,2019-09-03,2019,NC,SK,문학,5148,18:32,22:15,180,9,296,75,8,15,9,18,17.0
20190903SSLT0,2019-09-03,2019,SS,LT,사직,2390,18:29,21:29,180,9,296,74,7,16,9,14,18.0
20190903WOOB0,2019-09-03,2019,WO,OB,잠실,8566,18:31,22:05,199,9,303,76,6,11,7,16,18.0
20190904HTHH0,2019-09-04,2019,HT,HH,한밭,3841,18:29,21:10,161,9,267,69,6,19,1,12,18.0
20190904SSLT0,2019-09-04,2019,SS,LT,사직,3551,18:29,21:38,189,9,322,84,8,18,8,21,18.0
20190905HHNC0,2019-09-05,2019,HH,NC,창원,7666,18:29,20:54,145,9,250,66,4,10,3,11,18.0
20190905SSWO0,2019-09-05,2019,SS,WO,고척,6637,18:30,21:24,174,9,270,73,9,9,4,13,18.0
20190906HHNC0,2019-09-06,2019,HH,NC,창원,7106,19:00,21:47,167,9,247,69,5,14,4,15,17.0
20190906HTKT0,2019-09-06,2019,HT,KT,수원,5727,18:30,22:09,171,9,266,76,5,11,7,21,17.0
20190906LTLG0,2019-09-06,2019,LT,LG,잠실,9837,18:30,22:19,185,9,261,70,4,20,7,15,17.0
20190906SSWO0,2019-09-06,2019,SS,WO,고척,7632,18:29,21:13,164,9,271,71,4,18,7,18,17.0
20190907LTHH0,2019-09-07,2019,LT,HH,한밭,5534,17:00,19:53,173,9,279,75,3,15,6,23,17.0
20190907NCSS0,2019-09-07,2019,NC,SS,대구,9162,16:59,19:49,170,9,283,72,5,12,10,17,18.0
20190907WOHT0,2019-09-07,2019,WO,HT,광주,4478,17:01,19:52,171,9,289,79,7,11,10,22,18.0
20190908LTHH0,2019-09-08,2019,LT,HH,한밭,6216,13:59,17:35,216,9,359,82,12,12,12,16,18.0
20190908NCSS0,2019-09-08,2019,NC,SS,대구,10820,14:00,17:33,213,9,331,82,8,12,13,22,17.0
20190908OBLG0,2019-09-08,2019,OB,LG,잠실,17675,14:01,17:11,190,9,276,70,5,11,3,16,17.0
20190908SKKT0,2019-09-08,2019,SK,KT,수원,8279,14:00,16:25,145,9,245,65,7,10,5,11,17.0
20190908WOHT0,2019-09-08,2019,WO,HT,광주,7060,14:00,17:17,197,9,358,91,11,12,16,24,18.0
20190910HTLT0,2019-09-10,2019,HT,LT,사직,4211,18:29,21:31,182,9,278,80,8,12,12,23,17.0
20190910KTSS0,2019-09-10,2019,KT,SS,대구,7309,18:31,21:00,149,9,241,66,3,15,5,12,17.0
20190910LGHH0,2019-09-10,2019,LG,HH,청주,4865,18:30,21:46,196,9,304,81,9,14,7,20,18.0
20190911HTLT0,2019-09-11,2019,HT,LT,사직,6434,18:29,21:07,158,9,241,71,5,13,4,12,18.0
20190911KTSS0,2019-09-11,2019,KT,SS,대구,5222,18:30,22:07,217,9,349,85,11,11,19,24,17.0
20190911LGHH0,2019-09-11,2019,LG,HH,청주,5235,18:29,21:43,194,9,304,82,11,12,14,23,17.0
20190911NCOB0,2019-09-11,2019,NC,OB,잠실,8618,18:30,21:20,170,9,268,69,4,11,4,11,18.0
20190911WOSK0,2019-09-11,2019,WO,SK,문학,10396,18:29,21:20,171,9,276,73,5,18,6,17,18.0
20190912HTOB0,2019-09-12,2019,HT,OB,잠실,12267,17:01,19:45,149,9,229,66,1,9,5,14,17.0
20190912LGWO0,2019-09-12,2019,LG,WO,고척,9691,17:00,20:21,201,9,259,70,11,13,5,11,17.333333333333336
20190912NCKT0,2019-09-12,2019,NC,KT,수원,5440,17:01,20:28,207,9,332,85,7,14,11,26,18.0
20190912SKLT0,2019-09-12,2019,SK,LT,사직,3792,17:00,19:38,158,9,236,63,2,15,3,10,18.0
20190913HHSS0,2019-09-13,2019,HH,SS,대구,11852,13:59,17:27,208,9,340,80,7,16,9,19,18.0
20190913HTOB0,2019-09-13,2019,HT,OB,잠실,12415,14:00,16:21,141,9,213,65,1,2,8,16,17.0
20190913LGWO0,2019-09-13,2019,LG,WO,고척,8848,14:00,17:10,190,9,274,75,5,11,5,17,18.0
20190913NCKT0,2019-09-13,2019,NC,KT,수원,5612,13:59,17:12,193,9,276,75,5,15,7,20,18.0
20190913SKLT0,2019-09-13,2019,SK,LT,사직,4074,14:00,16:45,165,9,239,62,6,12,1,9,17.0
20190914HTLG0,2019-09-14,2019,HT,LG,잠실,17406,17:00,19:34,154,9,247,68,3,11,9,17,17.0
20190914LTHH0,2019-09-14,2019,LT,HH,한밭,8007,16:59,20:00,181,9,286,75,5,14,7,18,17.0
20190914OBSK0,2019-09-14,2019,OB,SK,문학,21027,16:59,20:59,240,9,317,91,10,12,13,30,17.333333333333336
20190914SSNC0,2019-09-14,2019,SS,NC,창원,16496,17:00,19:52,172,9,286,74,5,9,8,18,17.0
20190914WOKT0,2019-09-14,2019,WO,KT,수원,7553,17:00,19:56,176,9,255,70,7,12,5,13,17.0
20190915KTSK0,2019-09-15,2019,KT,SK,문학,12865,13:59,17:26,207,9,303,84,11,18,14,20,18.0
20190915LTHH0,2019-09-15,2019,LT,HH,한밭,5003,13:59,16:58,179,9,280,76,7,15,8,18,18.0
20190915OBLG0,2019-09-15,2019,OB,LG,잠실,18171,14:02,17:20,198,9,287,81,6,12,14,26,17.0
20190915SSNC0,2019-09-15,2019,SS,NC,창원,12163,14:00,16:41,161,9,262,68,5,13,7,14,17.0
20190916HHSS0,2019-09-16,2019,HH,SS,대구,3925,18:30,21:34,184,9,324,83,16,10,12,18,18.0
20190916LGKT0,2019-09-16,2019,LG,KT,수원,5620,18:31,21:28,177,9,280,77,4,11,6,21,18.0
20190916WOOB0,2019-09-16,2019,WO,OB,잠실,9298,18:31,21:20,169,9,259,76,5,14,9,17,18.0
20190917NCHT0,2019-09-17,2019,NC,HT,광주,8011,18:30,21:22,172,9,283,69,9,14,5,9,17.0
20190917WOHH0,2019-09-17,2019,WO,HH,한밭,5293,18:29,20:55,146,9,239,61,1,21,1,9,17.0
20190918LGSS0,2019-09-18,2019,LG,SS,포항,2801,18:29,21:36,187,9,272,74,6,9,7,12,18.0
20190918LTHT0,2019-09-18,2019,LT,HT,광주,5448,18:30,21:23,173,9,278,76,7,11,11,21,17.0
20190918NCSK0,2019-09-18,2019,NC,SK,문학,8002,18:29,20:57,148,9,252,71,6,13,6,14,18.0
20190919HTSS0,2019-09-19,2019,HT,SS,대구,5887,18:30,21:29,179,9,330,81,6,15,14,25,17.0
20190919LGNC0,2019-09-19,2019,LG,NC,창원,8878,18:30,21:57,207,9,299,79,11,16,8,17,17.0
20190919OBSK1,2019-09-19,2019,OB,SK,문학,7078,14:59,18:25,206,9,323,81,8,14,10,20,18.0
20190919OBSK2,2019-09-19,2019,OB,SK,문학,13952,18:55,21:38,163,9,258,71,5,15,10,15,18.0
20190920HTOB0,2019-09-20,2019,HT,OB,잠실,13147,18:31,21:11,160,9,276,69,2,13,8,16,17.0
20190920KTLT0,2019-09-20,2019,KT,LT,사직,3514,18:30,21:14,164,9,274,68,4,17,7,14,18.0
20190920SSHH0,2019-09-20,2019,SS,HH,한밭,6003,18:30,21:31,181,9,285,72,9,11,8,13,17.0
20190920WOSK0,2019-09-20,2019,WO,SK,문학,14956,18:30,21:41,191,9,302,77,9,16,6,17,18.0
20190921HTOB0,2019-09-21,2019,HT,OB,잠실,16912,17:02,20:13,191,9,286,76,6,11,8,20,17.0
20190921SSKT0,2019-09-21,2019,SS,KT,수원,7673,17:00,20:16,196,9,296,78,7,17,9,16,18.0
20190922LGOB0,2019-09-22,2019,LG,OB,잠실,14596,14:03,18:02,239,10,355,88,8,18,9,21,20.0
20190923HHLG0,2019-09-23,2019,HH,LG,잠실,11775,18:30,21:28,178,9,312,79,8,13,10,21,18.0
20190923HTKT0,2019-09-23,2019,HT,KT,수원,4327,18:29,21:13,164,9,255,69,4,16,3,18,17.0
20190923NCLT0,2019-09-23,2019,NC,LT,사직,1762,19:09,22:02,173,9,307,75,10,14,7,16,18.0
20190924OBNC0,2019-09-24,2019,OB,NC,창원,8198,18:30,22:58,268,12,392,107,6,13,14,29,24.0
20190924SKKT0,2019-09-24,2019,SK,KT,수원,4948,18:29,21:33,184,9,295,74,5,11,10,22,17.0
20190924SSLG0,2019-09-24,2019,SS,LG,잠실,15115,18:31,21:45,194,9,283,75,5,19,6,17,18.0
20190924WOHT0,2019-09-24,2019,WO,HT,광주,6217,18:31,21:03,152,9,247,71,3,12,5,19,17.0
20190925HHNC0,2019-09-25,2019,HH,NC,창원,11238,18:29,21:54,205,9,308,77,5,13,5,20,18.0
20190925OBLT0,2019-09-25,2019,OB,LT,사직,2960,18:30,21:34,184,9,311,76,5,15,7,18,18.0
20190925SSSK0,2019-09-25,2019,SS,SK,문학,18278,18:30,20:58,148,9,248,63,4,14,1,11,17.0
20190926HHNC0,2019-09-26,2019,HH,NC,창원,14039,18:30,21:33,183,9,296,88,10,11,6,26,18.0
20190926HTLT0,2019-09-26,2019,HT,LT,사직,2662,18:29,21:21,172,9,303,70,8,19,4,7,18.0
20190926LGKT0,2019-09-26,2019,LG,KT,수원,6298,18:29,21:31,182,9,288,76,6,21,7,17,18.0
20190926OBSS0,2019-09-26,2019,OB,SS,대구,7483,18:28,20:53,145,9,255,76,6,4,11,18,18.0
20190927NCLG0,2019-09-27,2019,NC,LG,잠실,19523,18:30,21:29,179,9,271,72,8,19,3,15,18.0
20190927SKSS0,2019-09-27,2019,SK,SS,대구,7726,18:29,21:59,189,9,299,70,6,12,4,12,18.0
20190928HHOB0,2019-09-28,2019,HH,OB,잠실,22513,17:00,21:02,242,10,339,91,6,10,13,26,19.333333333333336
20190928LGHT0,2019-09-28,2019,LG,HT,광주,13888,17:00,20:03,183,9,296,79,13,16,8,18,17.0
20190928NCKT0,2019-09-28,2019,NC,KT,수원,11350,16:59,19:53,174,9,292,75,7,11,7,18,17.0
20190928SKSS0,2019-09-28,2019,SK,SS,대구,18193,16:58,20:53,235,10,314,92,12,19,16,25,19.333333333333336
20190929OBLG0,2019-09-29,2019,OB,LG,잠실,25000,14:01,16:48,167,9,239,66,6,11,3,8,18.0
20190929SKHH0,2019-09-29,2019,SK,HH,한밭,7542,14:00,16:42,162,9,246,61,6,16,2,5,18.0
20190929SSKT0,2019-09-29,2019,SS,KT,수원,9755,13:59,16:39,160,9,263,73,8,12,7,13,17.0
20190929WOLT0,2019-09-29,2019,WO,LT,사직,3331,14:00,16:33,153,9,253,72,5,13,5,12,18.0
20190930LTLG0,2019-09-30,2019,LT,LG,잠실,12042,18:30,20:45,135,9,226,64,7,9,2,9,17.0
20190930SKHH0,2019-09-30,2019,SK,HH,한밭,10960,18:29,21:41,192,9,291,76,6,14,8,18,18.0
20191001NCOB0,2019-10-01,2019,NC,OB,잠실,24081,18:33,22:19,226,9,314,87,3,13,11,32,17.333333333333336
20191001WOLT0,2019-10-01,2019,WO,LT,사직,1842,18:30,21:16,166,9,293,75,4,17,4,17,18.0
20210403SSWO0,2021-04-03,2021,SS,WO,고척,1665,13:59,16:43,164,9,259,68,5,11,7,14,17.0
20210404HHKT0,2021-04-04,2021,HH,KT,수원,1956,13:58,17:04,186,9,278,73,8,16,5,12,17.666666666666664
20210404HTOB0,2021-04-04,2021,HT,OB,잠실,2410,13:59,16:59,180,9,260,70,5,9,5,17,17.0
20210404LGNC0,2021-04-04,2021,LG,NC,창원,4376,14:01,17:36,215,9,325,75,10,19,3,14,18.0
20210404LTSK0,2021-04-04,2021,LT,SK,문학,2300,13:59,16:57,178,9,292,72,4,13,8,21,17.0
20210404SSWO0,2021-04-04,2021,SS,WO,고척,1655,13:59,17:23,204,9,324,82,14,15,11,19,17.0
20210406HHSK0,2021-04-06,2021,HH,SK,문학,2268,18:29,21:24,175,9,254,62,6,20,3,7,17.0
20210406HTWO0,2021-04-06,2021,HT,WO,고척,1614,18:30,22:38,248,11,375,90,6,23,9,18,22.0
20210406LGKT0,2021-04-06,2021,LG,KT,수원,1956,18:31,21:11,160,9,272,65,5,16,5,8,18.0
20210406LTNC0,2021-04-06,2021,LT,NC,창원,2327,18:30,22:29,239,9,346,86,9,17,15,23,18.0
20210406SSOB0,2021-04-06,2021,SS,OB,잠실,2245,18:29,21:41,192,9,307,71,6,12,9,17,17.0
20210407HHSK0,2021-04-07,2021,HH,SK,문학,2264,18:29,22:24,235,9,399,92,17,17,17,22,18.0
20210407HTWO0,2021-04-07,2021,HT,WO,고척,1628,18:31,23:21,290,12,447,111,15,15,15,23,24.0
20210407LGKT0,2021-04-07,2021,LG,KT,수원,1706,18:30,22:15,225,9,299,81,14,6,10,19,17.0
20210407LTNC0,2021-04-07,2021,LT,NC,창원,2225,18:30,22:04,214,9,322,84,16,16,16,18,17.0
20210407SSOB0,2021-04-07,2021,SS,OB,잠실,2142,18:30,21:48,198,9,294,71,7,11,1,16,17.0
20210408HHSK0,2021-04-08,2021,HH,SK,문학,2278,18:29,21:43,194,9,294,73,11,18,10,12,17.0
20210408HTWO0,2021-04-08,2021,HT,WO,고척,1660,18:30,21:43,193,9,302,77,15,12,8,11,18.0
20210408LGKT0,2021-04-08,2021,LG,KT,수원,1605,18:30,21:41,191,9,318,80,9,11,10,18,18.0
20210408LTNC0,2021-04-08,2021,LT,NC,창원,2261,18:30,22:27,237,9,357,90,22,14,12,19,18.0
20210408SSOB0,2021-04-08,2021,SS,OB,잠실,2273,18:30,21:38,188,9,298,75,8,10,7,14,18.0
20210409KTSS0,2021-04-09,2021,KT,SS,대구,2724,18:31,21:29,178,9,304,79,7,19,12,21,17.0
20210409NCHT0,2021-04-09,2021,NC,HT,광주,3869,18:32,22:05,213,9,337,89,9,15,16,27,18.0
20210409OBHH0,2021-04-09,2021,OB,HH,한밭,1300,18:29,21:15,166,9,269,71,1,13,7,21,17.0
20210409SKLG0,2021-04-09,2021,SK,LG,잠실,2414,18:30,22:21,231,9,325,89,20,8,14,18,17.0
20210409WOLT0,2021-04-09,2021,WO,LT,사직,2364,18:31,21:39,188,9,298,78,10,21,9,16,18.0
20210410KTSS0,2021-04-10,2021,KT,SS,대구,3813,14:00,17:17,197,9,321,75,9,12,13,17,17.0
20210410NCHT0,2021-04-10,2021,NC,HT,광주,4114,17:01,19:52,171,9,279,78,9,14,11,17,18.0
20210410OBHH0,2021-04-10,2021,OB,HH,한밭,1300,16:59,20:25,206,9,363,93,15,17,19,24,18.0
20210410SKLG0,2021-04-10,2021,SK,LG,잠실,2431,14:01,17:32,211,9,317,80,10,15,7,20,18.0
20210410WOLT0,2021-04-10,2021,WO,LT,사직,2364,16:59,20:11,192,9,314,80,8,19,13,23,17.0
20210411KTSS0,2021-04-11,2021,KT,SS,대구,4658,13:59,17:16,197,9,319,76,11,15,6,16,17.0
20210411NCHT0,2021-04-11,2021,NC,HT,광주,4264,14:00,17:19,199,9,313,78,4,11,10,22,18.0
20210411OBHH0,2021-04-11,2021,OB,HH,한밭,1300,13:59,17:22,203,9,291,74,8,19,5,16,17.0
20210411SKLG0,2021-04-11,2021,SK,LG,잠실,2454,14:00,16:20,140,9,226,59,3,17,1,6,17.0
20210411WOLT0,2021-04-11,2021,WO,LT,사직,2364,13:59,18:43,284,11,416,99,18,21,5,17,22.0
20210413HHSS0,2021-04-13,2021,HH,SS,대구,1363,18:29,21:38,189,9,307,74,12,18,7,13,17.0
20210413KTOB0,2021-04-13,2021,KT,OB,잠실,1128,18:30,22:04,214,9,332,84,8,13,15,26,18.0
20210413LGWO0,2021-04-13,2021,LG,WO,고척,1479,18:31,21:39,188,9,312,76,9,6,10,19,17.0
20210413LTHT0,2021-04-13,2021,LT,HT,광주,808,18:31,21:43,192,9,339,82,13,18,8,14,18.0
20210413NCSK0,2021-04-13,2021,NC,SK,문학,1632,18:30,21:47,197,9,306,75,8,18,6,11,18.0
20210414HHSS0,2021-04-14,2021,HH,SS,대구,1564,18:30,21:30,180,9,289,72,5,14,8,15,18.0
20210414KTOB0,2021-04-14,2021,KT,OB,잠실,1038,18:30,21:46,196,9,302,68,7,18,4,13,17.0
20210414LGWO0,2021-04-14,2021,LG,WO,고척,1311,18:30,21:48,198,9,326,80,10,14,15,17,18.0
20210414LTHT0,2021-04-14,2021,LT,HT,광주,884,18:30,22:34,244,12,369,95,12,11,5,15,23.666666666666664
20210414NCSK0,2021-04-14,2021,NC,SK,문학,1571,18:30,21:19,169,9,278,66,7,16,3,7,18.0
20210415HHSS0,2021-04-15,2021,HH,SS,대구,1728,18:30,20:52,142,9,252,63,8,14,4,6,17.0
20210415KTOB0,2021-04-15,2021,KT,OB,잠실,1124,18:30,22:09,219,9,334,84,9,12,11,23,18.0
20210415LGWO0,2021-04-15,2021,LG,WO,고척,1354,18:31,21:33,182,9,306,74,3,16,10,18,18.0
20210415LTHT0,2021-04-15,2021,LT,HT,광주,1503,18:31,22:31,240,9,381,88,16,15,15,22,17.0
20210415NCSK0,2021-04-15,2021,NC,SK,문학,1539,18:30,21:20,170,9,270,74,5,15,12,18,17.0
20210416HHNC0,2021-04-16,2021,HH,NC,창원,5061,19:00,22:09,189,9,299,79,10,15,10,18,17.0
20210416HTSK0,2021-04-16,2021,HT,SK,문학,2300,18:29,22:40,251,9,365,93,14,16,17,27,18.0
20210416OBLG0,2021-04-16,2021,OB,LG,잠실,2442,18:31,21:55,204,9,293,72,12,8,1,13,17.0
20210416SSLT0,2021-04-16,2021,SS,LT,사직,1927,18:30,21:47,197,9,329,81,11,15,12,21,17.0
20210416WOKT0,2021-04-16,2021,WO,KT,수원,929,18:30,21:39,189,9,305,75,7,13,12,18,17.0
20210417HHNC0,2021-04-17,2021,HH,NC,창원,3495,17:01,20:31,210,9,357,84,13,20,18,20,17.0
20210417HTSK0,2021-04-17,2021,HT,SK,문학,2300,14:00,17:42,222,10,338,87,9,14,7,19,19.666666666666664
20210417OBLG0,2021-04-17,2021,OB,LG,잠실,2472,17:00,20:12,192,9,314,72,7,18,4,14,18.0
20210417SSLT0,2021-04-17,2021,SS,LT,사직,2364,16:59,20:30,211,9,385,86,12,13,12,21,18.0
20210417WOKT0,2021-04-17,2021,WO,KT,수원,1658,17:00,20:39,219,9,362,82,17,19,13,19,17.0
20210418HHNC0,2021-04-18,2021,HH,NC,창원,2632,14:00,17:21,201,9,356,81,13,15,14,16,18.0
20210418HTSK0,2021-04-18,2021,HT,SK,문학,2300,14:00,17:24,204,9,330,76,17,13,6,9,17.0
20210418OBLG0,2021-04-18,2021,OB,LG,잠실,2472,13:59,17:52,233,9,371,88,10,21,10,24,18.0
20210418SSLT0,2021-04-18,2021,SS,LT,사직,2364,13:59,16:41,162,9,270,71,6,12,7,13,18.0
20210418WOKT0,2021-04-18,2021,WO,KT,수원,1956,13:59,17:11,192,9,324,81,7,11,12,21,17.0
20210420HTLG0,2021-04-20,2021,HT,LG,잠실,2453,18:30,22:10,220,9,343,84,16,13,9,18,18.0
20210420KTNC0,2021-04-20,2021,KT,NC,창원,1229,18:30,21:44,194,9,338,81,14,16,7,15,18.0
20210420OBLT0,2021-04-20,2021,OB,LT,사직,1197,18:28,21:30,182,9,312,83,11,12,15,21,17.0
20210420SKSS0,2021-04-20,2021,SK,SS,대구,2104,18:29,21:49,200,9,330,87,7,21,17,24,18.0
20210420WOHH0,2021-04-20,2021,WO,HH,한밭,1003,18:29,21:17,168,9,273,73,6,17,10,15,17.0
20210421HTLG0,2021-04-21,2021,HT,LG,잠실,2457,18:30,22:02,212,9,341,76,11,13,10,14,17.0
20210421KTNC0,2021-04-21,2021,KT,NC,창원,1103,18:31,21:32,181,9,284,76,9,9,7,17,17.0
20210421OBLT0,2021-04-21,2021,OB,LT,사직,1278,18:29,22:12,223,9,333,86,12,15,19,25,17.0
20210421SKSS0,2021-04-21,2021,SK,SS,대구,2823,18:29,21:57,208,9,363,94,17,10,18,26,17.0
20210421WOHH0,2021-04-21,2021,WO,HH,한밭,1007,18:30,22:10,220,9,334,78,14,16,7,20,17.0
20210422HTLG0,2021-04-22,2021,HT,LG,잠실,2472,18:31,22:48,257,10,357,89,19,13,5,12,20.0
20210422KTNC0,2021-04-22,2021,KT,NC,창원,1393,18:30,21:38,188,9,320,84,7,14,16,22,18.0
20210422OBLT0,2021-04-22,2021,OB,LT,사직,1686,18:30,21:32,182,9,295,83,7,11,14,23,18.0
20210422SKSS0,2021-04-22,2021,SK,SS,대구,2636,18:29,22:20,231,9,362,84,9,21,17,18,18.0
20210422WOHH0,2021-04-22,2021,WO,HH,한밭,1071,18:30,21:54,204,9,305,83,11,5,11,18,18.0
20210423LGHH0,2021-04-23,2021,LG,HH,한밭,1300,18:31,21:46,195,9,311,77,12,21,3,13,18.0
20210423LTKT0,2021-04-23,2021,LT,KT,수원,1544,18:31,21:30,179,9,303,84,10,10,15,23,18.0
20210423NCOB0,2021-04-23,2021,NC,OB,잠실,2225,18:30,21:39,189,9,282,74,9,11,6,16,17.0
20210423SKWO0,2021-04-23,2021,SK,WO,고척,1258,18:30,21:51,201,9,313,85,11,8,14,21,18.0
20210423SSHT0,2021-04-23,2021,SS,HT,광주,1318,18:30,21:16,166,9,282,67,3,17,5,14,17.0
20210424LGHH0,2021-04-24,2021,LG,HH,한밭,1300,14:01,17:58,237,9,408,96,18,12,24,28,17.0
20210424LTKT0,2021-04-24,2021,LT,KT,수원,1956,16:59,20:02,183,9,285,76,3,8,6,22,18.0
20210424NCOB0,2021-04-24,2021,NC,OB,잠실,2410,17:00,20:32,212,9,309,86,8,13,15,26,17.0
20210424SKWO0,2021-04-24,2021,SK,WO,고척,1638,14:00,17:39,219,10,326,83,7,15,9,21,20.0
20210424SSHT0,2021-04-24,2021,SS,HT,광주,2808,17:01,20:32,211,9,325,84,11,10,12,22,18.0
20210425LGHH0,2021-04-25,2021,LG,HH,한밭,1300,14:00,16:39,159,9,257,67,6,20,8,10,18.0
20210425LTKT0,2021-04-25,2021,LT,KT,수원,1956,13:59,18:01,242,9,347,88,18,16,11,18,17.666666666666664
20210425NCOB0,2021-04-25,2021,NC,OB,잠실,2410,14:00,17:01,181,9,313,83,8,4,10,20,18.0
20210425SKWO0,2021-04-25,2021,SK,WO,고척,1640,14:00,17:23,203,9,295,74,8,14,7,15,17.0
20210425SSHT0,2021-04-25,2021,SS,HT,광주,2749,14:01,17:20,199,9,297,80,10,13,5,19,18.0
20210427HHHT0,2021-04-27,2021,HH,HT,광주,898,18:30,21:39,189,9,307,72,8,13,7,12,17.0
20210427KTSK0,2021-04-27,2021,KT,SK,문학,1756,18:30,21:58,208,9,357,91,12,18,19,26,18.0
20210427LTLG0,2021-04-27,2021,LT,LG,잠실,2347,18:30,21:32,182,9,299,71,9,15,4,12,17.0
20210427NCSS0,2021-04-27,2021,NC,SS,대구,2528,18:29,21:05,156,9,281,74,4,13,9,20,17.0
20210427OBWO0,2021-04-27,2021,OB,WO,고척,1166,18:29,21:44,195,9,283,81,12,7,9,22,17.0
20210428HHHT0,2021-04-28,2021,HH,HT,광주,1502,18:30,21:08,158,9,250,63,6,18,4,8,17.0
20210428KTSK0,2021-04-28,2021,KT,SK,문학,1797,18:29,21:32,183,9,292,74,11,16,6,13,17.0
20210428LTLG0,2021-04-28,2021,LT,LG,잠실,2455,18:30,21:31,181,9,299,67,4,20,3,9,18.0
20210428NCSS0,2021-04-28,2021,NC,SS,대구,2130,18:30,21:42,192,9,309,79,10,22,7,18,17.0
20210428OBWO0,2021-04-28,2021,OB,WO,고척,1213,18:30,23:23,293,11,407,100,14,16,9,24,21.333333333333336
20210429HHHT0,2021-04-29,2021,HH,HT,광주,1478,18:30,22:39,249,11,370,89,18,19,5,8,21.333333333333336
20210429KTSK0,2021-04-29,2021,KT,SK,문학,2132,18:29,21:32,183,9,292,76,13,18,7,13,18.0
20210429LTLG0,2021-04-29,2021,LT,LG,잠실,2472,18:30,21:21,171,9,252,69,6,11,5,15,17.0
20210429NCSS0,2021-04-29,2021,NC,SS,대구,2628,18:30,21:27,177,9,301,77,6,16,9,22,18.0
20210429OBWO0,2021-04-29,2021,OB,WO,고척,1394,18:30,21:30,180,9,324,85,15,15,19,20,18.0
20210430HHLT0,2021-04-30,2021,HH,LT,사직,2271,18:30,22:33,243,9,365,95,15,19,18,27,18.0
20210430HTKT0,2021-04-30,2021,HT,KT,수원,1956,18:31,21:32,181,9,317,81,11,17,18,24,17.0
20210430LGSS0,2021-04-30,2021,LG,SS,대구,4161,18:30,21:30,180,9,300,73,9,14,4,13,17.0
20210430SKOB0,2021-04-30,2021,SK,OB,잠실,2410,18:30,21:31,181,9,306,82,10,18,13,21,17.0
20210430WONC0,2021-04-30,2021,WO,NC,창원,1909,19:00,22:34,214,9,317,73,7,17,7,16,18.0
20210501HHLT0,2021-05-01,2021,HH,LT,사직,2351,17:00,20:13,193,9,311,81,10,12,14,19,18.0
20210501HTKT0,2021-05-01,2021,HT,KT,수원,1956,17:11,20:13,165,9,272,71,8,19,3,13,17.0
20210501LGSS0,2021-05-01,2021,LG,SS,대구,7033,17:00,20:06,186,9,301,77,11,14,10,19,17.0
20210501SKOB0,2021-05-01,2021,SK,OB,잠실,2427,17:00,21:43,283,12,440,100,13,24,7,17,24.0
20210501WONC0,2021-05-01,2021,WO,NC,창원,2694,17:00,20:45,225,9,391,97,17,14,22,23,18.0
20210502HHLT0,2021-05-02,2021,HH,LT,사직,2364,13:59,17:29,210,9,339,77,10,24,9,16,18.0
20210502HTKT0,2021-05-02,2021,HT,KT,수원,1956,14:00,17:04,184,9,308,83,11,9,11,22,17.0
20210502LGSS0,2021-05-02,2021,LG,SS,대구,7033,14:01,16:49,168,9,268,73,5,11,10,17,17.0
20210502SKOB0,2021-05-02,2021,SK,OB,잠실,2427,14:00,17:26,206,9,317,81,9,9,13,24,17.0
20210502WONC0,2021-05-02,2021,WO,NC,창원,2066,14:00,16:35,155,9,266,75,9,12,5,16,17.0
20210505HTLT0,2021-05-05,2021,HT,LT,사직,2364,14:00,17:10,190,9,311,82,4,13,13,27,18.0
20210505KTWO0,2021-05-05,2021,KT,WO,고척,1674,14:00,16:44,164,9,305,78,5,22,14,22,17.0
20210505LGOB0,2021-05-05,2021,LG,OB,잠실,2427,14:00,17:17,197,9,300,85,10,12,11,23,18.0
20210505SKNC0,2021-05-05,2021,SK,NC,창원,4768,14:00,18:25,265,9,393,99,17,20,25,27,18.0
20210505SSHH0,2021-05-05,2021,SS,HH,한밭,3900,14:00,17:13,193,9,317,75,9,22,5,13,18.0
20210506HTLT0,2021-05-06,2021,HT,LT,사직,2068,18:30,22:26,236,9,379,94,15,14,26,27,17.0
20210506KTWO0,2021-05-06,2021,KT,WO,고척,957,18:30,21:31,181,9,280,76,9,9,10,16,17.0
20210506LGOB0,2021-05-06,2021,LG,OB,잠실,2427,18:30,21:42,192,9,323,80,14,16,9,15,18.0
20210506SKNC0,2021-05-06,2021,SK,NC,창원,1980,18:30,21:25,175,9,310,80,12,14,8,17,17.0
20210506SSHH0,2021-05-06,2021,SS,HH,한밭,2522,18:29,22:16,227,10,342,89,11,13,11,20,19.666666666666664
20210507LTSS0,2021-05-07,2021,LT,SS,대구,5960,18:30,21:08,158,9,234,67,4,8,5,14,17.0
20210508HHLG0,2021-05-08,2021,HH,LG,잠실,2441,17:00,20:04,184,9,293,78,6,10,13,20,17.0
20210508LTSS0,2021-05-08,2021,LT,SS,대구,7033,17:00,21:07,247,9,372,91,8,14,17,31,18.0
20210508NCKT0,2021-05-08,2021,NC,KT,수원,1566,17:00,20:49,229,9,347,83,16,14,9,17,18.0
20210508OBHT0,2021-05-08,2021,OB,HT,광주,2462,17:01,20:29,208,9,314,89,10,11,16,27,18.0
20210508WOSK0,2021-05-08,2021,WO,SK,문학,2300,16:59,19:55,176,9,314,79,6,15,11,22,18.0
20210509HHLG1,2021-05-09,2021,HH,LG,잠실,2472,14:00,16:58,178,9,314,77,11,13,12,18,17.0
20210509HHLG2,2021-05-09,2021,HH,LG,잠실,2472,17:28,21:20,232,9,347,84,12,12,9,20,18.0
20210509LTSS0,2021-05-09,2021,LT,SS,대구,7033,14:00,17:44,224,9,337,80,10,13,14,21,17.0
20210509NCKT1,2021-05-09,2021,NC,KT,수원,1759,13:59,17:34,215,9,370,98,13,12,27,33,18.0
20210509NCKT2,2021-05-09,2021,NC,KT,수원,845,18:04,20:51,167,9,294,82,11,14,14,20,17.0
20210509OBHT1,2021-05-09,2021,OB,HT,광주,2646,14:00,17:26,206,9,300,84,13,9,8,17,18.0
20210509OBHT2,2021-05-09,2021,OB,HT,광주,1142,17:56,21:16,200,9,338,82,14,9,9,19,18.0
20210509WOSK1,2021-05-09,2021,WO,SK,문학,2300,14:00,16:47,167,9,266,68,7,17,5,11,17.0
20210509WOSK2,2021-05-09,2021,WO,SK,문학,2156,17:20,21:08,228,9,346,81,16,17,7,15,17.0
20210511LGHT0,2021-05-11,2021,LG,HT,광주,1047,18:30,21:49,199,9,325,75,10,11,8,20,17.0
20210511NCHH0,2021-05-11,2021,NC,HH,한밭,1065,18:30,21:44,194,9,317,82,13,18,9,16,18.0
20210511SKLT0,2021-05-11,2021,SK,LT,사직,1915,18:29,21:53,204,9,338,84,14,15,13,18,18.0
20210511SSKT0,2021-05-11,2021,SS,KT,수원,1646,18:30,22:11,221,9,349,81,8,19,15,20,17.0
20210511WOOB0,2021-05-11,2021,WO,OB,잠실,1606,18:31,21:45,194,9,295,75,13,7,5,13,17.0
20210512LGHT0,2021-05-12,2021,LG,HT,광주,1337,18:30,22:03,213,9,331,78,13,17,8,16,17.0
20210512NCHH0,2021-05-12,2021,NC,HH,한밭,1007,18:30,21:48,198,9,301,79,13,13,9,12,18.0
20210512SKLT0,2021-05-12,2021,SK,LT,사직,1529,18:30,21:55,205,9,350,84,14,21,11,19,18.0
20210512SSKT0,2021-05-12,2021,SS,KT,수원,1608,18:29,21:34,185,9,290,77,5,16,12,19,18.0
20210512WOOB0,2021-05-12,2021,WO,OB,잠실,1628,18:31,21:07,156,9,264,68,7,19,3,10,18.0
20210513LGHT0,2021-05-13,2021,LG,HT,광주,1168,18:30,21:54,204,9,332,81,13,10,11,17,18.0
20210513NCHH0,2021-05-13,2021,NC,HH,한밭,1103,18:30,22:02,212,9,311,81,11,15,6,15,18.0
20210513SKLT0,2021-05-13,2021,SK,LT,사직,1823,18:29,21:56,207,9,309,77,10,20,9,16,17.0
20210513SSKT0,2021-05-13,2021,SS,KT,수원,1956,18:30,21:43,193,9,304,80,10,16,4,15,18.0
20210513WOOB0,2021-05-13,2021,WO,OB,잠실,1896,18:31,22:39,248,9,378,98,15,11,27,31,18.0
20210514HHWO0,2021-05-14,2021,HH,WO,고척,1563,18:30,22:06,216,9,319,77,11,20,7,16,18.0
20210514HTNC0,2021-05-14,2021,HT,NC,창원,2329,19:00,22:25,205,9,313,78,12,20,7,17,17.0
20210514KTLT0,2021-05-14,2021,KT,LT,사직,1816,18:30,21:38,188,9,305,84,11,13,10,21,18.0
20210514OBSK0,2021-05-14,2021,OB,SK,문학,2300,18:29,22:10,221,9,352,84,12,14,9,17,18.0
20210514SSLG0,2021-05-14,2021,SS,LG,잠실,2472,18:30,21:13,163,9,249,71,5,11,7,14,17.0
20210515HHWO0,2021-05-15,2021,HH,WO,고척,1674,14:00,17:20,200,9,347,87,12,13,16,24,17.0
20210515HTNC0,2021-05-15,2021,HT,NC,창원,1590,14:00,17:07,187,9,303,78,4,10,10,24,17.0
20210515KTLT0,2021-05-15,2021,KT,LT,사직,1365,16:59,20:23,204,9,318,83,8,12,9,23,18.0
20210515SSLG0,2021-05-15,2021,SS,LG,잠실,2455,17:40,20:55,195,9,321,80,10,13,18,19,17.0
20210516HHWO0,2021-05-16,2021,HH,WO,고척,1674,14:00,16:29,149,9,250,69,4,15,6,15,17.0
20210517OBSK0,2021-05-17,2021,OB,SK,문학,1664,18:30,21:52,202,9,314,82,10,11,11,18,18.0
20210517SSLG0,2021-05-17,2021,SS,LG,잠실,1975,18:30,21:37,187,9,317,72,11,10,4,9,18.0
20210518LTHH0,2021-05-18,2021,LT,HH,한밭,1927,18:30,21:58,208,9,341,78,11,21,7,14,18.0
20210518NCLG0,2021-05-18,2021,NC,LG,잠실,2428,18:30,21:48,198,9,305,67,11,15,1,8,17.0
20210518OBKT0,2021-05-18,2021,OB,KT,수원,1722,18:31,21:31,180,9,293,67,5,22,1,13,17.0
20210518SKHT0,2021-05-18,2021,SK,HT,광주,2446,18:29,21:56,207,9,320,85,10,6,12,25,18.0
20210518WOSS0,2021-05-18,2021,WO,SS,대구,4225,18:31,21:57,206,9,365,89,9,14,18,26,18.0
20210519LTHH0,2021-05-19,2021,LT,HH,한밭,3900,14:00,17:08,188,9,326,76,8,10,14,19,17.0
20210519NCLG0,2021-05-19,2021,NC,LG,잠실,2472,14:00,17:40,220,10,329,90,13,17,11,20,19.666666666666664
20210519OBKT0,2021-05-19,2021,OB,KT,수원,1956,13:59,17:10,191,9,302,74,8,18,11,18,17.0
20210519SKHT0,2021-05-19,2021,SK,HT,광주,3378,13:59,17:48,229,9,331,92,15,11,16,24,18.0
20210519WOSS0,2021-05-19,2021,WO,SS,대구,7033,14:00,17:15,195,9,336,83,8,16,11,25,18.0
20210520NCLG0,2021-05-20,2021,NC,LG,잠실,1929,18:30,21:17,167,9,272,81,4,10,12,24,18.0
20210521HTSS0,2021-05-21,2021,HT,SS,대구,3495,18:30,21:48,198,9,323,72,6,13,8,20,17.0
20210521KTHH0,2021-05-21,2021,KT,HH,한밭,948,18:30,21:45,195,9,316,71,10,19,4,9,17.0
20210521LGSK0,2021-05-21,2021,LG,SK,문학,2300,18:31,22:32,241,9,349,85,17,11,11,18,17.666666666666664
20210521LTOB0,2021-05-21,2021,LT,OB,잠실,2427,18:31,21:26,175,9,306,79,6,11,10,19,18.0
20210521NCWO0,2021-05-21,2021,NC,WO,고척,1009,18:30,21:17,167,9,266,64,10,12,2,7,17.0
20210522HTSS0,2021-05-22,2021,HT,SS,대구,7033,17:00,20:02,182,9,296,76,4,14,13,18,18.0
20210522KTHH0,2021-05-22,2021,KT,HH,한밭,3103,17:00,19:53,173,9,283,66,12,20,5,6,17.0
20210522LGSK0,2021-05-22,2021,LG,SK,문학,2300,17:00,20:00,180,9,318,77,6,16,11,19,17.0
20210522LTOB0,2021-05-22,2021,LT,OB,잠실,2427,17:00,20:38,218,10,330,81,8,16,7,15,19.666666666666664
20210522NCWO0,2021-05-22,2021,NC,WO,고척,1674,17:00,20:22,202,9,323,88,5,12,19,34,17.0
20210523HTSS0,2021-05-23,2021,HT,SS,대구,6780,14:00,17:25,205,9,337,81,13,12,12,18,17.0
20210523KTHH0,2021-05-23,2021,KT,HH,한밭,2516,14:00,17:53,233,9,392,84,20,18,9,10,18.0
20210523LGSK0,2021-05-23,2021,LG,SK,문학,2300,14:00,17:02,182,9,298,76,8,11,8,17,17.0
20210523LTOB0,2021-05-23,2021,LT,OB,잠실,2427,14:00,17:03,183,9,275,72,8,14,4,18,17.0
20210523NCWO0,2021-05-23,2021,NC,WO,고척,1618,14:00,17:28,208,9,318,79,3,13,11,24,17.0
20210526HHOB0,2021-05-26,2021,HH,OB,잠실,2385,18:30,22:07,217,9,358,86,12,20,12,23,17.0
20210526LGLT0,2021-05-26,2021,LG,LT,사직,1536,18:31,21:42,191,9,269,75,6,12,8,18,18.0
20210526SKKT0,2021-05-26,2021,SK,KT,수원,1420,18:31,23:31,300,12,452,108,15,24,14,23,24.0
20210526SSNC0,2021-05-26,2021,SS,NC,창원,2199,18:30,21:36,186,9,321,84,10,12,8,20,18.0
20210526WOHT0,2021-05-26,2021,WO,HT,광주,1003,18:29,21:02,153,9,265,68,10,13,5,7,17.0
20210527HHOB0,2021-05-27,2021,HH,OB,잠실,2085,18:31,21:53,202,9,304,72,13,12,3,11,18.0
20210527LGLT0,2021-05-27,2021,LG,LT,사직,1310,18:30,21:41,191,9,310,74,8,14,9,14,18.0
20210527SKKT0,2021-05-27,2021,SK,KT,수원,1141,18:30,22:27,237,10,346,89,12,14,11,20,19.333333333333336
20210527SSNC0,2021-05-27,2021,SS,NC,창원,1763,18:30,21:43,193,9,306,75,7,15,9,19,17.0
20210527WOHT0,2021-05-27,2021,WO,HT,광주,1047,18:29,21:52,203,9,315,79,12,17,9,19,17.0
20210528KTHT0,2021-05-28,2021,KT,HT,광주,1032,18:29,22:28,239,10,345,90,15,14,13,20,19.333333333333336
20210528OBSS0,2021-05-28,2021,OB,SS,대구,4027,18:32,21:56,204,9,331,86,6,13,13,28,18.0
20210528SKHH0,2021-05-28,2021,SK,HH,한밭,1663,18:30,22:12,222,9,373,88,15,18,15,20,18.0
20210528WOLG0,2021-05-28,2021,WO,LG,잠실,2409,18:30,21:32,182,9,282,70,6,14,4,14,17.0
20210529KTHT0,2021-05-29,2021,KT,HT,광주,2352,16:59,21:10,251,9,373,84,14,16,12,22,18.0
20210529NCLT1,2021-05-29,2021,NC,LT,사직,1544,13:59,17:28,209,9,331,88,8,17,20,27,18.0
20210529NCLT2,2021-05-29,2021,NC,LT,사직,3527,18:02,21:07,185,9,291,75,6,21,8,17,18.0
20210529OBSS0,2021-05-29,2021,OB,SS,대구,7033,17:00,20:33,213,9,377,95,11,9,20,34,17.0
20210529SKHH0,2021-05-29,2021,SK,HH,한밭,3900,17:00,20:37,217,9,333,76,13,14,8,10,18.0
20210529WOLG0,2021-05-29,2021,WO,LG,잠실,2429,17:00,20:51,231,9,341,84,14,15,9,19,18.0
20210530KTHT0,2021-05-30,2021,KT,HT,광주,3179,14:00,16:57,177,9,277,72,9,11,7,11,18.0
20210530NCLT0,2021-05-30,2021,NC,LT,사직,2874,14:00,17:49,229,9,350,78,14,14,9,12,18.0
20210530OBSS0,2021-05-30,2021,OB,SS,대구,6500,14:00,17:03,183,9,299,75,7,14,6,15,18.0
20210530SKHH0,2021-05-30,2021,SK,HH,한밭,2987,14:01,17:33,212,9,324,82,12,9,6,20,18.0
20210530WOLG0,2021-05-30,2021,WO,LG,잠실,2472,14:00,16:43,163,9,263,75,10,12,10,15,17.0
20210601HTHH0,2021-06-01,2021,HT,HH,한밭,1133,18:30,21:45,195,9,305,75,7,13,10,19,17.0
20210601KTLG0,2021-06-01,2021,KT,LG,잠실,1656,18:30,21:21,171,9,285,75,7,12,9,19,18.0
20210601LTWO0,2021-06-01,2021,LT,WO,고척,1090,18:30,21:27,177,9,281,68,5,14,3,13,18.0
20210601OBNC0,2021-06-01,2021,OB,NC,창원,1414,18:30,21:52,202,9,293,74,3,18,7,19,18.0
20210601SSSK0,2021-06-01,2021,SS,SK,문학,2300,18:30,21:02,152,9,236,65,4,13,1,10,17.333333333333336
20210602HTHH0,2021-06-02,2021,HT,HH,한밭,1474,18:30,22:02,212,9,333,82,16,16,8,15,18.0
20210602KTLG0,2021-06-02,2021,KT,LG,잠실,1820,18:30,21:17,167,9,249,72,5,10,11,17,17.0
20210602LTWO0,2021-06-02,2021,LT,WO,고척,1048,18:30,21:17,167,9,261,73,11,15,6,10,18.0
20210602OBNC0,2021-06-02,2021,OB,NC,창원,1354,18:31,21:54,203,9,316,78,10,14,14,18,17.0
20210602SSSK0,2021-06-02,2021,SS,SK,문학,2300,18:30,22:23,233,9,365,89,19,9,15,20,18.0
20210603LTWO0,2021-06-03,2021,LT,WO,고척,1197,18:30,21:48,198,9,330,84,10,10,13,22,17.0
20210604HHNC0,2021-06-04,2021,HH,NC,창원,1742,18:59,22:25,206,9,307,73,10,13,9,16,17.0
20210604LGHT0,2021-06-04,2021,LG,HT,광주,1230,18:33,22:17,224,9,302,77,11,14,7,14,17.666666666666664
20210604LTKT0,2021-06-04,2021,LT,KT,수원,1709,18:31,21:37,186,9,342,83,12,16,15,19,18.0
20210604SKOB0,2021-06-04,2021,SK,OB,잠실,2427,18:31,21:46,195,9,289,71,5,10,5,16,17.0
20210604SSWO0,2021-06-04,2021,SS,WO,고척,1585,18:30,21:35,185,9,294,83,11,17,9,19,18.0
20210605HHNC0,2021-06-05,2021,HH,NC,창원,3365,17:00,20:07,187,9,308,76,7,15,7,19,17.0
20210605LGHT0,2021-06-05,2021,LG,HT,광주,2983,16:59,20:30,211,9,362,88,10,14,10,24,18.0
20210605LTKT0,2021-06-05,2021,LT,KT,수원,2000,16:59,19:46,167,9,286,73,5,16,9,18,17.0
20210605SKOB0,2021-06-05,2021,SK,OB,잠실,2427,17:00,20:40,220,9,342,80,10,16,13,21,17.0
20210605SSWO0,2021-06-05,2021,SS,WO,고척,1674,17:00,19:54,174,9,287,72,3,13,8,21,17.0
20210606HHNC0,2021-06-06,2021,HH,NC,창원,2296,17:01,21:19,258,9,406,95,19,14,23,23,18.0
20210606LGHT0,2021-06-06,2021,LG,HT,광주,1807,17:01,19:50,169,9,293,79,11,10,10,17,18.0
20210606LTKT0,2021-06-06,2021,LT,KT,수원,2000,17:00,21:19,259,10,375,99,14,17,15,27,20.0
20210606SKOB0,2021-06-06,2021,SK,OB,잠실,2427,17:02,19:56,174,9,269,68,5,20,5,13,18.0
20210606SSWO0,2021-06-06,2021,SS,WO,고척,1674,17:00,20:14,194,9,306,77,11,14,4,15,18.0
20210608HTSS0,2021-06-08,2021,HT,SS,대구,1241,18:31,21:41,190,9,303,78,14,10,7,15,17.0
20210608KTSK0,2021-06-08,2021,KT,SK,문학,1902,18:30,21:30,180,9,292,77,5,14,6,17,18.0
20210608NCLG0,2021-06-08,2021,NC,LG,잠실,1847,18:30,21:45,195,9,288,69,11,17,3,10,17.0
20210608OBLT0,2021-06-08,2021,OB,LT,사직,1285,18:30,22:21,231,9,371,90,10,21,27,28,17.0
20210608WOHH0,2021-06-08,2021,WO,HH,한밭,936,18:30,21:44,194,9,308,73,12,19,6,10,17.0
20210609HTSS0,2021-06-09,2021,HT,SS,대구,1341,18:29,22:19,230,9,347,86,15,12,12,19,18.0
20210609KTSK0,2021-06-09,2021,KT,SK,문학,1792,18:31,21:43,192,9,302,77,8,9,10,18,18.0
20210609NCLG0,2021-06-09,2021,NC,LG,잠실,1736,18:30,22:04,214,9,334,81,12,11,9,17,17.0
20210609OBLT0,2021-06-09,2021,OB,LT,사직,1308,18:29,22:07,218,9,325,88,14,17,22,23,18.0
20210609WOHH0,2021-06-09,2021,WO,HH,한밭,920,18:30,21:38,188,9,317,74,13,19,8,8,18.0
20210610HTSS0,2021-06-10,2021,HT,SS,대구,1597,18:29,21:28,179,9,298,74,5,17,6,18,17.0
20210610NCLG0,2021-06-10,2021,NC,LG,잠실,1624,18:30,21:31,181,9,289,74,8,13,6,14,18.0
20210610OBLT0,2021-06-10,2021,OB,LT,사직,1422,18:30,21:36,186,9,254,75,5,5,9,21,17.666666666666664
20210610WOHH0,2021-06-10,2021,WO,HH,한밭,872,18:30,22:42,171,9,272,68,6,15,1,9,17.333333333333336
20210611HHKT0,2021-06-11,2021,HH,KT,수원,1661,18:31,22:58,267,11,388,95,10,15,11,26,21.0
20210611NCSS0,2021-06-11,2021,NC,SS,대구,1233,18:30,21:37,187,9,288,79,8,14,9,19,18.0
20210611OBLG0,2021-06-11,2021,OB,LG,잠실,2472,18:30,21:47,197,9,289,74,14,6,4,12,17.0
20210611WOSK0,2021-06-11,2021,WO,SK,문학,2231,18:29,21:38,189,9,323,80,11,13,14,22,17.0
20210612HHKT0,2021-06-12,2021,HH,KT,수원,2000,17:00,20:32,212,9,340,83,14,23,9,20,17.0
20210612NCSS0,2021-06-12,2021,NC,SS,대구,2317,17:00,19:47,167,9,282,73,9,14,5,16,17.0
20210612OBLG0,2021-06-12,2021,OB,LG,잠실,2472,17:00,20:27,207,10,312,84,9,16,11,16,20.0
20210612WOSK0,2021-06-12,2021,WO,SK,문학,2300,17:00,20:15,195,9,318,78,14,17,9,11,17.333333333333336
20210613HHKT0,2021-06-13,2021,HH,KT,수원,2000,17:00,20:06,186,9,298,75,7,14,9,17,17.0
20210613HTLT1,2021-06-13,2021,HT,LT,사직,2119,13:59,17:45,226,9,348,86,14,13,14,24,17.0
20210613HTLT2,2021-06-13,2021,HT,LT,사직,2284,18:17,21:47,210,9,298,85,12,12,9,22,18.0
20210613NCSS0,2021-06-13,2021,NC,SS,대구,2240,17:00,20:28,208,9,326,77,16,16,8,13,17.0
20210613OBLG0,2021-06-13,2021,OB,LG,잠실,2472,17:00,20:43,223,9,315,72,10,14,2,14,17.0
20210613WOSK0,2021-06-13,2021,WO,SK,문학,2300,17:00,19:54,174,9,299,72,11,15,10,10,18.0
20210615LGWO0,2021-06-15,2021,LG,WO,고척,1348,18:30,21:59,209,9,313,73,8,15,6,17,18.0
20210615LTHH0,2021-06-15,2021,LT,HH,한밭,1067,19:05,22:32,207,9,316,68,9,18,5,13,17.0
20210615SSOB0,2021-06-15,2021,SS,OB,잠실,2706,18:31,22:14,223,9,340,85,11,16,14,21,18.0
20210616KTNC0,2021-06-16,2021,KT,NC,창원,1127,18:31,21:45,194,9,316,76,9,21,10,15,18.0
20210616LGWO0,2021-06-16,2021,LG,WO,고척,1445,18:30,21:41,191,9,306,77,12,10,9,16,17.0
20210616LTHH1,2021-06-16,2021,LT,HH,한밭,805,15:00,18:24,204,9,316,80,10,20,13,20,17.0
20210616LTHH2,2021-06-16,2021,LT,HH,한밭,1150,18:57,22:18,201,9,298,70,7,18,7,15,17.0
20210616SKHT1,2021-06-16,2021,SK,HT,광주,573,15:00,18:06,186,9,341,90,20,10,11,17,18.0
20210616SKHT2,2021-06-16,2021,SK,HT,광주,916,18:35,21:44,189,9,307,69,7,22,2,9,17.0
20210616SSOB0,2021-06-16,2021,SS,OB,잠실,3702,18:31,21:29,178,9,266,71,2,14,8,15,18.0
20210617KTNC0,2021-06-17,2021,KT,NC,창원,1143,18:31,21:32,181,9,290,70,8,17,10,13,17.0
20210617LGWO0,2021-06-17,2021,LG,WO,고척,1739,18:30,22:05,215,9,318,85,10,16,11,25,18.0
20210617LTHH0,2021-06-17,2021,LT,HH,한밭,1078,18:31,22:06,215,9,344,82,8,16,11,22,18.0
20210617SKHT0,2021-06-17,2021,SK,HT,광주,925,18:30,21:35,185,9,268,77,7,8,9,17,18.0
20210617SSOB0,2021-06-17,2021,SS,OB,잠실,3258,18:31,21:35,184,9,255,72,5,10,8,17,17.0
20210618HTLG0,2021-06-18,2021,HT,LG,잠실,4860,18:30,20:46,136,9,230,64,7,3,5,8,17.0
20210618OBKT0,2021-06-18,2021,OB,KT,수원,1445,18:30,22:08,218,9,349,87,7,22,14,24,18.0
20210618SKHH0,2021-06-18,2021,SK,HH,한밭,1084,18:30,22:48,258,10,389,87,16,18,7,18,19.333333333333336
20210618SSLT0,2021-06-18,2021,SS,LT,사직,1737,18:29,21:13,164,9,265,70,8,8,11,11,17.0
20210618WONC0,2021-06-18,2021,WO,NC,창원,1273,19:00,21:51,171,9,283,68,4,14,5,14,17.0
20210619HTLG0,2021-06-19,2021,HT,LG,잠실,7405,17:00,20:10,190,9,289,82,9,7,9,23,17.0
20210619OBKT1,2021-06-19,2021,OB,KT,수원,2274,13:59,16:44,165,9,296,80,10,15,12,21,18.0
20210619OBKT2,2021-06-19,2021,OB,KT,수원,2922,17:13,20:37,204,9,286,74,11,13,7,14,17.0
20210619SKHH0,2021-06-19,2021,SK,HH,한밭,3552,17:00,20:20,200,9,318,80,12,16,12,19,18.0
20210619SSLT0,2021-06-19,2021,SS,LT,사직,5382,17:00,20:42,222,9,337,84,11,7,10,23,18.0
20210619WONC0,2021-06-19,2021,WO,NC,창원,3074,17:00,20:31,211,9,349,87,7,16,19,29,18.0
20210620HTLG0,2021-06-20,2021,HT,LG,잠실,6602,17:00,19:43,163,9,257,72,9,8,6,14,17.0
20210620OBKT0,2021-06-20,2021,OB,KT,수원,2585,17:00,19:49,169,9,249,65,4,7,5,17,17.0
20210620SKHH0,2021-06-20,2021,SK,HH,한밭,2107,17:00,20:21,201,9,299,75,10,17,7,14,18.0
20210620SSLT0,2021-06-20,2021,SS,LT,사직,3485,17:00,20:32,212,9,314,81,8,8,15,24,17.0
20210620WONC0,2021-06-20,2021,WO,NC,창원,2071,17:00,20:23,203,9,327,83,13,18,12,17,18.0
20210622HHSS0,2021-06-22,2021,HH,SS,대구,2127,18:29,21:22,173,9,289,71,4,14,9,17,17.0
20210622HTKT0,2021-06-22,2021,HT,KT,수원,1668,18:30,21:28,178,9,292,71,8,16,9,11,17.0
20210622LGSK0,2021-06-22,2021,LG,SK,문학,3625,18:30,21:22,166,9,290,79,9,12,15,19,18.0
20210622NCLT0,2021-06-22,2021,NC,LT,사직,2036,18:31,21:56,205,9,315,77,12,15,7,14,18.0
20210622WOOB0,2021-06-22,2021,WO,OB,잠실,1364,18:31,22:23,232,9,345,82,14,6,13,20,17.0
20210623HHSS0,2021-06-23,2021,HH,SS,대구,2366,18:29,21:35,186,9,296,70,6,10,3,14,17.0
20210623HTKT0,2021-06-23,2021,HT,KT,수원,1368,19:00,21:59,179,9,262,68,4,18,3,9,18.0
20210623LGSK0,2021-06-23,2021,LG,SK,문학,3587,18:30,21:40,190,9,299,77,15,8,11,13,17.0
20210623NCLT0,2021-06-23,2021,NC,LT,사직,1705,18:31,22:11,220,9,331,86,11,15,20,25,17.0
20210623WOOB0,2021-06-23,2021,WO,OB,잠실,1585,18:31,22:05,214,9,303,81,9,10,7,19,18.0
20210624HHSS0,2021-06-24,2021,HH,SS,대구,3029,18:30,21:31,181,9,293,70,7,14,5,14,17.0
20210624HTKT0,2021-06-24,2021,HT,KT,수원,1625,18:30,21:40,190,9,290,76,11,12,9,14,17.0
20210624LGSK0,2021-06-24,2021,LG,SK,문학,4253,18:30,21:42,192,9,280,76,9,11,13,20,17.0
20210624NCLT0,2021-06-24,2021,NC,LT,사직,2197,18:32,21:44,192,9,298,77,8,13,10,17,18.0
20210624WOOB0,2021-06-24,2021,WO,OB,잠실,1773,18:31,22:13,222,11,356,88,9,24,3,14,22.0
20210625HTWO0,2021-06-25,2021,HT,WO,고척,1981,18:30,22:07,217,9,350,88,15,8,19,24,17.0
20210625KTHH0,2021-06-25,2021,KT,HH,한밭,1123,18:30,20:54,94,5,170,41,6,12,2,6,10.0
20210625LTOB0,2021-06-25,2021,LT,OB,잠실,3558,18:31,21:45,194,9,325,80,8,17,10,19,18.0
20210625SKNC0,2021-06-25,2021,SK,NC,창원,2375,19:00,22:39,219,9,338,92,13,9,21,29,17.333333333333336
20210626HTWO0,2021-06-26,2021,HT,WO,고척,3346,17:00,19:45,165,9,282,74,6,16,7,17,17.0
20210626KTHH0,2021-06-26,2021,KT,HH,한밭,2241,17:00,20:20,200,9,330,76,9,16,13,15,18.0
20210626LGSS1,2021-06-26,2021,LG,SS,대구,3445,14:00,17:56,236,9,387,86,10,10,15,25,18.0
20210626LGSS2,2021-06-26,2021,LG,SS,대구,8162,18:27,22:11,224,9,360,86,16,13,17,18,17.0
20210626LTOB0,2021-06-26,2021,LT,OB,잠실,5297,17:01,20:23,202,9,280,71,5,15,7,16,18.0
20210626SKNC0,2021-06-26,2021,SK,NC,창원,3576,17:00,21:53,293,12,457,111,13,23,20,31,24.0
20210627HTWO0,2021-06-27,2021,HT,WO,고척,2696,17:00,20:14,194,9,317,74,11,19,9,11,17.333333333333336
20210627KTHH0,2021-06-27,2021,KT,HH,한밭,1545,17:00,20:06,186,9,313,81,10,19,12,19,18.0
20210627LGSS0,2021-06-27,2021,LG,SS,대구,8007,17:00,20:20,200,9,302,85,3,14,14,28,18.0
20210627LTOB0,2021-06-27,2021,LT,OB,잠실,4549,17:01,17:26,234,9,317,84,11,11,13,22,18.0
20210627SKNC0,2021-06-27,2021,SK,NC,창원,2771,17:00,20:18,198,9,301,73,9,10,7,14,17.333333333333336
20210629LTWO0,2021-06-29,2021,LT,WO,고척,1639,18:30,22:26,236,9,349,91,14,14,18,26,18.0
20210629NCHT0,2021-06-29,2021,NC,HT,광주,746,18:30,21:37,187,9,317,77,7,18,10,18,18.0
20210629SSSK0,2021-06-29,2021,SS,SK,문학,3120,18:30,21:34,184,9,282,79,7,8,13,24,17.0
20210630KTLG0,2021-06-30,2021,KT,LG,잠실,2851,18:30,21:08,158,9,241,62,3,9,7,11,18.0
20210630LTWO0,2021-06-30,2021,LT,WO,고척,2001,18:30,21:54,204,9,320,77,8,14,11,17,17.0
20210630OBHH0,2021-06-30,2021,OB,HH,한밭,1082,19:25,23:24,239,9,352,86,14,12,14,22,18.0
20210630SSSK1,2021-06-30,2021,SS,SK,문학,2481,14:59,18:12,193,9,301,73,6,9,6,14,18.0
20210630SSSK2,2021-06-30,2021,SS,SK,문학,2886,18:43,21:47,184,9,282,78,8,11,12,20,17.0
20210701KTLG0,2021-07-01,2021,KT,LG,잠실,2919,18:30,21:21,171,9,272,75,6,13,7,15,18.0
20210701LTWO0,2021-07-01,2021,LT,WO,고척,2049,18:30,21:49,199,9,294,76,11,11,14,15,17.0
20210701NCHT0,2021-07-01,2021,NC,HT,광주,842,18:30,21:47,197,9,321,80,10,13,9,20,17.0
20210701OBHH0,2021-07-01,2021,OB,HH,한밭,1255,18:30,21:37,187,9,283,80,6,19,13,21,18.0
20210701SSSK0,2021-07-01,2021,SS,SK,문학,3239,18:30,22:20,230,10,355,93,12,13,15,24,20.0
20210702HHLG0,2021-07-02,2021,HH,LG,잠실,4589,18:30,21:46,196,9,295,75,6,16,8,18,18.0
20210702LTSK0,2021-07-02,2021,LT,SK,문학,4529,18:30,22:11,221,10,329,91,11,14,11,22,20.0
20210702OBHT0,2021-07-02,2021,OB,HT,광주,1391,18:30,21:42,192,9,284,75,5,10,11,20,17.0
20210702SSNC0,2021-07-02,2021,SS,NC,창원,3608,19:00,22:28,208,9,319,83,14,9,7,15,18.0
20210702WOKT0,2021-07-02,2021,WO,KT,수원,1667,18:30,20:57,147,9,256,67,6,12,5,11,17.0
20210704HHLG0,2021-07-04,2021,HH,LG,잠실,3428,17:00,19:29,149,9,243,65,4,9,5,14,17.0
20210704LTSK0,2021-07-04,2021,LT,SK,문학,4288,17:00,20:57,237,9,329,86,12,15,10,18,18.0
20210704OBHT0,2021-07-04,2021,OB,HT,광주,1218,17:00,19:58,178,9,275,74,10,6,10,18,17.0
20210704SSNC0,2021-07-04,2021,SS,NC,창원,3603,17:00,20:02,118,5,209,46,5,8,5,12,10.0
20210704WOKT0,2021-07-04,2021,WO,KT,수원,2066,17:01,20:58,237,9,377,83,11,20,15,19,17.0
20210705HHLG0,2021-07-05,2021,HH,LG,잠실,2075,18:30,22:43,253,9,363,85,20,7,13,14,17.666666666666664
20210705LTSK0,2021-07-05,2021,LT,SK,문학,2473,18:30,21:53,203,9,328,83,15,9,14,20,17.0
20210705WOKT0,2021-07-05,2021,WO,KT,수원,1015,18:31,21:46,195,9,328,87,8,8,20,25,18.0
20210706NCOB0,2021-07-06,2021,NC,OB,잠실,1633,18:30,22:02,212,9,322,84,11,9,10,23,18.0
20210706SKWO0,2021-07-06,2021,SK,WO,고척,1549,18:30,21:25,175,9,293,69,8,23,4,12,17.0
20210707HTHH0,2021-07-07,2021,HT,HH,한밭,518,18:30,22:21,231,11,338,87,13,19,5,13,22.0
20210707NCOB0,2021-07-07,2021,NC,OB,잠실,924,18:30,21:37,187,9,299,76,10,20,6,16,17.0
20210707SKWO0,2021-07-07,2021,SK,WO,고척,1328,18:30,21:22,172,9,272,74,7,14,10,16,17.0
20210708KTSS0,2021-07-08,2021,KT,SS,대구,1994,18:30,21:20,170,9,290,69,5,17,5,15,18.0
20210708SKWO0,2021-07-08,2021,SK,WO,고척,1436,18:30,22:04,214,9,337,85,14,14,12,20,18.0
20210709HHSK0,2021-07-09,2021,HH,SK,문학,3370,18:30,22:11,221,9,353,84,14,17,12,16,18.0
20210709KTHT0,2021-07-09,2021,KT,HT,광주,1168,18:30,21:42,192,9,301,77,4,13,14,25,17.0
20210709LTSS0,2021-07-09,2021,LT,SS,대구,2754,18:30,23:08,273,11,400,102,15,13,14,25,22.0
20210710HHSK0,2021-07-10,2021,HH,SK,문학,4747,18:00,21:18,198,9,311,71,15,17,4,6,18.0
20210710LTSS0,2021-07-10,2021,LT,SS,대구,8207,18:00,22:27,155,9,257,66,0,11,5,15,17.0
20210711HHSK0,2021-07-11,2021,HH,SK,문학,3754,16:59,20:05,186,9,308,72,8,13,10,17,17.0
20210711KTHT0,2021-07-11,2021,KT,HT,광주,1546,17:32,20:20,168,9,281,65,7,19,2,6,17.0
20210711LTSS0,2021-07-11,2021,LT,SS,대구,5890,17:14,20:11,177,9,273,75,4,11,11,20,17.0
20210810HHHT0,2021-08-10,2021,HH,HT,광주,836,18:30,21:52,202,9,319,77,11,23,5,13,17.0
20210810KTWO0,2021-08-10,2021,KT,WO,고척,0,18:30,21:15,165,9,271,68,9,14,4,10,17.0
20210810LTNC0,2021-08-10,2021,LT,NC,창원,0,18:31,21:30,179,9,291,76,4,15,7,18,18.0
20210810SKLG0,2021-08-10,2021,SK,LG,잠실,0,18:30,21:20,170,9,269,68,5,14,4,13,17.0
20210811HHHT0,2021-08-11,2021,HH,HT,광주,1853,18:30,21:57,207,9,349,82,15,12,14,13,18.0
20210811KTWO0,2021-08-11,2021,KT,WO,고척,0,18:29,21:43,194,9,298,75,11,9,5,15,17.0
20210811LTNC0,2021-08-11,2021,LT,NC,창원,0,18:30,21:48,198,9,313,74,8,19,9,15,18.0
20210811OBSS0,2021-08-11,2021,OB,SS,대구,2433,18:30,22:00,210,9,321,78,11,14,14,14,18.0
20210811SKLG0,2021-08-11,2021,SK,LG,잠실,0,18:30,21:36,186,9,334,87,9,18,17,28,17.0
20210812KTWO0,2021-08-12,2021,KT,WO,고척,0,18:30,22:00,210,9,313,83,17,10,10,16,17.0
20210812LTNC0,2021-08-12,2021,LT,NC,창원,0,18:30,21:32,182,9,272,70,8,9,9,16,17.0
20210812OBSS0,2021-08-12,2021,OB,SS,대구,2489,18:54,21:40,166,9,273,72,10,18,11,14,17.0
20210813HTSK0,2021-08-13,2021,HT,SK,문학,0,18:30,21:27,177,9,272,80,11,6,9,18,18.0
20210813LTLG0,2021-08-13,2021,LT,LG,잠실,0,18:30,20:47,137,9,220,65,5,13,2,6,18.0
20210813NCHH0,2021-08-13,2021,NC,HH,한밭,0,18:29,21:16,167,9,271,72,8,15,6,13,18.0
20210813OBWO0,2021-08-13,2021,OB,WO,고척,0,18:30,22:08,218,9,335,92,13,7,25,27,18.0
20210813SSKT0,2021-08-13,2021,SS,KT,수원,0,18:31,21:58,207,9,340,80,12,17,13,17,17.0
20210814HTSK0,2021-08-14,2021,HT,SK,문학,0,17:59,20:48,169,9,253,68,6,11,4,11,18.0
20210814LTLG0,2021-08-14,2021,LT,LG,잠실,0,18:00,21:21,201,9,295,77,13,14,7,11,18.0
20210814NCHH0,2021-08-14,2021,NC,HH,한밭,0,18:00,21:49,229,9,340,87,15,15,18,20,18.0
20210814OBWO0,2021-08-14,2021,OB,WO,고척,0,18:00,20:57,177,9,260,73,4,18,6,18,17.0
20210814SSKT0,2021-08-14,2021,SS,KT,수원,0,18:00,21:03,183,9,286,74,5,13,12,18,17.0
20210815HTSK0,2021-08-15,2021,HT,SK,문학,0,17:00,20:05,185,9,315,77,7,15,15,20,17.0
20210815LTLG0,2021-08-15,2021,LT,LG,잠실,0,17:00,19:59,179,9,284,76,7,15,8,20,17.0
20210815NCHH0,2021-08-15,2021,NC,HH,한밭,0,17:00,20:38,218,9,310,78,12,19,6,17,18.0
20210815OBWO0,2021-08-15,2021,OB,WO,고척,0,17:00,19:28,148,9,267,69,9,18,9,13,17.0
20210815SSKT0,2021-08-15,2021,SS,KT,수원,0,17:00,20:12,192,9,287,76,7,14,10,17,17.0
20210817LGKT0,2021-08-17,2021,LG,KT,수원,0,18:30,21:47,197,9,321,79,12,21,10,15,18.0
20210817SSHH0,2021-08-17,2021,SS,HH,한밭,0,18:29,21:25,176,9,279,71,11,17,6,11,17.0
20210817WOLT0,2021-08-17,2021,WO,LT,사직,0,18:30,21:02,152,9,235,61,3,11,1,10,17.0
20210818HTOB0,2021-08-18,2021,HT,OB,잠실,0,18:31,21:25,174,9,279,72,9,5,10,12,18.0
20210818LGKT0,2021-08-18,2021,LG,KT,수원,0,18:31,21:13,162,9,262,74,6,13,9,17,17.0
20210818NCSK0,2021-08-18,2021,NC,SK,문학,0,18:30,21:18,168,9,267,72,5,10,7,18,17.0
20210818SSHH0,2021-08-18,2021,SS,HH,한밭,0,18:29,22:30,185,9,311,75,9,20,8,16,18.0
20210818WOLT0,2021-08-18,2021,WO,LT,사직,0,18:30,21:07,157,9,222,68,11,6,3,10,17.0
20210819HTOB0,2021-08-19,2021,HT,OB,잠실,0,18:30,21:52,202,9,278,74,6,18,10,17,18.0
20210819LGKT0,2021-08-19,2021,LG,KT,수원,0,18:31,21:26,175,9,273,68,7,17,1,9,18.0
20210819NCSK0,2021-08-19,2021,NC,SK,문학,0,18:31,21:56,205,9,328,82,9,18,13,23,18.0
20210819SSHH0,2021-08-19,2021,SS,HH,한밭,0,18:30,21:52,202,9,348,87,15,18,14,17,18.0
20210820HHOB0,2021-08-20,2021,HH,OB,잠실,0,18:31,21:53,202,9,304,74,8,13,10,15,17.0
20210820KTLT0,2021-08-20,2021,KT,LT,사직,0,18:30,21:59,209,9,324,81,12,16,9,17,18.0
20210820LGNC0,2021-08-20,2021,LG,NC,창원,0,19:01,22:24,203,9,317,77,10,15,11,19,17.0
20210820SKSS0,2021-08-20,2021,SK,SS,대구,2504,18:30,21:14,164,9,265,65,3,16,5,13,17.0
20210820WOHT0,2021-08-20,2021,WO,HT,광주,1157,18:30,21:13,163,9,259,65,4,7,5,10,17.0
20210821HHOB0,2021-08-21,2021,HH,OB,잠실,0,18:01,21:35,189,9,270,71,7,25,4,13,18.0
20210822HHOB0,2021-08-22,2021,HH,OB,잠실,0,17:01,20:06,185,9,312,80,11,19,14,16,18.0
20210822KTLT0,2021-08-22,2021,KT,LT,사직,0,17:00,20:12,192,9,311,76,12,15,4,12,18.0
20210822LGNC0,2021-08-22,2021,LG,NC,창원,0,17:01,20:06,185,9,270,68,7,18,7,13,17.0
20210822SKSS0,2021-08-22,2021,SK,SS,대구,4433,17:00,19:51,171,9,282,69,3,18,8,14,18.0
20210822WOHT0,2021-08-22,2021,WO,HT,광주,1340,17:01,20:14,193,9,318,76,9,14,7,15,18.0
20210823KTLT0,2021-08-23,2021,KT,LT,사직,0,18:30,21:46,140,7,242,59,7,7,8,15,12.333333333333332
20210824HHOB0,2021-08-24,2021,HH,OB,잠실,0,18:54,22:28,214,9,333,86,9,13,19,29,17.0
20210824SKSS0,2021-08-24,2021,SK,SS,대구,852,18:45,22:50,245,9,359,88,17,16,17,23,17.666666666666664
20210824WOHT0,2021-08-24,2021,WO,HT,광주,379,18:44,21:56,192,9,297,82,8,9,10,22,18.0
20210825HHWO0,2021-08-25,2021,HH,WO,고척,0,18:30,21:55,205,9,335,78,11,13,9,18,18.0
20210825LTHT0,2021-08-25,2021,LT,HT,광주,579,18:30,23:45,251,9,363,92,14,9,17,26,17.0
20210825SKKT0,2021-08-25,2021,SK,KT,수원,0,18:31,21:15,164,9,291,74,8,12,8,17,17.0
20210825SSLG0,2021-08-25,2021,SS,LG,잠실,0,18:30,21:30,180,9,292,75,5,12,6,17,18.0
20210826HHWO0,2021-08-26,2021,HH,WO,고척,0,18:31,21:50,199,9,303,76,9,9,8,17,18.0
20210826LTHT0,2021-08-26,2021,LT,HT,광주,1131,18:31,22:30,239,9,334,82,20,11,6,12,18.0
20210826OBNC1,2021-08-26,2021,OB,NC,창원,0,15:01,18:06,185,9,283,74,8,10,7,11,18.0
20210826OBNC2,2021-08-26,2021,OB,NC,창원,0,18:35,22:01,206,9,293,78,8,14,8,14,18.0
20210826SKKT0,2021-08-26,2021,SK,KT,수원,0,18:30,21:34,184,9,288,78,2,15,15,26,17.0
20210826SSLG0,2021-08-26,2021,SS,LG,잠실,0,18:30,21:39,189,9,276,79,9,10,7,19,17.0
20210827HHWO0,2021-08-27,2021,HH,WO,고척,0,18:30,21:58,208,9,293,76,8,14,7,17,17.0
20210827OBNC0,2021-08-27,2021,OB,NC,창원,0,19:02,22:04,149,6,226,55,10,8,6,13,11.333333333333332
20210827SKKT0,2021-08-27,2021,SK,KT,수원,0,18:30,21:41,191,9,285,76,7,22,10,20,17.0
20210827SSLG0,2021-08-27,2021,SS,LG,잠실,0,18:30,21:11,161,9,250,65,5,15,4,13,17.0
20210828HTSK0,2021-08-28,2021,HT,SK,문학,0,18:00,20:57,177,9,299,75,8,14,16,18,17.0
20210828NCHH0,2021-08-28,2021,NC,HH,한밭,0,18:00,20:50,170,9,277,76,7,15,10,18,17.0
20210828OBLT0,2021-08-28,2021,OB,LT,사직,0,18:00,21:53,233,9,363,93,9,20,20,28,18.0
20210828SSKT0,2021-08-28,2021,SS,KT,수원,0,18:00,21:17,197,9,289,78,9,14,11,16,18.0
20210828WOLG0,2021-08-28,2021,WO,LG,잠실,0,18:00,20:45,165,9,247,64,7,11,5,10,17.0
20210829HTSK0,2021-08-29,2021,HT,SK,문학,0,17:01,19:35,154,9,250,71,8,11,9,14,17.0
20210829NCHH0,2021-08-29,2021,NC,HH,한밭,0,17:00,19:58,178,9,279,70,9,15,5,13,17.0
20210829OBLT0,2021-08-29,2021,OB,LT,사직,0,16:59,19:56,177,9,251,70,9,15,6,14,17.0
20210829SSKT0,2021-08-29,2021,SS,KT,수원,0,17:00,20:02,182,9,301,80,8,17,11,21,17.0
20210829WOLG0,2021-08-29,2021,WO,LG,잠실,0,17:00,19:54,174,9,295,73,11,16,13,12,17.0
20210831KTHH0,2021-08-31,2021,KT,HH,한밭,0,18:30,21:32,182,9,316,71,5,17,7,14,17.0
20210831LGLT0,2021-08-31,2021,LG,LT,사직,0,18:31,21:49,198,9,327,86,10,11,13,23,18.0
20210831WOSS0,2021-08-31,2021,WO,SS,대구,1495,18:30,21:18,168,9,247,71,5,12,5,17,17.0
20210901HTOB1,2021-09-01,2021,HT,OB,잠실,0,15:00,17:54,174,9,265,69,5,11,5,14,17.0
20210901HTOB2,2021-09-01,2021,HT,OB,잠실,0,18:30,21:40,190,9,269,70,10,14,5,8,18.0
20210901KTHH0,2021-09-01,2021,KT,HH,한밭,227,18:30,22:31,200,9,321,80,12,15,11,17,18.0
20210901NCSK1,2021-09-01,2021,NC,SK,문학,0,15:00,18:03,183,9,288,73,9,14,11,14,18.0
20210901NCSK2,2021-09-01,2021,NC,SK,문학,0,18:34,22:17,223,9,331,82,13,20,13,19,17.0
20210901WOSS1,2021-09-01,2021,WO,SS,대구,580,15:00,17:59,147,7,283,65,10,9,8,13,13.666666666666668
20210902KTWO0,2021-09-02,2021,KT,WO,고척,0,18:30,21:28,178,9,278,69,9,17,1,9,17.0
20210902NCLG0,2021-09-02,2021,NC,LG,잠실,0,18:30,21:17,167,9,271,68,3,10,5,17,17.0
20210902OBSK0,2021-09-02,2021,OB,SK,문학,0,18:30,21:34,184,9,309,78,10,12,11,18,17.0
20210902SSHT0,2021-09-02,2021,SS,HT,광주,555,18:30,21:07,157,9,248,70,4,13,6,14,18.0
20210903HHLT1,2021-09-03,2021,HH,LT,사직,0,15:00,18:01,181,9,307,71,11,10,9,17,17.0
20210903HHLT2,2021-09-03,2021,HH,LT,사직,0,18:30,21:38,188,9,279,68,8,21,2,10,17.0
20210903KTWO0,2021-09-03,2021,KT,WO,고척,0,18:30,21:17,167,9,283,78,7,13,12,19,18.0
20210903NCLG0,2021-09-03,2021,NC,LG,잠실,0,18:30,21:53,203,9,284,80,8,15,7,17,18.0
20210903OBSK0,2021-09-03,2021,OB,SK,문학,0,18:30,21:09,159,9,248,69,5,20,4,12,17.0
20210903SSHT0,2021-09-03,2021,SS,HT,광주,887,18:30,22:54,194,9,352,84,13,9,12,17,18.0
20210904HTHH0,2021-09-04,2021,HT,HH,한밭,1647,17:00,20:30,210,9,299,80,12,16,8,18,17.0
20210904KTLG0,2021-09-04,2021,KT,LG,잠실,0,17:00,19:47,167,9,297,75,6,15,12,15,18.0
20210904LTNC0,2021-09-04,2021,LT,NC,창원,2368,17:01,19:58,177,9,282,77,10,11,10,17,18.0
20210904OBSS0,2021-09-04,2021,OB,SS,대구,4769,17:00,20:22,202,9,313,80,11,17,15,22,17.0
20210904SKWO0,2021-09-04,2021,SK,WO,고척,0,17:00,19:44,164,9,271,72,5,13,11,17,17.0
20210905HTHH0,2021-09-05,2021,HT,HH,한밭,1618,13:59,17:30,211,9,314,81,12,13,10,19,18.0
20210905KTLG0,2021-09-05,2021,KT,LG,잠실,0,14:00,16:52,172,9,287,77,6,16,11,18,18.0
20210905LTNC0,2021-09-05,2021,LT,NC,창원,2407,14:02,17:08,186,9,313,79,8,14,12,19,17.0
20210905OBSS0,2021-09-05,2021,OB,SS,대구,4795,14:00,17:27,207,9,288,82,9,11,11,22,18.0
20210905SKWO0,2021-09-05,2021,SK,WO,고척,0,14:01,17:43,222,9,331,83,12,7,18,18,17.0
20210907HHNC0,2021-09-07,2021,HH,NC,창원,534,18:32,21:34,182,9,302,83,13,19,20,20,17.0
20210907LTSS0,2021-09-07,2021,LT,SS,대구,1466,18:30,21:45,195,9,317,80,7,9,6,18,18.0
20210908HHNC0,2021-09-08,2021,HH,NC,창원,680,18:31,21:29,178,9,254,74,8,22,4,13,18.0
20210908HTKT0,2021-09-08,2021,HT,KT,수원,0,18:31,22:02,211,9,316,82,7,12,10,21,18.0
20210908LGSK0,2021-09-08,2021,LG,SK,문학,0,18:29,22:34,245,9,369,81,17,13,8,13,17.0
20210908LTSS0,2021-09-08,2021,LT,SS,대구,2463,18:30,21:46,196,9,301,74,3,14,9,17,18.0
20210908WOOB0,2021-09-08,2021,WO,OB,잠실,0,18:30,21:44,194,9,312,76,8,12,8,19,17.0
20210909HHLG0,2021-09-09,2021,HH,LG,잠실,0,18:30,21:39,189,9,315,78,14,20,9,13,17.0
20210909HTWO0,2021-09-09,2021,HT,WO,고척,0,18:30,21:45,195,9,296,76,7,9,8,22,17.0
20210909KTSS0,2021-09-09,2021,KT,SS,대구,1478,18:30,22:13,223,9,314,82,4,13,15,27,17.666666666666664
20210909OBNC0,2021-09-09,2021,OB,NC,창원,705,18:31,21:21,170,9,276,70,5,19,8,11,18.0
20210909SKLT0,2021-09-09,2021,SK,LT,사직,1390,18:30,22:01,211,9,331,85,9,14,11,23,18.0
20210910HHLG0,2021-09-10,2021,HH,LG,잠실,0,18:30,21:09,159,9,262,61,6,19,2,5,17.0
20210910HTWO0,2021-09-10,2021,HT,WO,고척,0,18:30,21:35,185,9,300,74,7,17,7,15,17.0
20210910KTSS0,2021-09-10,2021,KT,SS,대구,2873,18:30,21:53,203,9,318,73,11,14,4,10,18.0
20210910OBNC0,2021-09-10,2021,OB,NC,창원,966,19:01,21:54,173,9,280,77,10,18,9,13,18.0
20210910SKLT0,2021-09-10,2021,SK,LT,사직,1550,18:30,21:04,154,9,251,69,5,19,7,14,17.0
20210911LGOB0,2021-09-11,2021,LG,OB,잠실,0,17:01,20:41,220,9,308,82,18,13,10,13,18.0
20210911NCHT0,2021-09-11,2021,NC,HT,광주,1178,17:00,20:14,194,9,267,74,7,13,8,19,17.0
20210911SKKT0,2021-09-11,2021,SK,KT,수원,0,17:01,20:22,201,9,291,75,9,11,4,15,18.0
20210911SSHH0,2021-09-11,2021,SS,HH,한밭,2428,17:00,20:21,201,9,304,79,6,17,9,22,18.0
20210911WOLT0,2021-09-11,2021,WO,LT,사직,3031,17:00,21:11,251,9,389,102,23,13,20,29,18.0
20210912LGOB1,2021-09-12,2021,LG,OB,잠실,0,14:00,17:53,233,9,334,87,14,16,13,27,17.0
20210912LGOB2,2021-09-12,2021,LG,OB,잠실,0,18:24,21:49,205,9,300,74,11,6,13,17,17.0
20210912NCHT1,2021-09-12,2021,NC,HT,광주,1170,14:00,17:00,180,9,274,72,2,16,10,18,18.0
20210912NCHT2,2021-09-12,2021,NC,HT,광주,975,17:30,20:55,205,9,300,74,7,12,3,15,18.0
20210912SKKT1,2021-09-12,2021,SK,KT,수원,0,14:00,16:51,171,9,274,74,7,12,10,19,17.0
20210912SKKT2,2021-09-12,2021,SK,KT,수원,0,17:21,20:11,170,9,255,67,6,10,5,14,17.0
20210912SSHH1,2021-09-12,2021,SS,HH,한밭,1954,14:00,16:44,164,9,247,72,4,13,6,14,18.0
20210912SSHH2,2021-09-12,2021,SS,HH,한밭,1400,17:16,21:14,238,9,350,85,11,18,12,19,18.0
20210912WOLT1,2021-09-12,2021,WO,LT,사직,2558,14:00,17:12,192,9,296,80,5,12,11,21,18.0
20210912WOLT2,2021-09-12,2021,WO,LT,사직,1942,17:43,20:32,169,9,268,70,13,10,5,8,17.0
20210914HHSK0,2021-09-14,2021,HH,SK,문학,0,18:30,21:48,198,9,333,87,9,20,16,24,18.0
20210914KTOB0,2021-09-14,2021,KT,OB,잠실,0,18:29,21:50,201,9,293,71,4,22,7,15,18.0
20210914LGSS0,2021-09-14,2021,LG,SS,대구,2163,18:30,21:59,209,9,306,76,6,16,6,17,18.0
20210914LTHT0,2021-09-14,2021,LT,HT,광주,533,18:29,21:40,191,9,311,85,12,8,15,22,18.0
20210914WONC0,2021-09-14,2021,WO,NC,창원,516,18:31,21:51,200,9,314,86,13,10,18,22,17.0
20210915HHSK0,2021-09-15,2021,HH,SK,문학,0,18:30,22:19,229,9,345,81,14,21,15,19,17.0
20210915KTOB0,2021-09-15,2021,KT,OB,잠실,0,18:30,21:46,196,9,289,76,7,11,8,19,17.0
20210915LGSS0,2021-09-15,2021,LG,SS,대구,2214,18:30,22:13,223,9,336,81,12,18,7,17,18.0
20210915LTHT1,2021-09-15,2021,LT,HT,광주,389,14:59,18:11,192,9,308,79,12,12,9,14,18.0
20210915LTHT2,2021-09-15,2021,LT,HT,광주,618,18:41,22:07,206,9,315,81,10,14,8,19,17.0
20210915WONC0,2021-09-15,2021,WO,NC,창원,728,18:31,21:58,207,9,336,90,10,11,15,27,17.0
20210916HHWO0,2021-09-16,2021,HH,WO,고척,0,18:30,22:00,210,9,331,85,9,20,16,21,18.0
20210916HTSS0,2021-09-16,2021,HT,SS,대구,1710,18:30,21:49,199,9,314,82,8,13,11,20,18.0
20210916LGNC0,2021-09-16,2021,LG,NC,창원,690,18:31,22:26,186,9,276,62,3,22,2,9,17.0
20210916LTKT0,2021-09-16,2021,LT,KT,수원,0,18:30,21:45,195,9,311,76,6,13,11,21,17.0
20210916SKOB0,2021-09-16,2021,SK,OB,잠실,0,18:30,21:42,192,9,283,78,8,8,6,19,18.0
20210917HHWO0,2021-09-17,2021,HH,WO,고척,0,18:30,21:44,194,9,315,90,15,8,20,22,18.0
20210917HTSS0,2021-09-17,2021,HT,SS,대구,2570,18:30,21:49,199,9,318,74,6,14,9,18,17.0
20210917LGNC0,2021-09-17,2021,LG,NC,창원,850,18:31,21:31,180,9,280,67,4,18,10,14,17.0
20210917LTKT0,2021-09-17,2021,LT,KT,수원,0,18:30,21:34,184,9,281,70,8,21,2,13,18.0
20210917SKOB0,2021-09-17,2021,SK,OB,잠실,0,18:30,21:32,182,9,307,73,5,17,9,16,17.0
20210918HTLG0,2021-09-18,2021,HT,LG,잠실,0,17:00,20:05,185,9,282,79,7,17,15,18,18.0
20210918KTNC0,2021-09-18,2021,KT,NC,창원,2208,17:02,20:07,185,9,307,76,8,13,9,14,18.0
20210918LTHH0,2021-09-18,2021,LT,HH,한밭,2112,17:00,20:29,209,9,360,84,11,14,15,25,17.0
20210918OBWO0,2021-09-18,2021,OB,WO,고척,0,17:00,20:29,209,9,279,78,6,6,6,21,18.0
20210918SSSK0,2021-09-18,2021,SS,SK,문학,0,17:00,19:58,178,9,310,88,10,9,13,26,18.0
20210919HTLG0,2021-09-19,2021,HT,LG,잠실,0,14:00,16:38,158,9,245,70,4,11,7,14,17.0
20210919KTNC0,2021-09-19,2021,KT,NC,창원,2286,14:01,17:33,212,9,302,78,6,24,10,19,18.0
20210919LTHH0,2021-09-19,2021,LT,HH,한밭,2307,14:00,17:13,193,9,291,74,7,16,4,15,18.0
20210919OBWO0,2021-09-19,2021,OB,WO,고척,0,14:00,16:51,171,9,272,73,5,10,6,16,18.0
20210919SSSK0,2021-09-19,2021,SS,SK,문학,0,14:00,16:56,176,9,273,75,9,7,8,19,18.0
20210921KTHT0,2021-09-21,2021,KT,HT,광주,1484,14:00,17:02,182,9,309,81,11,8,16,19,18.0
20210921LGHH0,2021-09-21,2021,LG,HH,한밭,2187,14:00,17:38,218,9,337,88,16,9,21,24,17.0
20210921NCOB0,2021-09-21,2021,NC,OB,잠실,0,14:00,16:55,175,9,280,86,9,8,14,25,17.0
20210921SSLT0,2021-09-21,2021,SS,LT,사직,2333,14:01,17:37,216,9,345,93,10,12,20,31,18.0
20210921WOSK0,2021-09-21,2021,WO,SK,문학,0,14:01,17:37,216,9,357,93,10,10,23,33,17.0
20210922KTHT0,2021-09-22,2021,KT,HT,광주,1437,14:01,16:32,151,9,247,72,7,14,9,14,17.0
20210922LGHH0,2021-09-22,2021,LG,HH,한밭,2585,14:00,17:51,231,9,363,91,17,20,15,22,18.0
20210922NCOB0,2021-09-22,2021,NC,OB,잠실,0,14:00,17:09,189,9,311,81,7,18,8,23,17.0
20210922SSLT0,2021-09-22,2021,SS,LT,사직,5058,14:40,18:18,218,9,348,91,14,11,25,30,17.0
20210922WOSK0,2021-09-22,2021,WO,SK,문학,0,14:00,17:43,223,9,341,85,10,8,14,19,18.0
20210923HHKT0,2021-09-23,2021,HH,KT,수원,0,18:30,21:28,178,9,277,68,10,14,4,11,17.0
20210923LTSK0,2021-09-23,2021,LT,SK,문학,0,18:31,22:18,227,9,357,92,8,9,17,31,17.666666666666664
20210923NCWO0,2021-09-23,2021,NC,WO,고척,0,18:30,21:26,176,9,257,68,5,21,5,12,17.0
20210923OBHT0,2021-09-23,2021,OB,HT,광주,840,18:30,21:55,205,9,308,77,16,16,4,12,18.0
20210923SSLG0,2021-09-23,2021,SS,LG,잠실,0,18:30,21:36,186,9,280,79,4,11,11,23,18.0
20210924HHKT0,2021-09-24,2021,HH,KT,수원,0,18:31,21:31,180,9,315,71,4,16,5,14,18.0
20210924LTSK1,2021-09-24,2021,LT,SK,문학,0,15:00,18:27,207,9,308,80,9,12,13,20,17.0
20210924LTSK2,2021-09-24,2021,LT,SK,문학,0,18:58,23:02,244,9,357,88,13,18,12,21,18.0
20210924NCWO0,2021-09-24,2021,NC,WO,고척,0,18:30,21:51,201,9,294,72,4,17,5,16,17.333333333333336
20210924OBHT0,2021-09-24,2021,OB,HT,광주,883,18:29,21:42,193,9,276,77,5,11,10,22,18.0
20210924SSLG0,2021-09-24,2021,SS,LG,잠실,0,18:30,21:27,177,9,306,79,5,15,14,23,17.0
20210925HHOB0,2021-09-25,2021,HH,OB,잠실,0,17:00,20:13,193,9,291,74,9,19,6,11,18.0
20210925LGKT0,2021-09-25,2021,LG,KT,수원,0,17:00,19:41,161,9,245,60,5,9,0,9,18.0
20210925LTWO0,2021-09-25,2021,LT,WO,고척,0,17:00,20:54,234,9,350,92,11,14,18,29,18.0
20210925NCSS0,2021-09-25,2021,NC,SS,대구,6428,17:00,19:38,158,9,236,63,7,9,1,9,17.0
20210925SKHT0,2021-09-25,2021,SK,HT,광주,1925,17:00,20:03,183,9,310,71,9,10,8,14,17.0
20210926HHOB0,2021-09-26,2021,HH,OB,잠실,0,14:00,17:02,182,9,259,73,8,13,8,14,17.0
20210926LGKT0,2021-09-26,2021,LG,KT,수원,0,14:00,16:57,177,9,256,70,6,11,4,10,18.0
20210926LTWO0,2021-09-26,2021,LT,WO,고척,0,14:00,17:05,185,9,315,80,9,13,13,21,17.0
20210926NCSS0,2021-09-26,2021,NC,SS,대구,5739,14:00,16:44,164,9,252,65,3,14,1,10,17.666666666666664
20210926SKHT0,2021-09-26,2021,SK,HT,광주,1809,14:00,17:27,207,9,302,78,10,16,11,17,17.0
20210928HTNC0,2021-09-28,2021,HT,NC,창원,893,18:31,22:04,213,9,319,86,12,19,19,23,17.0
20210928LTLG0,2021-09-28,2021,LT,LG,잠실,0,18:59,22:11,192,9,296,74,9,20,7,16,17.0
20210928OBKT0,2021-09-28,2021,OB,KT,수원,0,18:31,21:23,163,9,278,67,4,10,6,15,17.0
20210928SKSS0,2021-09-28,2021,SK,SS,대구,2389,18:30,21:33,183,9,300,74,8,14,9,14,18.0
20210928WOHH0,2021-09-28,2021,WO,HH,한밭,919,18:30,21:42,192,9,294,73,7,15,2,10,18.0
20210929HTNC1,2021-09-29,2021,HT,NC,창원,447,15:01,18:26,106,5,174,44,9,5,5,9,9.0
20210929OBKT0,2021-09-29,2021,OB,KT,수원,0,18:31,21:21,170,9,305,79,5,13,11,21,18.0
20210930HHSS0,2021-09-30,2021,HH,SS,대구,2676,18:30,21:23,173,9,312,74,8,19,8,16,17.0
20210930KTLT0,2021-09-30,2021,KT,LT,사직,1151,18:30,21:51,201,9,344,82,11,19,12,21,17.0
20210930OBLG0,2021-09-30,2021,OB,LG,잠실,0,18:30,22:21,231,9,332,86,16,14,16,20,17.0
20210930SKNC0,2021-09-30,2021,SK,NC,창원,796,18:31,21:20,169,9,281,71,4,13,8,15,17.0
20210930WOHT0,2021-09-30,2021,WO,HT,광주,543,18:30,21:30,180,9,267,75,6,14,2,15,18.0
20211001HHSS0,2021-10-01,2021,HH,SS,대구,5966,18:30,21:24,174,9,284,78,11,14,10,16,18.0
20211001KTLT1,2021-10-01,2021,KT,LT,사직,930,15:00,17:59,179,9,286,70,4,14,7,19,17.0
20211001KTLT2,2021-10-01,2021,KT,LT,사직,1340,18:30,21:33,183,9,246,74,10,15,5,16,17.0
20211001OBLG0,2021-10-01,2021,OB,LG,잠실,0,18:31,21:26,175,9,255,68,5,18,2,12,18.0
20211001SKNC0,2021-10-01,2021,SK,NC,창원,1374,19:01,22:51,230,9,346,80,16,19,6,12,18.0
20211001WOHT0,2021-10-01,2021,WO,HT,광주,855,18:30,21:00,150,9,263,71,6,9,6,16,17.0
20211002HHHT0,2021-10-02,2021,HH,HT,광주,1891,17:00,20:41,221,9,331,81,10,15,8,19,18.0
20211002KTSK0,2021-10-02,2021,KT,SK,문학,0,17:00,20:16,196,9,273,72,8,17,4,15,18.0
20211002LGWO0,2021-10-02,2021,LG,WO,고척,0,17:01,20:28,207,9,337,86,8,12,13,27,18.0
20211002NCLT0,2021-10-02,2021,NC,LT,사직,3771,17:00,20:08,188,9,287,75,4,17,8,18,18.0
20211002SSOB0,2021-10-02,2021,SS,OB,잠실,0,17:00,19:44,164,9,267,71,4,14,6,17,17.0
20211003HHHT0,2021-10-03,2021,HH,HT,광주,1810,14:00,17:59,239,9,360,88,11,9,15,28,17.0
20211003KTSK0,2021-10-03,2021,KT,SK,문학,0,13:59,17:57,238,9,352,88,13,12,14,24,18.0
20211003LGWO0,2021-10-03,2021,LG,WO,고척,0,14:00,17:30,210,9,313,76,10,22,6,12,18.0
20211003NCLT0,2021-10-03,2021,NC,LT,사직,3986,14:00,17:38,218,9,339,89,13,12,18,25,17.0
20211003SSOB0,2021-10-03,2021,SS,OB,잠실,0,14:00,17:49,229,9,361,97,10,9,22,34,18.0
20211005HTLT0,2021-10-05,2021,HT,LT,사직,1867,18:30,21:56,206,9,312,86,10,10,16,25,17.0
20211005NCKT0,2021-10-05,2021,NC,KT,수원,0,18:31,21:55,204,9,293,82,7,8,8,19,18.0
20211005OBHH0,2021-10-05,2021,OB,HH,한밭,1033,18:30,21:51,201,9,295,74,8,20,7,15,17.0
20211005SKLG0,2021-10-05,2021,SK,LG,잠실,0,18:30,21:29,179,9,293,74,6,10,8,15,18.0
20211005SSWO0,2021-10-05,2021,SS,WO,고척,0,18:30,21:20,170,9,295,77,6,10,10,18,17.0
20211006HTLT0,2021-10-06,2021,HT,LT,사직,3885,18:30,21:39,189,9,289,81,8,12,6,23,18.0
20211006NCKT0,2021-10-06,2021,NC,KT,수원,0,18:30,21:36,186,9,258,70,6,14,6,11,18.0
20211006OBHH0,2021-10-06,2021,OB,HH,한밭,1052,18:31,22:05,214,9,323,76,7,19,7,15,18.0
20211006SKLG1,2021-10-06,2021,SK,LG,잠실,0,15:00,17:56,176,9,285,73,9,17,5,14,17.0
20211006SKLG2,2021-10-06,2021,SK,LG,잠실,0,18:29,21:42,193,9,286,79,7,20,14,19,18.0
20211006SSWO0,2021-10-06,2021,SS,WO,고척,0,18:30,21:34,184,9,323,86,8,13,12,25,18.0
20211007LGHT0,2021-10-07,2021,LG,HT,광주,820,18:30,21:02,152,9,265,74,4,13,9,16,18.0
20211007LTOB0,2021-10-07,2021,LT,OB,잠실,0,18:30,22:04,214,9,327,80,7,20,9,18,18.0
20211007SKHH0,2021-10-07,2021,SK,HH,한밭,642,18:30,22:26,236,9,316,80,14,8,7,16,17.666666666666664
20211007SSNC0,2021-10-07,2021,SS,NC,창원,1067,18:31,21:55,204,9,305,77,10,17,9,15,18.0
20211007WOKT0,2021-10-07,2021,WO,KT,수원,0,18:30,21:13,163,9,264,73,6,7,11,13,17.0
20211008LGHT0,2021-10-08,2021,LG,HT,광주,1249,18:30,21:25,175,9,271,72,7,15,4,13,18.0
20211008LTOB0,2021-10-08,2021,LT,OB,잠실,0,18:30,21:44,194,9,284,78,11,8,19,20,17.0
20211008SKHH0,2021-10-08,2021,SK,HH,한밭,1211,18:30,22:03,213,9,323,82,15,19,10,13,18.0
20211008SSNC0,2021-10-08,2021,SS,NC,창원,1885,19:01,21:53,172,9,281,72,13,9,6,10,17.0
20211009HTHH0,2021-10-09,2021,HT,HH,한밭,2707,17:00,20:28,208,9,336,81,15,19,10,15,18.0
20211009KTLG0,2021-10-09,2021,KT,LG,잠실,0,17:00,20:15,195,9,285,76,10,17,7,17,17.0
20211009LTSK0,2021-10-09,2021,LT,SK,문학,0,17:01,19:32,151,9,240,63,7,11,2,6,17.0
20211010HTHH1,2021-10-10,2021,HT,HH,한밭,2333,14:00,17:08,188,9,304,73,8,7,4,18,18.0
20211010HTHH2,2021-10-10,2021,HT,HH,한밭,1641,17:39,21:16,187,9,299,78,5,15,5,18,18.0
20211010OBNC0,2021-10-10,2021,OB,NC,창원,2856,14:01,17:07,186,9,284,71,11,10,6,11,17.0
20211011KTLG0,2021-10-11,2021,KT,LG,잠실,0,14:00,17:43,223,9,343,81,14,9,6,12,18.0
20211012KTOB0,2021-10-12,2021,KT,OB,잠실,0,18:29,22:08,219,9,325,77,14,21,5,12,17.0
20211012LGSK0,2021-10-12,2021,LG,SK,문학,0,18:31,22:05,214,9,334,72,8,20,8,11,18.0
20211012NCWO0,2021-10-12,2021,NC,WO,고척,0,18:30,21:36,186,9,321,87,17,18,15,18,17.0
20211012SSHT0,2021-10-12,2021,SS,HT,광주,535,18:30,21:17,167,9,276,68,8,12,3,8,18.0
20211013KTOB0,2021-10-13,2021,KT,OB,잠실,0,18:30,21:46,196,9,289,73,9,16,8,14,17.0
20211013LGLT0,2021-10-13,2021,LG,LT,사직,1629,18:31,22:12,221,9,318,79,6,21,8,22,18.0
20211013NCWO0,2021-10-13,2021,NC,WO,고척,0,18:30,21:01,151,9,260,70,2,17,10,19,17.0
20211013SSHT0,2021-10-13,2021,SS,HT,광주,862,18:30,21:33,183,9,307,76,6,21,8,19,18.0
20211014KTOB0,2021-10-14,2021,KT,OB,잠실,0,18:30,22:10,220,9,328,80,6,14,8,21,18.0
20211014LGLT0,2021-10-14,2021,LG,LT,사직,1663,18:30,22:19,229,9,368,85,10,13,16,21,18.0
20211014NCWO0,2021-10-14,2021,NC,WO,고척,0,18:30,21:33,183,9,270,79,8,15,12,18,18.0
20211014SSHT0,2021-10-14,2021,SS,HT,광주,727,18:30,21:16,166,9,277,69,10,11,7,12,17.0
20211015HTKT0,2021-10-15,2021,HT,KT,수원,0,18:30,22:29,239,9,347,88,14,10,14,21,18.0
20211015LGLT0,2021-10-15,2021,LG,LT,사직,1850,18:30,21:42,192,9,287,73,6,9,6,21,17.0
20211015NCOB0,2021-10-15,2021,NC,OB,잠실,0,18:31,21:09,158,9,234,67,6,12,5,10,18.0
20211015WOSS0,2021-10-15,2021,WO,SS,대구,2745,18:47,21:24,110,6,183,47,2,9,2,10,12.0
20211016HHKT0,2021-10-16,2021,HH,KT,수원,0,17:01,20:08,187,9,325,78,10,16,13,19,17.0
20211016HTOB0,2021-10-16,2021,HT,OB,잠실,0,17:00,20:37,211,9,318,79,8,15,10,20,18.0
20211016LGNC0,2021-10-16,2021,LG,NC,창원,2317,17:00,20:07,187,9,291,71,6,18,3,14,17.333333333333336
20211016SKLT0,2021-10-16,2021,SK,LT,사직,2336,17:01,20:58,237,9,369,87,15,17,12,21,18.0
20211016WOSS1,2021-10-16,2021,WO,SS,대구,4418,14:00,17:24,204,9,307,76,12,12,12,17,17.0
20211016WOSS2,2021-10-16,2021,WO,SS,대구,4174,17:55,20:56,181,9,300,78,9,16,9,18,17.0
20211017HHKT0,2021-10-17,2021,HH,KT,수원,0,14:01,16:53,172,9,285,69,3,24,3,12,18.0
20211017HTOB1,2021-10-17,2021,HT,OB,잠실,0,14:00,17:46,226,9,343,82,13,11,6,15,18.0
20211017HTOB2,2021-10-17,2021,HT,OB,잠실,0,18:16,21:19,183,9,277,70,8,11,7,15,17.0
20211017LGNC1,2021-10-17,2021,LG,NC,창원,2282,14:02,17:16,194,9,341,80,9,21,12,17,18.0
20211017LGNC2,2021-10-17,2021,LG,NC,창원,1175,17:47,21:03,196,9,296,66,8,19,1,8,18.0
20211017SKLT1,2021-10-17,2021,SK,LT,사직,2257,14:00,17:32,212,9,361,95,13,7,18,31,18.0
20211017SKLT2,2021-10-17,2021,SK,LT,사직,1264,18:02,21:06,184,9,278,67,7,18,3,11,17.0
20211017WOSS0,2021-10-17,2021,WO,SS,대구,5668,14:00,16:43,163,9,265,73,4,12,9,21,17.0
20211019KTNC0,2021-10-19,2021,KT,NC,창원,764,18:31,21:43,192,9,306,72,7,19,6,13,17.0
20211019OBSS0,2021-10-19,2021,OB,SS,대구,2750,18:30,21:45,195,9,300,78,7,20,5,18,18.0
20211019SKHT0,2021-10-19,2021,SK,HT,광주,595,18:29,21:35,186,9,307,75,7,13,9,19,17.0
20211019WOLG0,2021-10-19,2021,WO,LG,잠실,1624,18:30,21:44,194,9,305,78,7,17,9,17,18.0
20211020KTHT0,2021-10-20,2021,KT,HT,광주,688,18:30,21:05,155,9,242,65,5,10,3,10,17.0
20211020NCSK0,2021-10-20,2021,NC,SK,문학,956,18:30,22:12,222,9,321,80,10,16,14,19,18.0
20211020WOLG0,2021-10-20,2021,WO,LG,잠실,1606,18:31,22:11,220,9,315,79,11,11,11,16,18.0
20211021HHHT0,2021-10-21,2021,HH,HT,광주,963,18:30,21:44,194,9,368,90,17,10,15,20,18.0
20211021OBSK0,2021-10-21,2021,OB,SK,문학,1253,18:31,21:52,201,9,324,78,7,17,8,18,17.0
20211021WOLG0,2021-10-21,2021,WO,LG,잠실,1617,18:31,22:20,229,9,338,79,8,15,10,20,18.0
20211022HHLT0,2021-10-22,2021,HH,LT,사직,1429,18:30,21:03,153,9,266,61,5,17,1,6,17.0
20211022HTNC0,2021-10-22,2021,HT,NC,창원,1079,19:01,22:09,188,9,285,77,12,12,8,14,18.0
20211022KTSS0,2021-10-22,2021,KT,SS,대구,5866,18:30,21:04,154,9,240,69,3,13,6,17,17.0
20211022OBSK0,2021-10-22,2021,OB,SK,문학,1631,18:31,22:11,220,9,337,92,12,9,18,28,17.0
20211023HHLT0,2021-10-23,2021,HH,LT,사직,3051,17:01,21:47,286,9,423,104,20,19,30,27,18.0
20211023HTNC1,2021-10-23,2021,HT,NC,창원,1579,14:01,17:04,183,9,312,81,8,9,11,21,18.0
20211023HTNC2,2021-10-23,2021,HT,NC,창원,1472,17:35,20:39,184,9,265,74,5,20,7,20,17.0
20211023KTSS0,2021-10-23,2021,KT,SS,대구,8512,17:00,19:39,159,9,255,66,4,11,4,15,17.0
20211023LGOB0,2021-10-23,2021,LG,OB,잠실,3593,17:00,21:19,259,9,354,83,16,13,6,13,18.0
20211024HHLT0,2021-10-24,2021,HH,LT,사직,3167,13:59,17:05,186,9,264,66,2,13,5,17,17.0
20211024HTNC0,2021-10-24,2021,HT,NC,창원,1712,14:01,16:58,177,9,280,73,5,22,5,15,17.0
20211024LGOB1,2021-10-24,2021,LG,OB,잠실,2862,14:00,17:50,230,9,310,81,15,13,9,14,17.666666666666664
20211024LGOB2,2021-10-24,2021,LG,OB,잠실,3254,18:25,22:05,220,9,315,76,11,8,6,12,18.0
20211024SKSS0,2021-10-24,2021,SK,SS,대구,8576,14:00,16:51,171,9,270,71,7,14,6,11,18.0
20211024WOKT0,2021-10-24,2021,WO,KT,수원,2145,14:01,16:51,170,9,289,75,6,14,8,22,17.0
20211025LTLG0,2021-10-25,2021,LT,LG,잠실,3249,18:30,21:57,207,9,292,75,3,20,8,17,18.0
20211025WOHH0,2021-10-25,2021,WO,HH,한밭,1014,18:30,22:07,217,9,352,81,9,13,13,16,18.0
20211026LGHH0,2021-10-26,2021,LG,HH,한밭,1011,18:30,21:15,165,9,270,67,7,10,4,10,18.0
20211026SKNC0,2021-10-26,2021,SK,NC,창원,1091,18:31,22:18,227,9,359,80,5,15,12,21,18.0
20211026WOOB0,2021-10-26,2021,WO,OB,잠실,2293,18:30,21:34,184,9,269,72,7,13,9,16,17.0
20211027HTLT0,2021-10-27,2021,HT,LT,사직,1458,18:30,21:21,171,9,269,71,5,12,5,15,18.0
20211027LGHH0,2021-10-27,2021,LG,HH,한밭,1125,18:30,21:27,177,9,340,80,12,23,10,15,18.0
20211027NCKT0,2021-10-27,2021,NC,KT,수원,1564,18:30,22:10,220,9,341,88,9,16,15,24,18.0
20211027OBSK0,2021-10-27,2021,OB,SK,문학,2039,18:31,22:10,219,9,329,84,16,13,13,16,18.0
20211027SSWO0,2021-10-27,2021,SS,WO,고척,2569,18:30,21:31,181,9,281,80,7,15,11,18,17.0
20211028HTLT0,2021-10-28,2021,HT,LT,사직,1462,18:30,21:15,165,9,275,76,8,13,8,15,18.0
20211028LGHH0,2021-10-28,2021,LG,HH,한밭,1543,18:30,21:57,207,9,311,70,11,25,2,8,18.0
20211028NCKT1,2021-10-28,2021,NC,KT,수원,622,15:01,18:14,193,9,284,76,6,22,2,17,18.0
20211028NCKT2,2021-10-28,2021,NC,KT,수원,1144,18:44,21:35,171,9,257,72,4,19,7,20,17.0
20211028OBSK0,2021-10-28,2021,OB,SK,문학,2515,18:32,21:45,193,9,268,69,7,19,7,13,17.0
20211029KTWO0,2021-10-29,2021,KT,WO,고척,1495,18:29,21:28,179,9,270,74,10,6,6,15,17.0
20211029LGLT0,2021-10-29,2021,LG,LT,사직,2556,18:30,21:42,192,9,291,79,9,13,5,16,18.0
20211029OBHT0,2021-10-29,2021,OB,HT,광주,1883,18:30,22:12,222,9,354,92,15,15,16,23,18.0
20211029SSNC0,2021-10-29,2021,SS,NC,창원,3309,19:00,21:50,170,9,247,69,5,15,4,14,17.0
20211030KTSK0,2021-10-30,2021,KT,SK,문학,4484,17:01,20:32,211,9,348,83,9,17,11,23,18.0
20211030LGLT0,2021-10-30,2021,LG,LT,사직,5855,17:00,20:12,192,9,287,74,11,13,6,12,17.0
20211030OBHH0,2021-10-30,2021,OB,HH,한밭,3900,17:00,20:24,204,9,283,74,5,13,8,15,18.0
20211030SSNC0,2021-10-30,2021,SS,NC,창원,5061,17:00,20:17,197,9,343,87,11,16,16,22,18.0
20211030WOHT0,2021-10-30,2021,WO,HT,광주,3831,17:00,20:02,182,9,315,74,6,12,7,17,18.0
20220402HHOB0,2022-04-02,2022,HH,OB,잠실,16271,14:02,17:27,205,9,296,76,8,15,10,19,17.0
20220402LGHT0,2022-04-02,2022,LG,HT,광주,16908,14:00,16:49,169,9,255,73,10,20,9,9,18.0
20220402LTWO0,2022-04-02,2022,LT,WO,고척,8257,14:00,17:12,192,9,312,79,7,22,9,18,18.0
20220402SKNC0,2022-04-02,2022,SK,NC,창원,7814,14:03,16:56,173,10,268,73,5,19,4,8,20.0
20220402SSKT0,2022-04-02,2022,SS,KT,수원,17057,13:59,16:40,161,9,256,68,6,9,5,13,17.0
20220403HHOB0,2022-04-03,2022,HH,OB,잠실,11345,14:01,16:29,148,9,225,62,1,17,1,10,17.0
20220403LGHT0,2022-04-03,2022,LG,HT,광주,10290,14:00,17:26,206,9,288,78,8,21,5,20,18.0
20220403LTWO0,2022-04-03,2022,LT,WO,고척,6115,14:00,17:55,235,10,348,83,6,15,7,21,19.333333333333336
20220403SKNC0,2022-04-03,2022,SK,NC,창원,4808,13:59,17:02,183,9,279,70,6,18,5,12,18.0
20220403SSKT0,2022-04-03,2022,SS,KT,수원,10321,13:59,17:20,201,9,316,79,6,15,11,19,18.0
20220405HHHT0,2022-04-05,2022,HH,HT,광주,2840,18:29,21:57,208,9,288,72,9,14,7,13,17.0
20220405LGWO0,2022-04-05,2022,LG,WO,고척,2298,18:30,21:34,184,9,299,79,7,14,12,17,18.0
20220405LTNC0,2022-04-05,2022,LT,NC,창원,3246,18:30,21:24,174,9,275,76,7,18,6,14,18.0
20220405SKKT0,2022-04-05,2022,SK,KT,수원,2055,18:31,21:29,178,9,277,81,7,14,13,23,18.0
20220405SSOB0,2022-04-05,2022,SS,OB,잠실,4109,18:32,22:26,234,9,334,82,9,15,11,17,18.0
20220406HHHT0,2022-04-06,2022,HH,HT,광주,3117,18:30,22:20,230,9,348,84,13,16,11,19,17.0
20220406LGWO0,2022-04-06,2022,LG,WO,고척,2304,18:30,22:13,223,11,327,83,9,14,3,10,22.0
20220406LTNC0,2022-04-06,2022,LT,NC,창원,3000,18:29,21:12,163,9,248,69,7,14,5,13,17.0
20220406SKKT0,2022-04-06,2022,SK,KT,수원,2094,18:30,20:52,142,9,244,66,4,19,3,9,18.0
20220406SSOB0,2022-04-06,2022,SS,OB,잠실,4161,18:31,21:31,180,9,278,73,6,12,8,15,18.0
20220407HHHT0,2022-04-07,2022,HH,HT,광주,2773,18:29,21:40,191,9,295,74,8,14,8,15,17.0
20220407LGWO0,2022-04-07,2022,LG,WO,고척,2055,18:30,21:01,151,9,234,70,4,7,6,15,18.0
20220407LTNC0,2022-04-07,2022,LT,NC,창원,3017,18:29,21:21,172,9,257,68,6,17,3,10,18.0
20220407SKKT0,2022-04-07,2022,SK,KT,수원,2530,18:31,21:19,168,9,259,74,1,16,7,20,18.0
20220407SSOB0,2022-04-07,2022,SS,OB,잠실,4055,18:31,22:24,233,9,326,84,15,11,11,18,17.0
20220408HTSK0,2022-04-08,2022,HT,SK,문학,15615,18:31,21:12,161,9,253,65,5,17,3,9,17.0
20220408KTHH0,2022-04-08,2022,KT,HH,한밭,5520,18:30,22:06,216,9,329,75,13,23,6,8,18.0
20220408NCLG0,2022-04-08,2022,NC,LG,잠실,10623,18:30,21:23,173,9,254,71,3,15,5,14,18.0
20220408OBLT0,2022-04-08,2022,OB,LT,사직,8860,18:30,21:45,195,9,311,77,11,20,7,17,18.0
20220408WOSS0,2022-04-08,2022,WO,SS,대구,9244,18:30,21:07,157,9,248,68,6,11,1,8,18.0
20220409HTSK0,2022-04-09,2022,HT,SK,문학,21005,17:00,19:35,155,9,279,76,8,9,14,19,17.0
20220409KTHH0,2022-04-09,2022,KT,HH,한밭,6538,16:59,19:59,180,9,304,68,4,22,8,14,17.0
20220409NCLG0,2022-04-09,2022,NC,LG,잠실,14328,17:01,20:10,189,9,279,75,9,11,13,17,17.0
20220409OBLT0,2022-04-09,2022,OB,LT,사직,13045,17:00,20:03,183,9,270,73,6,12,9,17,17.0
20220409WOSS0,2022-04-09,2022,WO,SS,대구,13059,17:00,19:49,169,9,271,66,3,15,3,11,18.0
20220410HTSK0,2022-04-10,2022,HT,SK,문학,17849,14:00,16:57,177,9,300,77,10,9,13,16,17.0
20220410KTHH0,2022-04-10,2022,KT,HH,한밭,5735,13:59,17:10,191,9,286,78,8,12,10,21,17.0
20220410NCLG0,2022-04-10,2022,NC,LG,잠실,13095,13:59,17:15,196,9,279,76,10,12,8,21,17.0
20220410OBLT0,2022-04-10,2022,OB,LT,사직,11646,14:02,18:07,245,11,313,88,4,18,7,24,22.0
20220410WOSS0,2022-04-10,2022,WO,SS,대구,11610,14:00,16:51,171,9,238,77,3,3,11,22,18.0
20220412HHSS0,2022-04-12,2022,HH,SS,대구,4047,18:30,21:13,163,9,283,66,6,18,2,11,17.0
20220412LTHT0,2022-04-12,2022,LT,HT,광주,3654,18:32,21:44,192,9,297,77,7,23,11,15,17.0
20220412NCWO0,2022-04-12,2022,NC,WO,고척,774,18:29,21:16,167,9,255,71,7,11,10,17,17.0
20220412OBKT0,2022-04-12,2022,OB,KT,수원,2450,18:31,21:42,191,9,286,73,6,19,4,16,18.0
20220412SKLG0,2022-04-12,2022,SK,LG,잠실,6028,18:30,20:58,148,9,244,67,3,13,5,14,18.0
20220413HHSS0,2022-04-13,2022,HH,SS,대구,2156,18:30,21:20,170,9,281,72,3,12,13,16,17.0
20220413NCWO0,2022-04-13,2022,NC,WO,고척,893,18:30,23:16,286,12,432,102,15,20,9,20,23.666666666666664
20220413SKLG0,2022-04-13,2022,SK,LG,잠실,4547,18:30,22:11,221,9,313,84,11,14,6,20,18.0
20220414HHSS0,2022-04-14,2022,HH,SS,대구,2869,18:30,21:35,185,9,283,74,4,15,11,19,17.0
20220414LTHT0,2022-04-14,2022,LT,HT,광주,3838,18:30,22:00,210,9,307,77,6,18,5,17,18.0
20220414NCWO0,2022-04-14,2022,NC,WO,고척,1020,18:30,21:17,167,9,263,66,4,18,1,11,17.0
20220414OBKT0,2022-04-14,2022,OB,KT,수원,2241,18:30,22:06,216,10,318,83,5,18,9,19,20.0
20220414SKLG0,2022-04-14,2022,SK,LG,잠실,6500,18:30,21:20,170,9,291,71,8,14,6,15,17.0
20220415HTNC0,2022-04-15,2022,HT,NC,창원,3002,18:29,21:32,183,9,293,72,8,17,5,15,17.0
20220415KTLT0,2022-04-15,2022,KT,LT,사직,4610,18:30,22:02,212,9,330,81,11,16,16,20,17.0
20220415LGHH0,2022-04-15,2022,LG,HH,한밭,3320,18:30,21:42,192,9,300,76,5,15,10,20,17.0
20220415SSSK0,2022-04-15,2022,SS,SK,문학,9441,18:30,21:09,159,9,253,71,4,9,5,14,17.0
20220415WOOB0,2022-04-15,2022,WO,OB,잠실,4423,18:30,21:28,178,9,278,74,5,17,6,16,18.0
20220416HTNC0,2022-04-16,2022,HT,NC,창원,4580,17:00,19:57,177,9,306,81,5,14,14,24,18.0
20220416KTLT0,2022-04-16,2022,KT,LT,사직,10639,17:00,20:02,182,9,287,76,2,19,8,22,18.0
20220416LGHH0,2022-04-16,2022,LG,HH,한밭,8112,17:00,20:26,206,9,345,81,13,15,8,16,18.0
20220416SSSK0,2022-04-16,2022,SS,SK,문학,16037,14:00,17:14,194,9,297,73,10,4,8,14,17.0
20220416WOOB0,2022-04-16,2022,WO,OB,잠실,9737,17:01,20:11,190,9,293,73,7,12,5,14,17.0
20220417HTNC0,2022-04-17,2022,HT,NC,창원,3902,13:59,17:28,209,9,347,83,14,16,7,15,18.0
20220417KTLT0,2022-04-17,2022,KT,LT,사직,9231,14:00,16:36,156,9,251,67,3,11,3,16,17.0
20220417LGHH0,2022-04-17,2022,LG,HH,한밭,6566,14:00,18:08,248,10,364,94,11,10,15,22,20.0
20220417SSSK0,2022-04-17,2022,SS,SK,문학,15104,14:00,17:12,192,9,309,84,11,9,12,20,17.0
20220417WOOB0,2022-04-17,2022,WO,OB,잠실,8762,14:01,17:41,220,9,331,84,16,13,8,16,18.0
20220419HHLT0,2022-04-19,2022,HH,LT,사직,4053,18:29,22:02,213,9,323,81,12,10,8,18,18.0
20220419KTLG0,2022-04-19,2022,KT,LG,잠실,4537,18:30,21:19,169,9,261,70,4,14,5,11,18.0
20220419OBHT0,2022-04-19,2022,OB,HT,광주,2658,18:29,22:10,221,9,314,80,13,10,9,21,17.0
20220419SSNC0,2022-04-19,2022,SS,NC,창원,1725,18:30,22:11,221,9,347,90,15,14,19,24,17.0
20220419WOSK0,2022-04-19,2022,WO,SK,문학,5931,18:30,21:58,208,9,319,82,11,16,13,19,18.0
20220420HHLT0,2022-04-20,2022,HH,LT,사직,4340,18:30,21:16,166,9,263,72,6,14,7,19,17.0
20220420KTLG0,2022-04-20,2022,KT,LG,잠실,4595,18:30,21:25,175,9,281,73,6,10,8,16,18.0
20220420OBHT0,2022-04-20,2022,OB,HT,광주,4010,18:30,21:56,206,9,291,78,7,11,7,19,18.0
20220420SSNC0,2022-04-20,2022,SS,NC,창원,2104,18:32,21:18,166,9,273,70,5,12,3,15,17.0
20220420WOSK0,2022-04-20,2022,WO,SK,문학,5061,18:31,20:59,148,9,252,69,7,15,7,13,17.0
20220421HHLT0,2022-04-21,2022,HH,LT,사직,3306,18:30,22:20,230,9,336,87,13,21,13,20,18.0
20220421KTLG0,2022-04-21,2022,KT,LG,잠실,4410,18:30,21:56,206,9,326,78,8,18,8,19,18.0
20220421OBHT0,2022-04-21,2022,OB,HT,광주,3474,18:30,21:18,168,9,258,67,2,12,3,10,18.0
20220421SSNC0,2022-04-21,2022,SS,NC,창원,1675,18:32,22:01,209,9,369,86,9,16,13,23,18.0
20220421WOSK0,2022-04-21,2022,WO,SK,문학,8080,18:30,21:13,163,9,274,71,6,13,6,15,17.0
20220422HTWO0,2022-04-22,2022,HT,WO,고척,4289,18:30,21:47,197,9,281,78,7,19,9,17,18.0
20220422LGOB0,2022-04-22,2022,LG,OB,잠실,8472,18:30,22:02,212,9,293,72,4,15,6,19,18.0
20220422LTSS0,2022-04-22,2022,LT,SS,대구,7951,18:31,21:34,183,9,287,80,4,10,10,23,18.0
20220422NCKT0,2022-04-22,2022,NC,KT,수원,2276,18:30,21:39,189,9,302,80,11,21,7,20,17.0
20220422SKHH0,2022-04-22,2022,SK,HH,한밭,3146,18:30,21:37,187,9,315,73,8,19,2,11,17.0
20220423HTWO0,2022-04-23,2022,HT,WO,고척,8338,14:00,16:49,169,9,262,70,8,12,4,12,17.0
20220423LGOB0,2022-04-23,2022,LG,OB,잠실,17799,17:01,20:02,181,9,264,67,12,10,6,9,17.0
20220423LTSS0,2022-04-23,2022,LT,SS,대구,14983,17:00,19:59,179,9,287,73,4,20,6,13,18.0
20220423NCKT0,2022-04-23,2022,NC,KT,수원,8255,17:00,19:36,156,9,239,66,3,12,7,15,17.0
20220423SKHH0,2022-04-23,2022,SK,HH,한밭,7514,16:59,19:58,179,9,304,74,12,9,11,16,17.0
20220424HTWO0,2022-04-24,2022,HT,WO,고척,7406,14:00,16:55,175,9,291,83,8,8,16,19,18.0
20220424LGOB0,2022-04-24,2022,LG,OB,잠실,14848,14:01,17:28,207,9,288,72,10,8,5,13,18.0
20220424LTSS0,2022-04-24,2022,LT,SS,대구,12782,14:01,17:07,186,9,285,79,8,17,11,19,18.0
20220424NCKT0,2022-04-24,2022,NC,KT,수원,5719,13:59,17:38,219,10,318,82,9,22,3,16,20.0
20220424SKHH0,2022-04-24,2022,SK,HH,한밭,6612,13:59,17:28,209,9,306,77,11,18,4,14,18.0
20220426HTKT0,2022-04-26,2022,HT,KT,수원,6277,18:31,21:49,198,9,306,83,6,16,15,26,18.0
20220426LGSS0,2022-04-26,2022,LG,SS,대구,3920,18:30,21:32,182,9,292,80,8,21,11,19,17.0
20220426NCOB0,2022-04-26,2022,NC,OB,잠실,3644,18:30,21:42,192,9,307,77,5,13,12,21,17.0
20220426SKLT0,2022-04-26,2022,SK,LT,사직,2731,18:59,22:09,190,9,316,79,9,12,9,16,18.0
20220426WOHH0,2022-04-26,2022,WO,HH,한밭,2647,18:29,21:21,172,9,272,71,9,18,7,11,17.0
20220427HTKT0,2022-04-27,2022,HT,KT,수원,6123,18:30,21:06,156,9,254,71,5,13,4,15,17.0
20220427LGSS0,2022-04-27,2022,LG,SS,대구,5063,18:30,21:32,182,9,290,76,7,14,7,16,18.0
20220427NCOB0,2022-04-27,2022,NC,OB,잠실,3450,18:30,21:48,198,9,289,72,6,13,11,13,17.0
20220427SKLT0,2022-04-27,2022,SK,LT,사직,6831,18:30,22:26,236,12,380,89,6,29,2,11,24.0
20220427WOHH0,2022-04-27,2022,WO,HH,한밭,3459,18:29,21:30,181,9,299,76,4,16,7,19,18.0
20220428HTKT0,2022-04-28,2022,HT,KT,수원,6111,18:31,21:14,163,9,252,69,5,18,8,15,17.0
20220428LGSS0,2022-04-28,2022,LG,SS,대구,5279,18:30,21:41,191,9,275,76,3,16,10,18,18.0
20220428NCOB0,2022-04-28,2022,NC,OB,잠실,5223,18:30,22:03,213,9,336,83,10,17,14,19,18.0
20220428SKLT0,2022-04-28,2022,SK,LT,사직,7126,18:30,21:07,157,9,249,69,4,15,5,15,17.0
20220428WOHH0,2022-04-28,2022,WO,HH,한밭,3531,18:29,21:29,180,9,294,71,6,15,4,11,18.0
20220429HHNC0,2022-04-29,2022,HH,NC,창원,3405,18:30,21:56,206,9,362,84,15,16,13,18,17.0
20220429KTWO0,2022-04-29,2022,KT,WO,고척,1770,18:29,21:46,197,9,292,76,6,15,10,19,18.0
20220429LTLG0,2022-04-29,2022,LT,LG,잠실,15681,18:30,22:16,226,9,360,86,14,23,13,21,18.0
20220429OBSK0,2022-04-29,2022,OB,SK,문학,10306,18:30,23:21,291,12,389,107,14,14,15,22,23.666666666666664
20220429SSHT0,2022-04-29,2022,SS,HT,광주,7487,18:31,22:06,215,9,302,82,9,10,7,19,18.0
20220430HHNC0,2022-04-30,2022,HH,NC,창원,6045,17:00,20:31,211,9,292,74,8,17,2,14,18.0
20220430KTWO0,2022-04-30,2022,KT,WO,고척,4075,17:00,19:57,177,9,247,72,5,12,5,20,17.0
20220430LTLG0,2022-04-30,2022,LT,LG,잠실,23018,17:00,19:47,167,9,250,72,4,11,4,16,18.0
20220430OBSK0,2022-04-30,2022,OB,SK,문학,20094,17:01,20:15,194,9,279,67,11,15,3,8,17.0
20220430SSHT0,2022-04-30,2022,SS,HT,광주,11159,14:00,17:27,207,9,304,81,6,22,9,23,18.0
20220501HHNC0,2022-05-01,2022,HH,NC,창원,5185,14:00,17:13,193,9,277,77,13,22,3,11,18.0
20220501KTWO0,2022-05-01,2022,KT,WO,고척,3213,14:00,17:26,206,9,348,82,15,15,12,17,17.0
20220501LTLG0,2022-05-01,2022,LT,LG,잠실,20513,14:00,16:55,175,9,291,72,8,6,4,11,18.0
20220501OBSK0,2022-05-01,2022,OB,SK,문학,18130,14:00,16:45,165,9,302,74,10,15,9,13,18.0
20220501SSHT0,2022-05-01,2022,SS,HT,광주,11555,14:00,16:57,177,9,281,80,7,15,9,22,18.0
20220503HHSK0,2022-05-03,2022,HH,SK,문학,9110,18:30,21:40,190,9,264,76,5,17,6,19,17.0
20220503LTKT0,2022-05-03,2022,LT,KT,수원,6251,18:30,21:56,206,9,321,79,7,17,15,22,17.0
20220503NCSS0,2022-05-03,2022,NC,SS,대구,5728,18:31,22:30,239,9,346,87,9,21,16,23,18.0
20220503OBLG0,2022-05-03,2022,OB,LG,잠실,10124,18:30,21:38,188,9,269,72,6,10,7,17,17.0
20220503WOHT0,2022-05-03,2022,WO,HT,광주,5277,18:30,20:58,148,9,274,72,5,17,8,15,18.0
20220504HHSK0,2022-05-04,2022,HH,SK,문학,11331,18:31,21:59,208,9,309,83,10,14,13,20,18.0
20220504LTKT0,2022-05-04,2022,LT,KT,수원,7532,18:30,21:19,169,9,282,70,4,12,5,12,18.0
20220504NCSS0,2022-05-04,2022,NC,SS,대구,8712,18:30,21:59,209,9,313,84,5,14,16,26,17.0
20220504OBLG0,2022-05-04,2022,OB,LG,잠실,14480,18:30,21:45,195,9,266,74,8,8,7,12,18.0
20220504WOHT0,2022-05-04,2022,WO,HT,광주,11234,18:30,22:14,224,9,328,79,9,9,7,16,17.666666666666664
20220505HHSK0,2022-05-05,2022,HH,SK,문학,23000,14:00,17:08,188,9,289,82,10,10,18,20,17.0
20220505LTKT0,2022-05-05,2022,LT,KT,수원,20000,14:00,17:12,192,9,314,75,11,10,10,16,17.0
20220505NCSS0,2022-05-05,2022,NC,SS,대구,20938,14:01,17:10,189,9,275,74,6,12,7,19,17.0
20220505OBLG0,2022-05-05,2022,OB,LG,잠실,24012,14:01,17:22,201,9,301,80,5,8,13,20,18.0
20220505WOHT0,2022-05-05,2022,WO,HT,광주,16072,14:00,16:46,166,9,296,75,10,14,11,12,17.0
20220506HTHH0,2022-05-06,2022,HT,HH,한밭,10305,18:29,21:25,176,9,278,78,9,18,15,17,18.0
20220506KTOB0,2022-05-06,2022,KT,OB,잠실,8709,18:30,21:25,175,9,272,70,7,16,6,11,18.0
20220506LGNC0,2022-05-06,2022,LG,NC,창원,5883,18:30,22:19,229,9,369,95,17,15,23,24,18.0
20220506SKWO0,2022-05-06,2022,SK,WO,고척,4627,18:30,21:24,174,9,265,74,8,12,11,16,17.0
20220506SSLT0,2022-05-06,2022,SS,LT,사직,22990,18:30,21:10,160,9,244,72,1,13,5,18,18.0
20220507HTHH0,2022-05-07,2022,HT,HH,한밭,11114,17:00,20:13,193,9,314,76,5,13,9,20,18.0
20220507KTOB0,2022-05-07,2022,KT,OB,잠실,10546,17:01,21:17,256,9,378,88,11,20,19,27,17.0
20220507LGNC0,2022-05-07,2022,LG,NC,창원,5585,17:00,20:09,189,9,296,75,10,14,9,13,18.0
20220507SKWO0,2022-05-07,2022,SK,WO,고척,5637,17:00,19:45,165,9,271,67,5,16,3,12,18.0
20220507SSLT0,2022-05-07,2022,SS,LT,사직,22990,17:00,19:50,170,9,273,74,8,17,5,14,18.0
20220508HTHH0,2022-05-08,2022,HT,HH,한밭,7918,14:00,17:19,199,9,332,84,9,11,13,26,18.0
20220508KTOB0,2022-05-08,2022,KT,OB,잠실,7124,14:00,17:21,201,9,291,76,8,10,5,14,18.0
20220508LGNC0,2022-05-08,2022,LG,NC,창원,3642,14:01,17:56,235,9,336,80,9,15,5,19,18.0
20220508SKWO0,2022-05-08,2022,SK,WO,고척,4765,14:00,17:01,181,9,294,75,5,22,8,15,18.0
20220508SSLT0,2022-05-08,2022,SS,LT,사직,16456,14:00,17:32,212,10,317,85,4,15,6,20,20.0
20220510HHLG0,2022-05-10,2022,HH,LG,잠실,7270,18:30,21:41,191,9,297,73,7,11,10,20,17.0
20220510KTHT0,2022-05-10,2022,KT,HT,광주,5240,18:30,21:10,160,9,261,62,2,18,1,9,17.666666666666664
20220510NCLT0,2022-05-10,2022,NC,LT,사직,8521,18:30,21:06,156,9,241,68,3,15,7,16,17.0
20220510OBWO0,2022-05-10,2022,OB,WO,고척,3564,18:30,21:53,203,9,316,79,10,15,9,15,18.0
20220510SKSS0,2022-05-10,2022,SK,SS,대구,5088,18:30,21:33,183,9,290,72,5,16,4,16,18.0
20220511HHLG0,2022-05-11,2022,HH,LG,잠실,8064,18:30,22:13,223,9,323,77,11,15,7,21,17.0
20220511KTHT0,2022-05-11,2022,KT,HT,광주,6542,18:30,21:46,196,9,343,86,8,19,15,25,18.0
20220511NCLT0,2022-05-11,2022,NC,LT,사직,7761,18:31,22:53,262,9,348,87,13,15,11,25,17.666666666666664
20220511OBWO0,2022-05-11,2022,OB,WO,고척,2641,18:30,21:30,180,9,287,74,6,9,6,15,18.0
20220511SKSS0,2022-05-11,2022,SK,SS,대구,4786,18:30,22:40,250,10,388,90,9,17,11,22,19.666666666666664
20220512HHLG0,2022-05-12,2022,HH,LG,잠실,8620,18:30,22:14,224,9,363,83,7,23,18,26,17.0
20220512KTHT0,2022-05-12,2022,KT,HT,광주,5224,18:30,21:35,185,9,275,72,6,19,9,18,17.0
20220512NCLT0,2022-05-12,2022,NC,LT,사직,8782,18:30,21:37,187,9,290,72,3,17,6,20,18.0
20220512OBWO0,2022-05-12,2022,OB,WO,고척,2649,18:30,21:47,197,9,274,73,10,10,5,10,18.0
20220512SKSS0,2022-05-12,2022,SK,SS,대구,5541,18:30,21:32,182,9,276,69,6,9,6,17,17.0
20220513HTLG0,2022-05-13,2022,HT,LG,잠실,19411,18:30,22:11,221,9,358,89,15,15,11,21,18.0
20220513LTHH0,2022-05-13,2022,LT,HH,한밭,6773,18:29,21:29,180,9,296,79,7,23,9,17,18.0
20220513NCSK0,2022-05-13,2022,NC,SK,문학,8121,18:30,21:27,177,9,278,70,7,11,8,11,18.0
20220513WOKT0,2022-05-13,2022,WO,KT,수원,4246,18:30,21:42,192,9,305,80,9,16,12,19,18.0
20220514HTLG0,2022-05-14,2022,HT,LG,잠실,24132,17:00,19:48,168,9,274,73,4,13,8,18,17.0
20220514LTHH0,2022-05-14,2022,LT,HH,한밭,10860,17:00,20:25,205,9,306,82,7,19,13,21,18.0
20220514NCSK0,2022-05-14,2022,NC,SK,문학,15131,17:00,20:08,188,9,271,69,10,24,3,12,17.0
20220514OBSS0,2022-05-14,2022,OB,SS,대구,17161,17:01,19:27,146,9,234,66,4,12,4,15,17.0
20220514WOKT0,2022-05-14,2022,WO,KT,수원,10061,17:00,19:33,153,9,263,69,4,17,3,12,18.0
20220515HTLG0,2022-05-15,2022,HT,LG,잠실,23097,14:02,17:10,188,9,294,75,7,7,9,17,17.0
20220515LTHH0,2022-05-15,2022,LT,HH,한밭,8154,14:00,17:01,181,9,272,74,6,14,12,19,17.0
20220515NCSK0,2022-05-15,2022,NC,SK,문학,11414,14:00,17:45,225,9,325,81,10,9,15,21,18.0
20220515OBSS0,2022-05-15,2022,OB,SS,대구,14754,14:01,17:09,188,9,284,73,5,11,7,21,17.0
20220515WOKT0,2022-05-15,2022,WO,KT,수원,6587,14:00,18:23,263,11,400,103,16,13,6,24,22.0
20220517HTLT0,2022-05-17,2022,HT,LT,사직,9055,18:30,21:35,185,9,284,76,9,17,7,17,18.0
20220517LGKT0,2022-05-17,2022,LG,KT,수원,5600,18:30,21:41,191,9,275,72,6,12,5,16,17.333333333333336
20220517SKOB0,2022-05-17,2022,SK,OB,잠실,5743,18:31,23:19,288,12,439,113,18,20,18,21,24.0
20220517SSHH0,2022-05-17,2022,SS,HH,한밭,3941,18:29,21:32,183,9,265,70,1,13,7,19,17.0
20220517WONC0,2022-05-17,2022,WO,NC,창원,2420,18:31,22:10,219,9,374,88,12,20,15,23,18.0
20220518HTLT0,2022-05-18,2022,HT,LT,사직,9885,18:31,22:29,238,9,328,93,12,13,22,27,18.0
20220518LGKT0,2022-05-18,2022,LG,KT,수원,5106,18:30,21:55,205,9,342,79,6,15,10,18,18.0
20220518SKOB0,2022-05-18,2022,SK,OB,잠실,5586,18:31,23:15,284,12,399,104,14,19,7,18,24.0
20220518SSHH0,2022-05-18,2022,SS,HH,한밭,4107,18:29,21:55,206,9,291,74,5,27,8,16,18.0
20220518WONC0,2022-05-18,2022,WO,NC,창원,2526,18:31,22:05,214,9,345,85,13,16,18,22,17.0
20220519HTLT0,2022-05-19,2022,HT,LT,사직,10396,18:30,21:15,165,9,261,72,6,12,6,12,18.0
20220519LGKT0,2022-05-19,2022,LG,KT,수원,5234,18:30,21:52,202,9,316,87,9,12,10,23,18.0
20220519SKOB0,2022-05-19,2022,SK,OB,잠실,7360,18:30,21:49,199,9,309,79,7,17,12,20,18.0
20220519SSHH0,2022-05-19,2022,SS,HH,한밭,4014,18:30,22:03,213,10,298,82,12,14,3,12,20.0
20220519WONC0,2022-05-19,2022,WO,NC,창원,2686,18:32,21:53,201,9,317,76,5,20,4,16,18.0
20220520HHWO0,2022-05-20,2022,HH,WO,고척,3080,18:30,21:04,154,9,234,64,4,18,7,11,17.0
20220520KTSS0,2022-05-20,2022,KT,SS,대구,9838,18:30,21:08,158,9,256,70,3,12,6,13,18.0
20220520LGSK0,2022-05-20,2022,LG,SK,문학,13904,18:30,21:44,194,9,278,76,8,11,9,21,17.333333333333336
20220520LTOB0,2022-05-20,2022,LT,OB,잠실,15486,18:30,21:27,177,9,259,69,7,14,4,12,18.0
20220520NCHT0,2022-05-20,2022,NC,HT,광주,9135,18:30,21:18,168,9,257,69,5,12,8,14,17.0
20220521HHWO0,2022-05-21,2022,HH,WO,고척,6689,17:01,19:52,171,9,279,78,7,12,13,20,17.0
20220521KTSS0,2022-05-21,2022,KT,SS,대구,15676,17:01,21:26,265,11,411,90,12,23,7,13,22.0
20220521LGSK0,2022-05-21,2022,LG,SK,문학,21315,17:01,20:31,210,9,305,77,9,13,7,18,18.0
20220521LTOB0,2022-05-21,2022,LT,OB,잠실,20588,14:00,17:04,184,9,282,77,7,11,16,23,17.0
20220521NCHT0,2022-05-21,2022,NC,HT,광주,15565,17:00,20:31,211,9,361,83,8,11,11,24,18.0
20220522HHWO0,2022-05-22,2022,HH,WO,고척,5330,13:59,17:14,195,9,299,76,8,18,11,16,18.0
20220522KTSS0,2022-05-22,2022,KT,SS,대구,11507,14:00,17:05,185,9,293,75,8,18,7,16,17.0
20220522LGSK0,2022-05-22,2022,LG,SK,문학,18157,14:00,17:14,194,9,283,68,7,14,4,12,17.0
20220522LTOB0,2022-05-22,2022,LT,OB,잠실,19143,14:01,17:57,236,9,328,81,12,13,9,16,18.0
20220522NCHT0,2022-05-22,2022,NC,HT,광주,16282,14:00,16:55,175,9,319,77,9,15,14,20,17.0
20220524HTSS0,2022-05-24,2022,HT,SS,대구,7081,18:31,21:30,179,9,276,71,5,9,7,16,18.0
20220524KTNC0,2022-05-24,2022,KT,NC,창원,1686,18:31,21:44,193,10,297,77,9,17,5,18,19.0
20220524LTSK0,2022-05-24,2022,LT,SK,문학,11996,18:30,21:24,174,9,243,67,9,7,5,15,17.333333333333336
20220524OBHH0,2022-05-24,2022,OB,HH,한밭,3172,18:29,21:26,177,9,283,73,8,16,9,14,17.0
20220524WOLG0,2022-05-24,2022,WO,LG,잠실,6074,18:30,21:49,199,9,299,79,9,11,10,19,18.0
20220525HTSS0,2022-05-25,2022,HT,SS,대구,8000,18:31,22:01,210,9,352,90,10,8,16,25,18.0
20220525KTNC0,2022-05-25,2022,KT,NC,창원,2428,18:31,21:11,160,9,237,69,3,13,5,13,18.0
20220525LTSK0,2022-05-25,2022,LT,SK,문학,9890,18:32,21:09,123,7,211,56,4,11,10,15,13.0
20220525OBHH0,2022-05-25,2022,OB,HH,한밭,5253,18:30,21:33,183,9,290,76,6,11,15,22,17.0
20220525WOLG0,2022-05-25,2022,WO,LG,잠실,6937,18:30,21:39,189,9,324,82,8,15,15,20,18.0
20220526HTSS0,2022-05-26,2022,HT,SS,대구,7568,18:31,22:25,234,9,372,92,16,16,16,23,18.0
20220526KTNC0,2022-05-26,2022,KT,NC,창원,1728,18:31,21:53,202,9,290,74,10,13,3,12,18.0
20220526LTSK0,2022-05-26,2022,LT,SK,문학,13672,18:29,21:57,208,9,312,80,13,15,11,17,17.0
20220526OBHH0,2022-05-26,2022,OB,HH,한밭,4638,18:29,22:16,227,9,420,98,13,14,27,35,18.0
20220526WOLG0,2022-05-26,2022,WO,LG,잠실,6655,18:30,21:42,192,9,336,86,10,19,17,21,18.0
20220527HHKT0,2022-05-27,2022,HH,KT,수원,6090,18:30,21:25,175,9,276,71,4,27,4,14,18.0
20220527OBNC0,2022-05-27,2022,OB,NC,창원,3328,18:29,21:37,188,9,308,77,12,14,7,18,18.0
20220527SKHT0,2022-05-27,2022,SK,HT,광주,10208,18:30,21:35,185,9,261,78,7,13,9,18,18.0
20220527SSLG0,2022-05-27,2022,SS,LG,잠실,13775,18:30,21:43,193,9,296,72,9,9,5,15,17.0
20220527WOLT0,2022-05-27,2022,WO,LT,사직,11008,18:31,21:12,161,9,270,72,3,13,8,19,18.0
20220528HHKT0,2022-05-28,2022,HH,KT,수원,11494,17:00,21:12,252,9,357,85,9,18,17,26,18.0
20220528OBNC0,2022-05-28,2022,OB,NC,창원,7638,17:00,20:13,193,9,291,76,8,12,5,21,17.0
20220528SKHT0,2022-05-28,2022,SK,HT,광주,12245,14:01,16:43,162,9,282,78,9,16,12,20,17.0
20220528SSLG0,2022-05-28,2022,SS,LG,잠실,21100,17:00,19:56,176,9,276,79,9,10,13,18,17.0
20220528WOLT0,2022-05-28,2022,WO,LT,사직,13820,14:00,17:13,193,10,297,79,6,18,9,14,20.0
20220529HHKT0,2022-05-29,2022,HH,KT,수원,9503,14:00,18:00,240,9,351,83,10,20,16,21,18.0
20220529OBNC0,2022-05-29,2022,OB,NC,창원,3979,14:00,17:14,194,9,281,68,9,14,1,8,18.0
20220529SKHT0,2022-05-29,2022,SK,HT,광주,12595,14:00,17:49,229,9,338,88,11,14,16,24,18.0
20220529SSLG0,2022-05-29,2022,SS,LG,잠실,17435,14:00,17:35,215,9,323,82,8,7,12,24,18.0
20220529WOLT0,2022-05-29,2022,WO,LT,사직,12038,14:00,16:30,150,9,259,73,6,12,4,16,18.0
20220531HTOB0,2022-05-31,2022,HT,OB,잠실,18194,18:30,22:18,228,9,352,87,9,11,23,26,18.0
20220531KTSK0,2022-05-31,2022,KT,SK,문학,7883,18:29,20:50,141,9,242,65,0,21,3,15,18.0
20220531LGLT0,2022-05-31,2022,LG,LT,사직,7815,18:30,21:27,177,9,283,77,7,10,12,21,17.0
20220531NCHH0,2022-05-31,2022,NC,HH,한밭,4269,18:29,21:52,203,9,321,84,8,19,15,22,18.0
20220531SSWO0,2022-05-31,2022,SS,WO,고척,4100,18:30,21:24,174,9,280,71,9,11,5,15,17.0
20220601HTOB0,2022-06-01,2022,HT,OB,잠실,23244,17:00,20:13,193,9,307,76,10,13,10,15,18.0
20220601KTSK0,2022-06-01,2022,KT,SK,문학,15288,16:59,19:46,167,9,253,66,3,14,3,13,17.0
20220601LGLT0,2022-06-01,2022,LG,LT,사직,11093,17:00,20:33,213,9,357,94,14,10,19,25,18.0
20220601NCHH0,2022-06-01,2022,NC,HH,한밭,6851,16:59,19:49,170,9,260,64,8,17,3,11,17.0
20220601SSWO0,2022-06-01,2022,SS,WO,고척,7181,17:00,20:05,185,9,293,76,5,13,6,19,18.0
20220602HTOB0,2022-06-02,2022,HT,OB,잠실,11029,18:31,21:47,196,9,280,75,2,12,7,19,18.0
20220602KTSK0,2022-06-02,2022,KT,SK,문학,5525,18:30,21:50,200,9,326,81,17,15,15,14,18.0
20220602LGLT0,2022-06-02,2022,LG,LT,사직,8384,18:30,22:38,248,12,337,95,10,16,4,17,24.0
20220602NCHH0,2022-06-02,2022,NC,HH,한밭,3003,18:30,22:39,249,11,353,87,10,16,7,17,22.0
20220602SSWO0,2022-06-02,2022,SS,WO,고척,2477,18:30,22:14,224,9,340,81,11,16,11,19,17.333333333333336
20220603HTKT0,2022-06-03,2022,HT,KT,수원,10749,18:30,21:03,153,9,266,66,2,16,7,14,17.0
20220603LTNC0,2022-06-03,2022,LT,NC,창원,9544,18:31,20:53,142,9,239,66,6,20,6,10,17.0
20220603OBSS0,2022-06-03,2022,OB,SS,대구,8600,18:30,21:51,201,9,293,78,6,10,13,21,17.0
20220603SKLG0,2022-06-03,2022,SK,LG,잠실,9487,18:30,21:17,167,9,269,73,8,10,8,13,17.0
20220603WOHH0,2022-06-03,2022,WO,HH,한밭,4166,18:29,21:45,196,9,337,88,10,14,16,22,17.0
20220604HTKT0,2022-06-04,2022,HT,KT,수원,20000,17:00,20:01,181,9,270,73,10,10,7,15,17.0
20220604LTNC0,2022-06-04,2022,LT,NC,창원,11736,17:01,19:49,168,9,282,70,7,19,5,11,18.0
20220604OBSS0,2022-06-04,2022,OB,SS,대구,16425,17:01,20:54,233,9,377,94,10,12,24,27,18.0
20220604SKLG0,2022-06-04,2022,SK,LG,잠실,16345,17:01,20:28,207,9,299,79,7,11,8,21,17.0
20220604WOHH0,2022-06-04,2022,WO,HH,한밭,9140,16:59,20:43,224,10,340,81,10,19,7,13,20.0
20220605HTKT0,2022-06-05,2022,HT,KT,수원,20000,17:00,21:08,248,12,372,94,7,23,4,16,24.0
20220605SKLG0,2022-06-05,2022,SK,LG,잠실,14964,17:00,19:41,161,9,255,67,5,13,2,8,18.0
20220607HHOB0,2022-06-07,2022,HH,OB,잠실,4702,18:30,21:26,176,9,262,69,8,11,4,12,17.0
20220607KTWO0,2022-06-07,2022,KT,WO,고척,1904,18:30,21:46,196,9,317,77,14,16,3,13,17.0
20220607SKNC0,2022-06-07,2022,SK,NC,창원,2158,18:32,20:58,146,9,224,71,1,16,8,17,17.0
20220607SSLT0,2022-06-07,2022,SS,LT,사직,4680,18:31,22:37,246,11,380,95,6,21,11,26,22.0
20220608HHOB0,2022-06-08,2022,HH,OB,잠실,4882,18:30,21:43,193,9,286,71,2,13,6,17,18.0
20220608KTWO0,2022-06-08,2022,KT,WO,고척,1342,18:30,22:41,251,12,389,100,10,20,10,21,24.0
20220608LGHT0,2022-06-08,2022,LG,HT,광주,6812,18:30,21:57,207,9,349,85,10,12,18,20,18.0
20220608SKNC0,2022-06-08,2022,SK,NC,창원,2316,18:31,23:01,270,12,386,100,9,18,4,18,24.0
20220608SSLT0,2022-06-08,2022,SS,LT,사직,4733,18:30,21:26,176,9,294,75,6,15,6,15,18.0
20220609HHOB0,2022-06-09,2022,HH,OB,잠실,6612,18:31,22:32,241,9,382,93,17,13,23,26,17.0
20220609KTWO0,2022-06-09,2022,KT,WO,고척,1414,18:33,21:20,167,9,294,76,8,13,8,17,18.0
20220609LGHT0,2022-06-09,2022,LG,HT,광주,7606,18:30,21:12,162,9,253,69,6,10,6,15,17.0
20220609SKNC0,2022-06-09,2022,SK,NC,창원,3010,18:30,21:42,192,9,286,75,9,16,9,15,17.333333333333336
20220609SSLT0,2022-06-09,2022,SS,LT,사직,5236,18:30,22:56,266,11,381,96,7,19,13,25,21.666666666666664
20220610HHSK0,2022-06-10,2022,HH,SK,문학,9958,18:30,21:18,168,9,272,74,8,16,11,16,17.0
20220610KTLT0,2022-06-10,2022,KT,LT,사직,4902,18:30,21:41,191,9,298,80,7,18,13,19,18.0
20220610NCSS0,2022-06-10,2022,NC,SS,대구,10012,18:30,21:39,189,9,309,82,7,14,10,21,18.0
20220610OBLG0,2022-06-10,2022,OB,LG,잠실,11791,18:30,21:48,198,9,299,80,8,12,17,22,17.0
20220610WOHT0,2022-06-10,2022,WO,HT,광주,8951,18:30,22:27,237,9,391,90,13,13,16,25,18.0
20220611HHSK0,2022-06-11,2022,HH,SK,문학,20078,17:00,19:34,154,9,244,66,5,15,6,12,17.0
20220611KTLT0,2022-06-11,2022,KT,LT,사직,10087,17:00,19:33,153,9,250,70,3,16,4,15,18.0
20220611NCSS0,2022-06-11,2022,NC,SS,대구,14155,17:01,20:30,209,11,321,83,6,21,5,14,22.0
20220611OBLG0,2022-06-11,2022,OB,LG,잠실,19035,17:01,20:37,216,9,309,80,8,11,9,20,18.0
20220611WOHT0,2022-06-11,2022,WO,HT,광주,16267,16:59,19:44,165,9,280,71,4,18,7,17,17.0
20220612HHSK0,2022-06-12,2022,HH,SK,문학,15128,17:00,21:15,255,9,369,90,10,20,24,31,17.0
20220612KTLT0,2022-06-12,2022,KT,LT,사직,5997,16:59,20:13,194,9,331,81,9,14,13,23,17.0
20220612NCSS0,2022-06-12,2022,NC,SS,대구,10614,17:00,20:02,182,9,280,70,5,12,6,17,17.0
20220612OBLG0,2022-06-12,2022,OB,LG,잠실,15235,17:00,20:57,237,9,321,84,10,14,15,24,17.0
20220612WOHT0,2022-06-12,2022,WO,HT,광주,14849,17:00,20:39,219,9,350,90,15,14,18,22,18.0
20220614OBWO0,2022-06-14,2022,OB,WO,고척,2536,18:30,21:28,178,9,279,70,7,16,2,11,17.0
20220614SKKT0,2022-06-14,2022,SK,KT,수원,3108,18:30,21:33,183,9,256,71,4,15,9,17,17.0
20220614SSLG0,2022-06-14,2022,SS,LG,잠실,6824,18:30,21:19,169,9,273,68,5,15,7,10,17.0
20220615HTNC0,2022-06-15,2022,HT,NC,창원,3444,18:30,21:43,193,9,300,80,11,8,9,20,17.0
20220615LTHH0,2022-06-15,2022,LT,HH,한밭,3403,18:30,21:48,198,9,330,83,7,14,16,24,18.0
20220615OBWO0,2022-06-15,2022,OB,WO,고척,2062,18:30,21:42,192,9,282,75,7,10,7,17,18.0
20220615SKKT0,2022-06-15,2022,SK,KT,수원,3596,18:29,21:26,168,9,251,69,4,13,9,19,17.0
20220615SSLG0,2022-06-15,2022,SS,LG,잠실,6328,18:30,21:36,186,9,290,80,7,12,9,22,18.0
20220616HTNC0,2022-06-16,2022,HT,NC,창원,4547,18:30,21:35,185,9,309,77,7,14,6,16,18.0
20220616LTHH0,2022-06-16,2022,LT,HH,한밭,3640,18:30,21:30,180,9,284,71,7,23,3,12,18.0
20220616OBWO0,2022-06-16,2022,OB,WO,고척,2349,18:29,22:07,218,9,315,73,13,16,8,11,17.0
20220616SKKT0,2022-06-16,2022,SK,KT,수원,4355,18:29,21:47,198,9,320,75,8,14,6,14,18.0
20220616SSLG0,2022-06-16,2022,SS,LG,잠실,8976,18:30,21:16,166,9,232,71,5,15,3,16,17.0
20220617HHNC0,2022-06-17,2022,HH,NC,창원,3678,18:29,22:34,245,12,373,101,16,17,2,16,24.0
20220617KTOB0,2022-06-17,2022,KT,OB,잠실,4898,18:30,21:56,206,9,303,76,8,13,6,17,18.0
20220617LGWO0,2022-06-17,2022,LG,WO,고척,4608,18:30,22:21,231,10,325,85,8,13,6,21,20.0
20220617SKLT0,2022-06-17,2022,SK,LT,사직,5687,18:30,21:11,161,9,242,77,4,19,8,21,18.0
20220617SSHT0,2022-06-17,2022,SS,HT,광주,8865,18:29,21:06,157,9,254,69,8,7,8,13,17.0
20220618HHNC0,2022-06-18,2022,HH,NC,창원,7205,17:00,20:07,187,9,261,68,3,18,5,16,17.333333333333336
20220618KTOB0,2022-06-18,2022,KT,OB,잠실,9033,17:00,20:03,183,9,281,71,5,14,5,16,17.0
20220618LGWO0,2022-06-18,2022,LG,WO,고척,8705,14:00,16:53,173,9,265,69,4,14,2,15,17.0
20220618SKLT0,2022-06-18,2022,SK,LT,사직,10173,17:00,20:31,211,9,322,86,10,16,15,24,18.0
20220618SSHT0,2022-06-18,2022,SS,HT,광주,14825,17:00,20:01,181,9,304,81,7,13,8,22,18.0
20220619HHNC0,2022-06-19,2022,HH,NC,창원,4605,17:00,19:57,177,9,294,74,5,12,9,17,17.0
20220619KTOB0,2022-06-19,2022,KT,OB,잠실,6966,17:02,19:57,175,9,266,73,1,16,8,19,18.0
20220619LGWO0,2022-06-19,2022,LG,WO,고척,7849,14:01,17:10,189,10,295,77,2,21,6,13,20.0
20220619SKLT0,2022-06-19,2022,SK,LT,사직,6314,17:00,20:19,199,9,289,79,11,17,11,16,17.0
20220619SSHT0,2022-06-19,2022,SS,HT,광주,9977,17:00,20:26,206,9,333,81,6,13,10,19,18.0
20220621HHLG0,2022-06-21,2022,HH,LG,잠실,7317,18:30,21:48,198,9,315,85,9,16,14,22,17.0
20220621LTHT0,2022-06-21,2022,LT,HT,광주,5956,18:30,21:41,191,9,277,76,5,13,11,21,17.0
20220621NCKT0,2022-06-21,2022,NC,KT,수원,2292,18:31,21:36,185,9,309,75,10,11,9,13,17.0
20220621OBSK0,2022-06-21,2022,OB,SK,문학,8067,18:30,21:48,198,9,319,80,11,14,18,17,18.0
20220621WOSS0,2022-06-21,2022,WO,SS,대구,5936,18:30,21:57,207,9,323,83,8,12,7,24,18.0
20220622HHLG0,2022-06-22,2022,HH,LG,잠실,8200,18:30,21:37,187,9,270,72,7,12,11,17,17.0
20220622LTHT0,2022-06-22,2022,LT,HT,광주,8754,18:30,22:29,239,10,367,96,12,20,12,26,20.0
20220622NCKT0,2022-06-22,2022,NC,KT,수원,2866,18:30,21:16,166,9,295,75,8,13,11,13,18.0
20220622OBSK0,2022-06-22,2022,OB,SK,문학,9261,18:30,22:04,214,10,310,89,12,16,11,19,19.666666666666664
20220622WOSS0,2022-06-22,2022,WO,SS,대구,6515,18:31,21:37,186,9,277,78,8,11,6,20,18.0
20220623LTHT0,2022-06-23,2022,LT,HT,광주,5909,18:30,21:32,182,9,269,71,4,13,11,18,17.0
20220623WOSS0,2022-06-23,2022,WO,SS,대구,4959,18:31,21:07,156,9,249,73,8,10,7,15,18.0
20220624HTOB0,2022-06-24,2022,HT,OB,잠실,14470,18:31,22:35,244,9,321,84,11,11,7,20,18.0
20220624LGKT0,2022-06-24,2022,LG,KT,수원,7021,18:31,22:07,216,9,332,81,6,13,15,24,17.0
20220624NCSK0,2022-06-24,2022,NC,SK,문학,11040,18:30,21:30,180,9,302,78,7,17,16,20,17.0
20220624SSHH0,2022-06-24,2022,SS,HH,한밭,4132,18:30,21:36,186,9,283,72,8,12,3,16,17.0
20220624WOLT0,2022-06-24,2022,WO,LT,사직,3769,18:30,21:40,190,9,307,75,9,13,6,19,17.0
20220625HTOB0,2022-06-25,2022,HT,OB,잠실,22093,17:01,21:24,263,9,391,91,22,11,14,19,18.0
20220625LGKT0,2022-06-25,2022,LG,KT,수원,13557,17:00,19:55,175,9,287,71,3,14,9,15,18.0
20220625NCSK0,2022-06-25,2022,NC,SK,문학,17058,17:00,20:14,194,9,304,74,4,11,9,23,17.0
20220625SSHH0,2022-06-25,2022,SS,HH,한밭,8225,17:00,20:19,199,9,312,78,11,12,7,13,18.0
20220625WOLT0,2022-06-25,2022,WO,LT,사직,8922,17:01,20:47,226,9,380,98,16,18,18,25,18.0
20220626HTOB0,2022-06-26,2022,HT,OB,잠실,16298,17:00,20:21,201,9,290,76,11,8,12,15,17.0
20220626LGKT0,2022-06-26,2022,LG,KT,수원,8044,17:00,19:53,173,9,276,72,4,14,4,16,18.0
20220626NCSK0,2022-06-26,2022,NC,SK,문학,13149,17:00,20:26,206,9,299,80,9,12,10,18,17.0
20220626SSHH0,2022-06-26,2022,SS,HH,한밭,5214,17:00,20:08,188,9,283,75,6,14,8,16,18.0
20220626WOLT0,2022-06-26,2022,WO,LT,사직,6596,17:00,20:44,224,9,367,88,9,11,13,25,18.0
20220628HTWO0,2022-06-28,2022,HT,WO,고척,7388,18:30,21:29,179,9,280,72,7,11,7,14,17.0
20220628KTSS0,2022-06-28,2022,KT,SS,대구,3769,18:30,22:00,210,9,348,94,12,11,18,32,18.0
20220628NCLG0,2022-06-28,2022,NC,LG,잠실,3361,18:30,21:25,175,9,283,70,6,16,5,14,17.0
20220628OBLT0,2022-06-28,2022,OB,LT,사직,3429,18:30,21:25,143,8,227,58,4,12,6,10,14.333333333333332
20220628SKHH0,2022-06-28,2022,SK,HH,한밭,3027,18:29,21:38,189,9,276,75,7,14,9,22,17.0
20220629HTWO0,2022-06-29,2022,HT,WO,고척,7941,18:30,21:22,172,9,270,66,7,20,1,10,17.0
20220629KTSS0,2022-06-29,2022,KT,SS,대구,4679,18:30,21:15,165,9,282,72,8,19,10,16,17.0
20220629SKHH0,2022-06-29,2022,SK,HH,한밭,1747,18:30,22:18,190,9,333,82,5,16,11,27,18.0
20220630HTWO0,2022-06-30,2022,HT,WO,고척,7165,18:30,21:44,194,9,289,82,16,13,9,14,17.0
20220630KTSS0,2022-06-30,2022,KT,SS,대구,4809,18:31,21:45,194,9,324,83,9,18,15,21,18.0
20220630OBLT0,2022-06-30,2022,OB,LT,사직,6566,18:30,21:26,176,9,279,73,5,15,6,20,17.0
20220701HHWO0,2022-07-01,2022,HH,WO,고척,3238,18:30,21:53,203,9,288,75,9,12,12,15,17.0
20220701HTSK0,2022-07-01,2022,HT,SK,문학,14099,18:29,22:15,226,9,332,82,13,21,13,18,17.666666666666664
20220701LTLG0,2022-07-01,2022,LT,LG,잠실,12224,18:30,21:48,198,9,279,75,5,17,3,18,17.0
20220701OBKT0,2022-07-01,2022,OB,KT,수원,4781,18:30,22:10,220,9,327,88,9,16,18,29,17.0
20220702HHWO0,2022-07-02,2022,HH,WO,고척,6692,14:00,16:39,159,9,249,73,10,13,3,12,17.0
20220702HTSK0,2022-07-02,2022,HT,SK,문학,23000,18:00,21:12,192,9,267,66,5,15,3,10,17.0
20220702LTLG0,2022-07-02,2022,LT,LG,잠실,18750,18:00,20:53,173,9,268,79,7,10,9,20,18.0
20220702OBKT0,2022-07-02,2022,OB,KT,수원,10065,18:00,21:01,181,9,265,73,6,23,11,18,17.0
20220702SSNC0,2022-07-02,2022,SS,NC,창원,9063,18:00,21:23,203,9,324,84,17,12,18,19,17.0
20220703HHWO0,2022-07-03,2022,HH,WO,고척,5952,14:00,16:55,175,9,271,63,7,14,3,9,17.0
20220703HTSK0,2022-07-03,2022,HT,SK,문학,18666,17:00,19:34,154,9,257,63,2,22,5,12,17.0
20220703LTLG0,2022-07-03,2022,LT,LG,잠실,23750,17:01,19:53,172,9,274,69,7,13,5,14,17.0
20220703OBKT0,2022-07-03,2022,OB,KT,수원,5749,17:00,19:38,158,9,243,68,4,19,6,14,17.0
20220703SSNC0,2022-07-03,2022,SS,NC,창원,4725,17:01,20:54,233,9,379,87,14,21,17,20,17.0
20220705LGSS0,2022-07-05,2022,LG,SS,대구,4683,18:30,21:06,156,9,250,70,4,15,5,13,18.0
20220705LTSK0,2022-07-05,2022,LT,SK,문학,7773,18:30,21:29,179,9,262,76,7,16,7,16,17.666666666666664
20220705NCHH0,2022-07-05,2022,NC,HH,한밭,2632,18:30,21:38,188,10,315,75,4,14,1,11,20.0
20220705WOOB0,2022-07-05,2022,WO,OB,잠실,4265,18:31,21:54,203,9,293,76,6,15,7,16,18.0
20220706KTHT0,2022-07-06,2022,KT,HT,광주,6269,18:30,21:34,184,9,310,82,10,17,9,22,18.0
20220706LGSS0,2022-07-06,2022,LG,SS,대구,4673,18:30,22:03,213,9,351,86,6,16,19,29,18.0
20220706LTSK0,2022-07-06,2022,LT,SK,문학,6859,18:30,22:48,189,9,306,87,7,10,17,28,18.0
20220706NCHH0,2022-07-06,2022,NC,HH,한밭,2726,18:31,22:47,225,9,324,82,9,21,7,20,18.0
20220706WOOB0,2022-07-06,2022,WO,OB,잠실,2930,18:31,21:28,177,9,270,73,11,18,7,11,17.0
20220707LGSS0,2022-07-07,2022,LG,SS,대구,4989,18:31,22:08,217,9,357,87,8,16,20,27,18.0
20220707LTSK0,2022-07-07,2022,LT,SK,문학,5866,18:30,21:20,170,9,269,72,4,14,9,18,17.0
20220707NCHH0,2022-07-07,2022,NC,HH,한밭,3111,18:29,22:50,261,9,383,92,12,15,23,30,17.0
20220707WOOB0,2022-07-07,2022,WO,OB,잠실,3781,18:30,21:56,206,9,306,72,12,11,6,12,17.0
20220708HHHT0,2022-07-08,2022,HH,HT,광주,7732,18:31,21:48,197,9,292,74,11,16,8,11,17.0
20220708LGOB0,2022-07-08,2022,LG,OB,잠실,9875,18:30,21:50,200,9,300,83,9,18,15,18,18.0
20220708LTKT0,2022-07-08,2022,LT,KT,수원,5218,18:30,20:58,148,9,247,69,5,12,9,12,17.0
20220708NCWO0,2022-07-08,2022,NC,WO,고척,2500,18:30,21:26,176,9,276,69,6,16,5,15,17.0
20220708SKSS0,2022-07-08,2022,SK,SS,대구,5359,19:19,22:57,218,9,312,92,9,13,17,31,18.0
20220709HHHT0,2022-07-09,2022,HH,HT,광주,13246,18:00,21:32,212,9,301,80,11,14,11,20,17.0
20220709LGOB0,2022-07-09,2022,LG,OB,잠실,16032,18:00,22:11,251,9,350,86,13,12,14,18,18.0
20220709LTKT0,2022-07-09,2022,LT,KT,수원,13030,17:59,20:47,168,9,271,70,4,17,4,16,17.0
20220709NCWO0,2022-07-09,2022,NC,WO,고척,4459,14:00,17:11,191,9,333,80,11,11,11,20,17.0
20220709SKSS0,2022-07-09,2022,SK,SS,대구,11924,18:01,22:12,251,10,382,94,11,18,23,23,20.0
20220710HHHT0,2022-07-10,2022,HH,HT,광주,8387,17:01,20:22,201,9,301,77,9,16,9,17,17.0
20220710LGOB0,2022-07-10,2022,LG,OB,잠실,10980,17:01,20:22,201,9,302,78,6,8,9,21,18.0
20220710LTKT0,2022-07-10,2022,LT,KT,수원,9656,17:00,19:58,178,9,293,78,7,13,10,20,18.0
20220710NCWO0,2022-07-10,2022,NC,WO,고척,4419,14:00,16:37,157,9,264,67,8,23,2,10,17.0
20220710SKSS0,2022-07-10,2022,SK,SS,대구,10126,17:01,20:14,193,9,300,78,12,16,9,13,18.0
20220712HHLT0,2022-07-12,2022,HH,LT,사직,22890,18:30,21:44,194,9,286,74,11,13,5,15,17.0
20220712HTLG0,2022-07-12,2022,HT,LG,잠실,14517,18:29,21:52,203,9,304,78,8,13,8,16,18.0
20220712OBNC0,2022-07-12,2022,OB,NC,창원,3522,18:30,22:42,252,11,376,97,11,17,18,22,22.0
20220712SSKT0,2022-07-12,2022,SS,KT,수원,3723,18:31,21:52,201,9,323,73,7,16,7,16,17.0
20220712WOSK0,2022-07-12,2022,WO,SK,문학,10985,18:30,22:10,220,9,335,81,14,11,10,20,17.0
20220713HHLT0,2022-07-13,2022,HH,LT,사직,10188,18:30,21:08,158,9,243,67,6,15,2,11,17.0
20220713OBNC0,2022-07-13,2022,OB,NC,창원,2880,18:30,21:30,180,9,273,70,4,12,5,16,17.0
20220714HHLT0,2022-07-14,2022,HH,LT,사직,7653,18:30,22:06,216,9,336,78,10,16,17,20,17.0
20220714HTLG0,2022-07-14,2022,HT,LG,잠실,14590,18:31,21:49,198,9,325,79,9,16,8,18,17.0
20220714OBNC0,2022-07-14,2022,OB,NC,창원,4659,18:30,21:35,185,9,288,83,4,8,14,26,18.0
20220714SSKT0,2022-07-14,2022,SS,KT,수원,4703,18:30,21:08,158,9,248,66,3,14,1,14,17.0
20220714WOSK0,2022-07-14,2022,WO,SK,문학,12969,18:30,21:03,153,9,241,69,9,11,5,10,17.0
20220722HTLT0,2022-07-22,2022,HT,LT,사직,11010,18:30,21:12,162,9,276,71,5,6,7,16,18.0
20220722KTHH0,2022-07-22,2022,KT,HH,한밭,4010,18:29,21:33,184,9,324,78,10,17,8,18,17.0
20220722LGNC0,2022-07-22,2022,LG,NC,창원,5924,18:30,22:07,217,9,303,73,5,18,9,19,17.0
20220722SKOB0,2022-07-22,2022,SK,OB,잠실,6223,18:30,22:09,219,12,338,85,9,21,1,8,24.0
20220722SSWO0,2022-07-22,2022,SS,WO,고척,4776,18:30,22:17,227,11,332,88,7,14,5,21,21.333333333333336
20220723HTLT0,2022-07-23,2022,HT,LT,사직,15526,18:00,21:31,211,9,313,87,4,15,12,30,18.0
20220723KTHH0,2022-07-23,2022,KT,HH,한밭,5234,18:00,22:20,144,8,228,64,4,13,8,21,14.333333333333332
20220723LGNC0,2022-07-23,2022,LG,NC,창원,7934,18:00,21:19,199,9,326,87,14,12,16,23,18.0
20220723SSWO0,2022-07-23,2022,SS,WO,고척,7057,14:00,16:47,167,9,282,72,7,13,6,17,17.0
20220724HTLT0,2022-07-24,2022,HT,LT,사직,10881,17:00,20:03,183,9,316,91,6,24,23,31,18.0
20220724KTHH0,2022-07-24,2022,KT,HH,한밭,3420,17:00,20:32,212,9,328,81,9,24,4,19,18.0
20220724LGNC0,2022-07-24,2022,LG,NC,창원,4034,17:00,19:57,177,9,265,71,8,15,7,16,17.0
20220724SKOB0,2022-07-24,2022,SK,OB,잠실,6216,17:00,20:20,200,9,298,77,9,12,9,15,18.0
20220724SSWO0,2022-07-24,2022,SS,WO,고척,6897,14:00,17:11,191,9,298,79,7,20,8,19,18.0
20220726HHSS0,2022-07-26,2022,HH,SS,포항,5431,18:30,21:45,195,9,294,73,4,14,6,16,18.0
20220726LGSK0,2022-07-26,2022,LG,SK,문학,11063,18:30,21:10,160,9,281,73,5,17,9,12,18.0
20220726LTOB0,2022-07-26,2022,LT,OB,잠실,5857,18:30,21:19,169,9,259,69,7,13,7,14,17.0
20220726NCHT0,2022-07-26,2022,NC,HT,광주,5994,18:31,21:59,208,9,333,83,11,12,10,19,18.0
20220726WOKT0,2022-07-26,2022,WO,KT,수원,3631,18:30,22:26,236,9,365,90,10,16,15,24,18.0
20220727HHSS0,2022-07-27,2022,HH,SS,포항,6258,18:30,22:40,250,9,386,91,13,14,21,26,17.0
20220727LGSK0,2022-07-27,2022,LG,SK,문학,10070,18:30,21:30,180,9,290,75,9,13,9,17,17.0
20220727LTOB0,2022-07-27,2022,LT,OB,잠실,5115,18:31,22:16,225,9,310,80,10,11,11,21,17.0
20220727NCHT0,2022-07-27,2022,NC,HT,광주,5868,18:30,21:54,204,9,317,85,9,10,14,25,17.0
20220727WOKT0,2022-07-27,2022,WO,KT,수원,3126,18:30,21:51,201,9,319,77,9,16,9,16,17.666666666666664
20220728HHSS0,2022-07-28,2022,HH,SS,포항,7202,18:30,22:22,232,12,358,89,6,22,6,14,24.0
20220728LGSK0,2022-07-28,2022,LG,SK,문학,15059,18:30,21:11,161,9,236,69,5,15,9,12,17.333333333333336
20220728LTOB0,2022-07-28,2022,LT,OB,잠실,9820,18:30,21:45,195,9,314,75,9,15,13,18,17.0
20220728NCHT0,2022-07-28,2022,NC,HT,광주,6166,18:30,22:06,216,9,316,84,12,17,8,19,18.0
20220728WOKT0,2022-07-28,2022,WO,KT,수원,4828,18:30,21:05,155,9,266,73,7,14,10,15,17.0
20220729KTLG0,2022-07-29,2022,KT,LG,잠실,9114,18:30,21:44,194,9,290,75,5,11,9,17,18.0
20220729LTSS0,2022-07-29,2022,LT,SS,대구,10486,18:31,22:19,228,10,342,90,7,14,15,26,19.333333333333336
20220729OBHH0,2022-07-29,2022,OB,HH,한밭,3614,18:29,22:25,236,9,310,83,9,15,10,22,18.0
20220729SKHT0,2022-07-29,2022,SK,HT,광주,7755,18:30,21:25,175,9,281,80,8,8,13,23,17.0
20220729WONC0,2022-07-29,2022,WO,NC,창원,4796,18:30,21:39,189,9,305,79,10,15,8,18,17.0
20220730KTLG0,2022-07-30,2022,KT,LG,잠실,10589,18:00,21:30,210,10,311,87,9,17,15,23,19.0
20220730LTSS0,2022-07-30,2022,LT,SS,대구,18789,18:00,21:50,230,9,338,93,5,15,17,35,18.0
20220730OBHH0,2022-07-30,2022,OB,HH,한밭,5838,18:00,21:15,195,9,314,76,5,16,12,20,17.0
20220730SKHT0,2022-07-30,2022,SK,HT,광주,10836,18:00,21:42,222,9,376,89,11,19,12,24,18.0
20220730WONC0,2022-07-30,2022,WO,NC,창원,7150,18:00,22:41,281,12,404,99,8,20,6,19,24.0
20220731LTSS0,2022-07-31,2022,LT,SS,대구,10854,16:59,21:25,266,12,402,106,12,19,10,24,24.0
20220731SKHT0,2022-07-31,2022,SK,HT,광주,6408,17:00,20:45,196,9,295,77,8,8,5,16,18.0
20220802HTHH0,2022-08-02,2022,HT,HH,한밭,5151,18:30,21:41,191,9,293,75,3,10,9,21,17.0
20220802LGLT0,2022-08-02,2022,LG,LT,사직,7277,18:30,21:14,164,9,246,64,3,13,7,12,17.0
20220802SKWO0,2022-08-02,2022,SK,WO,고척,6941,18:30,21:52,202,9,297,80,6,14,12,20,18.0
20220803HTHH0,2022-08-03,2022,HT,HH,한밭,5238,18:30,23:03,273,10,396,89,13,19,9,21,20.0
20220803KTNC0,2022-08-03,2022,KT,NC,창원,4569,18:30,21:58,208,9,342,84,8,16,17,22,18.0
20220803LGLT0,2022-08-03,2022,LG,LT,사직,6829,18:30,21:30,180,9,273,75,6,13,5,15,18.0
20220803SKWO0,2022-08-03,2022,SK,WO,고척,7573,18:30,21:17,167,9,262,71,8,12,5,12,17.0
20220803SSOB0,2022-08-03,2022,SS,OB,잠실,6125,18:30,22:08,218,9,309,71,7,15,4,14,17.0
20220804HTHH0,2022-08-04,2022,HT,HH,한밭,5586,18:30,21:58,208,9,325,75,11,15,5,15,17.0
20220804KTNC0,2022-08-04,2022,KT,NC,창원,3210,18:31,21:33,182,9,292,71,9,19,7,10,17.666666666666664
20220804LGLT0,2022-08-04,2022,LG,LT,사직,5865,18:30,21:51,201,9,302,86,5,14,14,28,18.0
20220804SKWO0,2022-08-04,2022,SK,WO,고척,6064,18:30,22:10,220,10,335,87,8,11,11,20,20.0
20220804SSOB0,2022-08-04,2022,SS,OB,잠실,7429,18:31,21:50,199,9,310,84,10,9,11,21,18.0
20220805HHKT0,2022-08-05,2022,HH,KT,수원,6114,18:30,21:22,172,9,261,72,8,9,6,14,17.0
20220805NCLT0,2022-08-05,2022,NC,LT,사직,6243,18:30,21:42,192,9,277,71,7,14,9,13,17.0
20220805OBHT0,2022-08-05,2022,OB,HT,광주,7903,18:30,21:42,192,9,281,76,5,10,8,17,18.0
20220805SSSK0,2022-08-05,2022,SS,SK,문학,11962,18:31,21:41,190,10,295,74,7,20,4,10,20.0
20220805WOLG0,2022-08-05,2022,WO,LG,잠실,10811,18:31,22:25,234,9,317,82,9,9,15,21,18.0
20220806HHKT0,2022-08-06,2022,HH,KT,수원,9636,18:00,21:02,182,9,274,70,6,15,6,12,17.0
20220806NCLT0,2022-08-06,2022,NC,LT,사직,9584,18:01,21:23,202,9,322,82,11,16,11,21,18.0
20220806OBHT0,2022-08-06,2022,OB,HT,광주,8652,18:00,21:49,229,9,337,85,12,9,11,22,18.0
20220806SSSK0,2022-08-06,2022,SS,SK,문학,18640,18:00,22:44,284,11,399,99,17,16,13,20,21.333333333333336
20220806WOLG0,2022-08-06,2022,WO,LG,잠실,11357,18:00,21:25,205,9,317,86,13,7,15,23,17.0
20220807HHKT0,2022-08-07,2022,HH,KT,수원,8969,17:01,21:36,275,11,396,97,13,15,11,22,22.0
20220807NCLT0,2022-08-07,2022,NC,LT,사직,6360,17:00,20:28,208,9,329,86,12,10,14,21,18.0
20220807OBHT0,2022-08-07,2022,OB,HT,광주,6509,17:00,20:24,204,10,310,81,7,18,9,17,19.666666666666664
20220807SSSK0,2022-08-07,2022,SS,SK,문학,15958,17:00,20:39,219,9,297,82,15,11,13,19,17.0
20220807WOLG0,2022-08-07,2022,WO,LG,잠실,10396,17:00,20:05,185,9,281,73,6,7,5,18,17.0
20220810HTSS0,2022-08-10,2022,HT,SS,대구,7722,18:30,22:24,234,10,346,81,8,17,5,19,19.333333333333336
20220810KTSK0,2022-08-10,2022,KT,SK,문학,6523,18:30,21:14,164,9,278,72,4,11,6,16,17.0
20220810LTWO0,2022-08-10,2022,LT,WO,고척,4352,18:30,21:24,174,9,293,77,5,21,7,18,18.0
20220810NCOB0,2022-08-10,2022,NC,OB,잠실,2672,18:30,21:41,191,9,297,80,10,7,11,20,18.0
20220811KTSK0,2022-08-11,2022,KT,SK,문학,6603,18:30,21:36,186,9,298,74,6,14,6,18,17.0
20220811LTWO0,2022-08-11,2022,LT,WO,고척,4515,18:30,21:13,163,9,263,67,5,16,3,10,18.0
20220811NCOB0,2022-08-11,2022,NC,OB,잠실,2005,18:30,22:03,213,9,295,74,9,13,5,13,18.0
20220812HTSS0,2022-08-12,2022,HT,SS,대구,10291,18:30,22:19,229,9,340,84,9,12,13,24,17.0
20220812KTSK0,2022-08-12,2022,KT,SK,문학,10093,18:30,21:31,181,9,297,82,6,18,14,22,18.0
20220812LGHH0,2022-08-12,2022,LG,HH,한밭,4400,18:30,22:44,254,9,366,89,16,17,11,18,18.0
20220812LTWO0,2022-08-12,2022,LT,WO,고척,4710,18:30,21:39,189,9,275,73,4,16,5,15,18.0
20220812NCOB0,2022-08-12,2022,NC,OB,잠실,3679,18:31,21:52,201,9,281,72,7,14,8,16,17.0
20220813LTHT0,2022-08-13,2022,LT,HT,광주,12159,18:00,20:50,170,9,278,73,8,16,9,15,17.0
20220813SKOB0,2022-08-13,2022,SK,OB,잠실,6659,18:01,21:47,226,9,351,84,13,15,10,18,18.0
20220813SSKT0,2022-08-13,2022,SS,KT,수원,7963,18:00,20:40,160,9,280,73,8,9,9,18,17.0
20220813WOHH0,2022-08-13,2022,WO,HH,한밭,4331,18:00,21:41,221,9,327,81,8,11,14,20,18.0
20220814LGNC0,2022-08-14,2022,LG,NC,창원,7327,17:00,20:17,197,9,298,73,11,8,8,14,17.0
20220814LTHT0,2022-08-14,2022,LT,HT,광주,11374,17:00,20:03,183,9,297,77,9,14,6,13,18.0
20220814SKOB0,2022-08-14,2022,SK,OB,잠실,6973,17:01,21:17,226,10,337,81,6,23,9,16,20.0
20220814SSKT0,2022-08-14,2022,SS,KT,수원,7720,17:00,21:30,205,10,329,79,11,17,5,14,19.333333333333336
20220814WOHH0,2022-08-14,2022,WO,HH,한밭,5274,17:00,21:14,254,9,381,92,11,9,20,28,18.0
20220816SSLG0,2022-08-16,2022,SS,LG,잠실,9671,18:30,21:41,191,9,295,74,4,19,9,21,17.0
20220816WOKT0,2022-08-16,2022,WO,KT,수원,3745,18:31,21:36,185,9,280,79,7,14,9,21,17.666666666666664
20220817HHNC0,2022-08-17,2022,HH,NC,창원,2663,18:30,21:22,172,9,263,73,9,7,10,15,17.0
20220817OBLT0,2022-08-17,2022,OB,LT,사직,3618,18:31,21:39,188,9,283,79,6,19,14,23,17.0
20220817SKHT0,2022-08-17,2022,SK,HT,광주,4330,18:31,21:31,180,9,277,70,6,15,7,14,17.0
20220817SSLG0,2022-08-17,2022,SS,LG,잠실,9180,18:29,22:29,240,9,326,85,11,10,18,24,17.0
20220817WOKT0,2022-08-17,2022,WO,KT,수원,3768,18:30,21:33,183,9,306,73,6,10,5,17,17.333333333333336
20220818KTLT0,2022-08-18,2022,KT,LT,사직,6316,18:30,21:30,180,9,263,71,11,12,1,13,17.0
20220818LGSK0,2022-08-18,2022,LG,SK,문학,14662,18:30,21:53,203,9,311,84,5,12,12,25,18.0
20220818NCHT0,2022-08-18,2022,NC,HT,광주,4927,18:30,22:53,263,11,386,108,17,17,22,26,22.0
20220818SSHH0,2022-08-18,2022,SS,HH,한밭,3023,18:30,21:53,203,9,343,77,9,11,11,17,18.0
20220818WOOB0,2022-08-18,2022,WO,OB,잠실,3517,18:29,21:30,181,9,288,77,7,10,12,20,17.0
20220819KTLT0,2022-08-19,2022,KT,LT,사직,4607,18:30,22:15,225,9,323,79,11,14,7,15,18.0
20220819NCHT0,2022-08-19,2022,NC,HT,광주,5438,18:30,22:25,235,10,367,95,15,17,21,20,19.333333333333336
20220819SSHH0,2022-08-19,2022,SS,HH,한밭,3213,18:30,22:35,245,9,365,87,11,16,14,23,18.0
20220820HHLT0,2022-08-20,2022,HH,LT,사직,7376,18:00,21:29,209,9,299,78,10,16,8,19,18.0
20220820HTKT0,2022-08-20,2022,HT,KT,수원,19194,18:00,21:30,210,9,337,78,9,15,7,19,18.0
20220820OBLG0,2022-08-20,2022,OB,LG,잠실,17504,18:00,21:21,201,9,301,77,11,11,7,17,17.0
20220820SKWO0,2022-08-20,2022,SK,WO,고척,7439,14:00,17:52,232,9,354,93,10,9,21,32,18.0
20220821HHLT0,2022-08-21,2022,HH,LT,사직,7754,17:00,20:19,199,9,322,81,12,16,9,21,17.0
20220821HTKT0,2022-08-21,2022,HT,KT,수원,16158,17:01,20:33,212,9,318,79,9,13,14,20,17.0
20220821NCSS0,2022-08-21,2022,NC,SS,대구,11429,17:00,20:16,196,9,286,78,5,16,8,22,18.0
20220821OBLG0,2022-08-21,2022,OB,LG,잠실,14441,17:00,20:26,206,9,305,75,8,19,6,15,18.0
20220821SKWO0,2022-08-21,2022,SK,WO,고척,7183,14:00,16:58,178,9,281,77,9,17,7,16,18.0
20220823HTWO0,2022-08-23,2022,HT,WO,고척,6637,18:31,21:47,196,9,354,88,7,20,15,26,18.0
20220823KTOB0,2022-08-23,2022,KT,OB,잠실,3059,18:30,22:30,240,11,359,82,7,20,3,11,22.0
20220823LGHH0,2022-08-23,2022,LG,HH,한밭,2107,18:49,22:05,196,9,290,72,5,13,10,20,17.0
20220823LTNC0,2022-08-23,2022,LT,NC,창원,9211,18:31,21:47,196,9,335,89,9,17,12,23,18.0
20220823SSSK0,2022-08-23,2022,SS,SK,문학,8096,18:30,21:43,193,9,310,79,8,18,10,20,17.0
20220824HTWO0,2022-08-24,2022,HT,WO,고척,8175,18:30,22:32,242,9,339,89,12,8,21,24,17.666666666666664
20220824KTOB0,2022-08-24,2022,KT,OB,잠실,2827,18:30,21:44,194,9,275,75,3,17,6,17,18.0
20220824LGHH0,2022-08-24,2022,LG,HH,한밭,2608,18:30,22:18,228,9,342,80,9,11,11,20,18.0
20220824LTNC0,2022-08-24,2022,LT,NC,창원,7479,18:30,21:23,173,9,276,71,5,16,3,14,18.0
20220824SSSK0,2022-08-24,2022,SS,SK,문학,8345,18:30,21:26,176,9,285,70,4,11,6,16,17.0
20220825HTLG0,2022-08-25,2022,HT,LG,잠실,14262,18:30,21:38,188,9,268,68,7,11,1,10,18.0
20220825OBHH0,2022-08-25,2022,OB,HH,한밭,2315,18:29,21:56,207,9,317,73,7,18,4,15,17.0
20220825SKKT0,2022-08-25,2022,SK,KT,수원,5103,18:30,22:01,211,10,328,83,10,20,9,16,19.333333333333336
20220825SSLT0,2022-08-25,2022,SS,LT,사직,6844,18:30,21:42,192,9,296,83,3,12,14,24,18.0
20220825WONC0,2022-08-25,2022,WO,NC,창원,2712,18:30,22:53,263,9,395,91,16,9,19,26,18.0
20220826HTLG0,2022-08-26,2022,HT,LG,잠실,18154,18:30,20:49,139,9,238,60,1,16,4,11,17.0
20220826OBHH0,2022-08-26,2022,OB,HH,한밭,3226,18:30,21:28,178,9,278,65,6,19,3,9,17.0
20220826SKKT0,2022-08-26,2022,SK,KT,수원,6149,18:31,21:44,193,9,315,82,9,17,15,21,17.0
20220826SSLT0,2022-08-26,2022,SS,LT,사직,7483,18:30,21:23,173,9,274,79,12,13,11,15,17.0
20220826WONC0,2022-08-26,2022,WO,NC,창원,4856,18:30,21:39,189,9,297,76,9,12,9,17,18.0
20220827HHSS0,2022-08-27,2022,HH,SS,대구,13729,18:01,21:12,191,9,275,72,7,15,11,16,17.0
20220827KTNC0,2022-08-27,2022,KT,NC,창원,8977,18:00,20:59,179,9,283,70,7,10,11,15,17.0
20220827LTSK0,2022-08-27,2022,LT,SK,문학,21043,18:00,21:03,183,9,300,80,10,14,10,21,17.0
20220827OBHT0,2022-08-27,2022,OB,HT,광주,11053,18:01,21:00,179,9,265,70,4,13,3,14,18.0
20220827WOLG0,2022-08-27,2022,WO,LG,잠실,15250,18:00,20:51,171,9,250,64,3,17,1,10,17.0
20220828HHSS0,2022-08-28,2022,HH,SS,대구,10236,17:01,20:46,225,9,346,77,10,14,9,15,17.666666666666664
20220828KTNC0,2022-08-28,2022,KT,NC,창원,5110,17:00,19:48,168,9,263,66,8,16,5,10,17.0
20220828LTSK0,2022-08-28,2022,LT,SK,문학,20604,17:00,20:09,189,9,306,75,11,17,6,15,18.0
20220828OBHT0,2022-08-28,2022,OB,HT,광주,8188,17:01,20:48,227,9,325,86,8,6,17,31,17.0
20220828WOLG0,2022-08-28,2022,WO,LG,잠실,12917,17:00,19:56,176,9,303,72,7,11,7,17,17.0
20220830LTWO0,2022-08-30,2022,LT,WO,고척,4381,18:30,21:54,204,9,302,80,10,13,11,23,17.0
20220831HTHH0,2022-08-31,2022,HT,HH,한밭,3513,18:30,22:12,222,9,339,78,9,17,7,13,18.0
20220831LTWO0,2022-08-31,2022,LT,WO,고척,6685,18:30,21:51,201,9,297,75,6,12,9,21,17.0
20220831NCLG0,2022-08-31,2022,NC,LG,잠실,8553,18:30,21:48,198,9,294,70,10,12,8,12,17.0
20220831OBKT0,2022-08-31,2022,OB,KT,수원,3798,18:30,21:19,169,9,256,76,5,14,7,20,17.0
20220831SKSS0,2022-08-31,2022,SK,SS,대구,4314,18:30,21:24,174,9,268,69,6,18,3,11,17.666666666666664
20220901HHWO0,2022-09-01,2022,HH,WO,고척,2799,18:30,21:27,177,9,313,80,9,19,8,19,17.0
20220901LGKT0,2022-09-01,2022,LG,KT,수원,6888,18:31,21:29,178,9,273,70,5,26,4,12,18.0
20220901LTOB0,2022-09-01,2022,LT,OB,잠실,6219,18:29,21:15,166,9,271,65,3,23,3,10,17.666666666666664
20220901NCSK0,2022-09-01,2022,NC,SK,문학,7804,18:30,21:22,172,9,280,69,5,17,5,11,18.0
20220901SSHT0,2022-09-01,2022,SS,HT,광주,5234,18:33,21:53,200,9,334,79,11,11,5,12,18.0
20220902HHWO0,2022-09-02,2022,HH,WO,고척,3156,18:30,21:43,193,9,305,71,8,19,4,13,17.0
20220902LGKT0,2022-09-02,2022,LG,KT,수원,10128,18:30,21:35,185,9,284,68,4,21,3,12,18.0
20220902LTOB0,2022-09-02,2022,LT,OB,잠실,8100,18:30,22:23,233,9,371,90,17,17,20,25,18.0
20220902NCSK0,2022-09-02,2022,NC,SK,문학,12392,18:30,21:15,165,9,259,68,3,14,8,17,17.0
20220902SSHT0,2022-09-02,2022,SS,HT,광주,6274,18:30,21:42,192,9,306,80,10,13,11,20,17.0
20220903KTHT0,2022-09-03,2022,KT,HT,광주,10639,17:00,20:17,197,9,296,76,6,20,6,19,18.0
20220903NCHH0,2022-09-03,2022,NC,HH,한밭,5547,17:00,20:16,196,9,296,73,11,11,10,12,17.0
20220903SSOB0,2022-09-03,2022,SS,OB,잠실,13113,16:59,20:12,193,9,299,74,6,11,5,17,18.0
20220903WOSK0,2022-09-03,2022,WO,SK,문학,20347,17:00,19:54,174,9,261,69,5,9,3,11,18.0
20220904KTHT0,2022-09-04,2022,KT,HT,광주,7056,14:01,17:06,185,9,290,76,5,11,8,18,18.0
20220904LGLT0,2022-09-04,2022,LG,LT,사직,6286,14:00,17:05,185,9,301,79,5,6,15,21,18.0
20220904NCHH0,2022-09-04,2022,NC,HH,한밭,3743,14:00,17:09,189,9,281,75,11,9,11,12,17.0
20220906HHKT0,2022-09-06,2022,HH,KT,수원,3459,18:31,21:40,189,9,291,82,8,10,13,22,17.666666666666664
20220906HTLT0,2022-09-06,2022,HT,LT,울산,5060,18:31,21:46,195,9,288,73,7,13,9,17,17.0
20220906OBNC0,2022-09-06,2022,OB,NC,창원,4331,18:31,21:14,163,9,259,66,2,13,7,13,17.0
20220906SKLG0,2022-09-06,2022,SK,LG,잠실,12917,18:30,21:45,195,9,312,76,8,14,14,18,18.0
20220906WOSS0,2022-09-06,2022,WO,SS,대구,3890,18:30,21:38,188,9,314,80,9,8,15,22,17.0
20220907HHKT0,2022-09-07,2022,HH,KT,수원,4364,18:30,21:03,153,9,256,67,3,18,6,13,17.0
20220907HTLT0,2022-09-07,2022,HT,LT,울산,7380,18:30,21:56,206,9,345,85,10,16,18,24,18.0
20220907OBNC0,2022-09-07,2022,OB,NC,창원,8070,18:30,22:06,216,9,345,92,13,17,21,28,17.0
20220907SKLG0,2022-09-07,2022,SK,LG,잠실,15185,18:30,22:40,250,12,348,90,6,22,4,15,24.0
20220907WOSS0,2022-09-07,2022,WO,SS,대구,5093,18:29,21:17,168,9,267,72,11,17,3,11,17.666666666666664
20220908HHOB0,2022-09-08,2022,HH,OB,잠실,4757,18:31,22:07,216,9,309,83,12,11,9,17,18.0
20220908HTSK0,2022-09-08,2022,HT,SK,문학,16148,18:30,21:58,208,9,315,80,8,13,13,20,18.0
20220908LGWO0,2022-09-08,2022,LG,WO,고척,6505,18:30,21:20,170,9,246,70,7,8,5,13,17.0
20220908LTSS0,2022-09-08,2022,LT,SS,대구,13125,18:30,21:37,187,9,267,71,3,17,3,16,18.0
20220908NCKT0,2022-09-08,2022,NC,KT,수원,3651,18:30,21:37,187,9,309,80,9,16,11,20,18.0
20220909HHOB0,2022-09-09,2022,HH,OB,잠실,5691,14:00,17:14,194,9,304,78,10,16,11,17,17.0
20220909HTSK0,2022-09-09,2022,HT,SK,문학,20951,13:59,17:45,226,9,381,96,14,13,25,27,18.0
20220909LGWO0,2022-09-09,2022,LG,WO,고척,10074,14:00,17:34,214,9,302,78,5,16,9,18,18.0
20220909LTSS0,2022-09-09,2022,LT,SS,대구,12634,14:00,17:04,184,9,256,69,4,12,4,17,17.0
20220909NCKT0,2022-09-09,2022,NC,KT,수원,5966,14:01,16:50,169,9,301,82,6,9,18,24,18.0
20220910HTOB0,2022-09-10,2022,HT,OB,잠실,13433,13:59,16:36,157,9,238,68,4,11,3,14,18.0
20220910KTWO0,2022-09-10,2022,KT,WO,고척,4017,17:00,20:13,193,9,291,73,9,14,3,13,18.0
20220910LGSS0,2022-09-10,2022,LG,SS,대구,11995,16:59,20:18,199,9,325,85,7,8,11,27,18.0
20220910NCLT0,2022-09-10,2022,NC,LT,사직,11091,17:00,20:08,188,9,271,77,5,15,9,23,18.0
20220910SKHH0,2022-09-10,2022,SK,HH,한밭,5236,17:00,20:03,183,9,305,72,9,20,5,15,17.0
20220911HTOB0,2022-09-11,2022,HT,OB,잠실,20681,14:01,17:24,203,9,306,78,6,10,9,23,17.0
20220911KTWO0,2022-09-11,2022,KT,WO,고척,5009,14:00,16:50,170,9,265,71,4,14,5,19,17.0
20220911LGSS0,2022-09-11,2022,LG,SS,대구,15446,14:00,16:49,169,9,259,68,5,13,4,15,17.0
20220911NCLT0,2022-09-11,2022,NC,LT,사직,12343,14:00,17:48,228,9,333,92,8,15,17,30,18.0
20220911SKHH0,2022-09-11,2022,SK,HH,한밭,7863,14:00,16:52,172,9,292,81,11,12,13,20,18.0
20220913KTHH0,2022-09-13,2022,KT,HH,한밭,2723,18:30,21:21,171,9,279,72,4,17,7,13,18.0
20220913LGOB0,2022-09-13,2022,LG,OB,잠실,6803,18:30,21:35,185,9,270,73,4,13,5,16,18.0
20220913SKLT0,2022-09-13,2022,SK,LT,사직,4570,18:30,21:49,199,9,329,87,8,9,17,24,17.333333333333336
20220913SSNC0,2022-09-13,2022,SS,NC,창원,3780,18:30,21:02,152,9,272,70,5,15,4,12,18.0
20220913WOHT0,2022-09-13,2022,WO,HT,광주,3507,18:34,21:43,189,9,318,73,12,21,5,11,18.0
20220914KTHH0,2022-09-14,2022,KT,HH,한밭,2777,18:30,21:37,187,9,277,69,7,17,5,11,17.0
20220914LGOB0,2022-09-14,2022,LG,OB,잠실,7098,18:30,21:46,196,9,296,71,5,16,5,18,17.0
20220914SKLT0,2022-09-14,2022,SK,LT,사직,4179,18:31,21:26,175,9,273,73,4,15,4,15,18.0
20220914SSNC0,2022-09-14,2022,SS,NC,창원,4084,18:30,21:06,156,9,283,69,2,16,9,16,17.0
20220914WOHT0,2022-09-14,2022,WO,HT,광주,5175,18:31,20:42,131,9,228,63,2,12,2,9,18.0
20220915HHHT0,2022-09-15,2022,HH,HT,광주,5158,18:30,22:19,229,10,339,85,13,12,3,13,20.0
20220915KTLG0,2022-09-15,2022,KT,LG,잠실,9614,18:30,21:31,181,9,280,66,6,12,2,11,17.0
20220915OBSS0,2022-09-15,2022,OB,SS,대구,5374,18:30,22:07,217,9,348,89,11,8,16,27,17.0
20220915SKNC0,2022-09-15,2022,SK,NC,창원,3851,18:30,21:20,170,9,274,72,7,15,6,14,17.0
20220915WOLT0,2022-09-15,2022,WO,LT,사직,5133,18:30,21:31,181,9,261,75,3,11,6,21,17.0
20220916HHHT0,2022-09-16,2022,HH,HT,광주,8642,18:30,23:22,292,12,416,109,12,24,13,26,24.0
20220916OBSS0,2022-09-16,2022,OB,SS,대구,6576,18:30,22:28,238,9,327,93,8,14,24,32,18.0
20220916SKNC0,2022-09-16,2022,SK,NC,창원,5680,18:30,21:29,179,9,281,77,11,11,10,14,18.0
20220916WOLT0,2022-09-16,2022,WO,LT,사직,8567,18:30,22:38,248,9,390,101,11,14,22,35,18.0
20220917HHLG0,2022-09-17,2022,HH,LG,잠실,20104,17:00,20:02,182,9,292,72,11,14,5,11,17.0
20220917HTSS0,2022-09-17,2022,HT,SS,대구,15130,17:00,19:58,178,9,276,78,4,10,11,25,17.0
20220917LTKT0,2022-09-17,2022,LT,KT,수원,14944,17:00,20:13,193,9,285,73,3,23,2,16,18.0
20220917NCWO0,2022-09-17,2022,NC,WO,고척,5827,17:00,20:21,201,9,290,81,9,16,13,22,17.0
20220917OBSK0,2022-09-17,2022,OB,SK,문학,20871,17:00,19:47,167,9,251,70,4,12,5,15,18.0
20220918HHLG0,2022-09-18,2022,HH,LG,잠실,16798,14:00,17:30,210,9,303,77,6,15,6,18,18.0
20220918HTSS0,2022-09-18,2022,HT,SS,대구,12340,14:00,17:16,196,9,294,78,7,11,15,23,17.0
20220918LTKT0,2022-09-18,2022,LT,KT,수원,16612,14:00,17:18,198,9,295,79,7,9,9,23,17.0
20220918NCWO0,2022-09-18,2022,NC,WO,고척,4128,14:00,16:53,173,9,289,72,11,14,6,10,18.0
20220918OBSK0,2022-09-18,2022,OB,SK,문학,17684,13:59,18:14,255,9,327,95,10,9,27,37,17.333333333333336
20220920KTSK0,2022-09-20,2022,KT,SK,문학,10066,18:30,21:13,163,9,263,70,8,16,6,11,17.0
20220920LGHT0,2022-09-20,2022,LG,HT,광주,5992,18:30,21:49,199,9,315,82,8,16,12,21,18.0
20220920LTHH0,2022-09-20,2022,LT,HH,한밭,5515,18:30,22:11,221,9,322,79,7,18,14,21,18.0
20220920NCOB0,2022-09-20,2022,NC,OB,잠실,7386,18:30,22:02,212,9,332,78,10,18,10,18,17.0
20220920SSWO0,2022-09-20,2022,SS,WO,고척,4851,18:30,21:47,197,9,347,84,10,17,12,18,18.0
20220921KTSK0,2022-09-21,2022,KT,SK,문학,10359,18:30,21:55,205,9,297,76,8,12,7,14,18.0
20220921LGHT0,2022-09-21,2022,LG,HT,광주,6633,18:30,21:28,178,9,311,82,10,13,13,20,18.0
20220921LTHH0,2022-09-21,2022,LT,HH,한밭,4291,18:30,21:30,180,9,292,76,7,19,9,17,18.0
20220921NCOB0,2022-09-21,2022,NC,OB,잠실,4683,18:30,21:53,203,9,305,76,7,16,6,18,18.0
20220921SSWO0,2022-09-21,2022,SS,WO,고척,5407,18:30,21:57,207,9,327,81,6,14,9,24,17.0
20220922HHSK0,2022-09-22,2022,HH,SK,문학,11471,18:29,21:25,176,9,283,72,6,15,11,13,17.0
20220922HTNC0,2022-09-22,2022,HT,NC,창원,7340,18:31,21:25,174,9,260,73,5,15,4,18,18.0
20220922KTSS0,2022-09-22,2022,KT,SS,대구,6006,18:31,22:23,232,11,363,99,8,16,16,28,22.0
20220922LTLG0,2022-09-22,2022,LT,LG,잠실,18034,18:30,21:22,172,9,278,75,4,17,8,17,18.0
20220922OBWO0,2022-09-22,2022,OB,WO,고척,3063,18:30,22:12,222,9,325,77,6,14,7,20,18.0
20220923HHSK0,2022-09-23,2022,HH,SK,문학,16353,18:29,21:56,207,9,324,76,14,13,9,12,17.0
20220923HTNC0,2022-09-23,2022,HT,NC,창원,9871,18:30,22:02,212,9,312,80,13,13,7,17,17.0
20220923KTSS0,2022-09-23,2022,KT,SS,대구,8056,18:30,21:29,179,9,260,74,6,18,8,17,17.333333333333336
20220923LTLG0,2022-09-23,2022,LT,LG,잠실,19377,18:30,21:37,187,9,276,69,7,16,1,15,17.0
20220923OBWO0,2022-09-23,2022,OB,WO,고척,4040,18:30,21:46,196,9,296,75,5,16,6,18,17.0
20220924HHLG0,2022-09-24,2022,HH,LG,잠실,16775,17:00,20:32,212,9,319,72,10,12,2,10,18.0
20220924HTNC0,2022-09-24,2022,HT,NC,창원,12938,17:00,20:16,196,9,309,74,12,18,3,12,18.0
20220924LTWO0,2022-09-24,2022,LT,WO,고척,9442,17:00,20:21,201,9,309,84,9,16,14,27,17.0
20220924OBSK0,2022-09-24,2022,OB,SK,문학,19253,16:59,20:10,191,9,310,86,9,10,19,25,17.0
20220925HHOB0,2022-09-25,2022,HH,OB,잠실,9590,14:00,17:07,187,9,278,74,5,17,8,21,17.0
20220925HTSS0,2022-09-25,2022,HT,SS,대구,17730,14:00,17:04,184,9,305,78,7,11,7,21,18.0
20220925KTNC0,2022-09-25,2022,KT,NC,창원,5148,13:59,17:00,181,9,322,75,9,10,10,11,18.0
20220925LGSK0,2022-09-25,2022,LG,SK,문학,23000,14:00,17:46,226,10,310,83,14,16,8,11,20.0
20220927LGHH0,2022-09-27,2022,LG,HH,한밭,3110,18:30,22:16,226,9,309,76,16,16,1,10,18.0
20220927OBKT0,2022-09-27,2022,OB,KT,수원,4196,18:30,21:29,179,9,281,75,4,18,9,18,17.333333333333336
20220927WONC0,2022-09-27,2022,WO,NC,창원,2571,18:29,22:17,228,10,351,88,10,14,11,22,19.333333333333336
20220928LGHH0,2022-09-28,2022,LG,HH,한밭,2845,18:30,22:04,214,9,316,76,11,14,5,17,18.0
20220928OBKT0,2022-09-28,2022,OB,KT,수원,5220,18:30,21:22,172,9,260,73,8,15,8,16,17.0
20220928SSNC0,2022-09-28,2022,SS,NC,창원,5164,18:28,21:13,165,9,243,69,1,9,7,18,17.0
20220929KTLG0,2022-09-29,2022,KT,LG,잠실,10859,18:30,21:54,204,9,312,79,10,23,8,18,18.0
20220929LTHT0,2022-09-29,2022,LT,HT,광주,6294,18:30,21:47,197,9,307,76,8,22,9,16,17.0
20220929NCSS0,2022-09-29,2022,NC,SS,대구,7703,18:31,20:51,140,9,217,62,0,8,3,14,17.0
20220929OBHH0,2022-09-29,2022,OB,HH,한밭,2018,18:30,22:05,215,9,321,77,5,17,11,19,18.0
20220929WOSK0,2022-09-29,2022,WO,SK,문학,13358,18:30,22:58,268,9,402,94,12,12,23,31,18.0
20220930LTHH0,2022-09-30,2022,LT,HH,한밭,4025,18:30,22:45,255,9,330,87,9,17,11,23,18.0
20220930NCLG0,2022-09-30,2022,NC,LG,잠실,11076,18:31,21:21,170,9,272,72,10,16,3,13,17.0
20220930OBSS0,2022-09-30,2022,OB,SS,대구,9081,18:30,21:57,207,9,351,90,9,16,14,28,17.0
20220930WOSK0,2022-09-30,2022,WO,SK,문학,20422,18:29,22:57,268,11,361,97,12,17,10,18,21.333333333333336
20221001NCLG0,2022-10-01,2022,NC,LG,잠실,17282,17:00,20:38,218,9,303,76,13,11,3,15,18.0
20221001OBSS0,2022-10-01,2022,OB,SS,대구,15964,17:01,19:43,162,9,245,70,5,10,7,17,17.666666666666664
20221001SKHT0,2022-10-01,2022,SK,HT,광주,13341,17:00,20:22,202,9,300,75,4,11,5,18,18.0
20221002HTHH0,2022-10-02,2022,HT,HH,한밭,11336,14:00,17:13,193,9,317,86,14,11,11,17,18.0
20221002NCLG0,2022-10-02,2022,NC,LG,잠실,15711,14:00,17:08,188,9,278,72,10,13,2,10,18.0
20221002OBLT0,2022-10-02,2022,OB,LT,사직,14088,14:00,17:13,193,9,279,72,6,14,4,15,17.0
20221003OBLT0,2022-10-03,2022,OB,LT,사직,11162,14:00,17:47,227,9,322,84,11,14,12,18,18.0
20221003SKHH0,2022-10-03,2022,SK,HH,한밭,7023,13:59,17:31,212,9,333,80,9,17,11,22,17.0
20221004HTLG0,2022-10-04,2022,HT,LG,잠실,13385,18:30,21:37,187,9,304,77,10,9,11,17,18.0
20221004SSKT0,2022-10-04,2022,SS,KT,수원,5451,18:30,21:02,152,9,260,70,3,16,10,19,17.0
20221005LGHT0,2022-10-05,2022,LG,HT,광주,5487,18:30,21:19,169,9,293,78,3,14,12,24,18.0
20221005LTNC0,2022-10-05,2022,LT,NC,창원,11326,18:32,21:39,187,9,299,73,3,21,10,21,17.0
20221005SKOB0,2022-10-05,2022,SK,OB,잠실,9474,18:31,21:16,165,9,274,69,5,12,7,13,17.0
20221005SSKT0,2022-10-05,2022,SS,KT,수원,7226,18:30,21:26,176,9,289,76,0,17,11,25,18.0
20221006LGHT0,2022-10-06,2022,LG,HT,광주,5209,18:31,21:40,189,9,308,79,8,10,7,21,17.0
20221006SKNC0,2022-10-06,2022,SK,NC,창원,6064,18:30,21:07,157,9,266,67,2,18,7,14,17.0
20221006SSOB0,2022-10-06,2022,SS,OB,잠실,7350,18:31,21:18,167,9,253,76,3,11,9,22,17.0
20221006WOHH0,2022-10-06,2022,WO,HH,한밭,9802,18:30,22:43,253,11,380,99,13,17,5,20,21.666666666666664
20221007KTHT0,2022-10-07,2022,KT,HT,광주,15175,18:30,21:21,171,9,289,73,3,17,12,19,17.0
20221007LGNC0,2022-10-07,2022,LG,NC,창원,6257,18:29,21:53,204,9,331,82,12,18,9,19,18.0
20221007SSOB0,2022-10-07,2022,SS,OB,잠실,11681,18:31,22:01,210,9,308,79,7,15,10,20,18.0
20221008HHNC0,2022-10-08,2022,HH,NC,창원,12462,17:00,21:47,287,12,400,100,11,22,11,21,23.333333333333336
20221008KTHT0,2022-10-08,2022,KT,HT,광주,17231,17:00,20:03,183,9,339,79,9,17,9,17,18.0
20221008LGLT0,2022-10-08,2022,LG,LT,사직,22990,17:00,19:58,178,9,269,77,10,13,5,18,17.0
20221008SKSS0,2022-10-08,2022,SK,SS,대구,24000,17:00,19:14,134,9,242,65,4,11,7,13,17.0
20221008WOOB0,2022-10-08,2022,WO,OB,잠실,23511,17:01,19:54,173,9,267,69,4,11,6,15,18.0
20221010NCKT0,2022-10-10,2022,NC,KT,수원,10535,13:59,16:33,154,9,250,71,3,20,7,17,17.0
20221011KTLG0,2022-10-11,2022,KT,LG,잠실,10092,18:30,21:57,207,9,310,79,10,15,11,19,17.666666666666664
20230401HHWO0,2023-04-01,2023,HH,WO,고척,16000,14:01,17:56,235,10,356,84,5,21,5,19,19.666666666666664
20230401HTSK0,2023-04-01,2023,HT,SK,문학,23000,14:01,17:24,203,9,300,74,11,10,5,13,17.0
20230401LGKT0,2023-04-01,2023,LG,KT,수원,18700,14:00,17:12,192,9,308,79,6,9,17,21,17.0
20230401LTOB0,2023-04-01,2023,LT,OB,잠실,23750,14:02,18:45,283,11,419,107,17,11,22,26,21.0
20230401NCSS0,2023-04-01,2023,NC,SS,대구,24000,14:03,17:19,196,9,320,80,6,16,8,20,18.0
20230402HHWO0,2023-04-02,2023,HH,WO,고척,11562,14:00,17:36,216,9,314,82,5,15,13,25,17.0
20230402HTSK0,2023-04-02,2023,HT,SK,문학,23000,14:01,17:27,206,9,335,83,14,13,14,19,18.0
20230402LGKT0,2023-04-02,2023,LG,KT,수원,14700,14:00,18:47,287,11,428,106,12,18,19,31,22.0
20230402LTOB0,2023-04-02,2023,LT,OB,잠실,23750,14:00,17:00,180,9,257,68,5,8,2,11,18.0
20230402NCSS0,2023-04-02,2023,NC,SS,대구,18483,13:59,17:30,211,9,298,75,6,17,14,23,17.0
20230404HHSS0,2023-04-04,2023,HH,SS,대구,5936,18:30,21:40,190,9,311,77,9,12,13,18,17.0
20230404LGWO0,2023-04-04,2023,LG,WO,고척,4510,18:30,21:33,183,9,297,79,10,14,8,15,18.0
20230404LTSK0,2023-04-04,2023,LT,SK,문학,5809,18:30,21:45,163,7,230,59,9,14,4,10,13.333333333333332
20230404NCOB0,2023-04-04,2023,NC,OB,잠실,3924,18:30,21:13,163,9,257,63,10,18,1,7,17.0
20230405LGWO0,2023-04-05,2023,LG,WO,고척,4194,18:30,21:40,190,9,278,69,6,8,3,13,17.0
20230405NCOB0,2023-04-05,2023,NC,OB,잠실,2172,18:30,21:57,207,9,340,88,12,12,12,22,18.0
20230406HHSS0,2023-04-06,2023,HH,SS,대구,6525,18:30,21:15,165,9,296,74,8,19,9,13,18.0
20230406LGWO0,2023-04-06,2023,LG,WO,고척,4556,18:31,21:45,194,9,303,74,12,12,5,13,18.0
20230406NCOB0,2023-04-06,2023,NC,OB,잠실,3724,18:30,22:05,215,9,333,79,9,20,8,19,17.0
20230407KTLT0,2023-04-07,2023,KT,LT,사직,14734,18:30,21:35,185,9,286,77,3,15,8,19,18.0
20230407OBHT0,2023-04-07,2023,OB,HT,광주,12821,18:30,21:38,188,9,288,71,5,15,5,14,18.0
20230407SKHH0,2023-04-07,2023,SK,HH,한밭,10415,18:29,22:31,242,10,357,87,15,14,10,17,20.0
20230407SSLG0,2023-04-07,2023,SS,LG,잠실,17201,18:30,21:11,161,9,260,70,7,6,9,15,17.0
20230407WONC0,2023-04-07,2023,WO,NC,창원,6867,18:30,20:49,139,9,232,59,2,24,2,8,17.0
20230408KTLT0,2023-04-08,2023,KT,LT,사직,16555,16:59,20:05,186,9,306,79,6,18,10,18,18.0
20230408OBHT0,2023-04-08,2023,OB,HT,광주,16432,17:01,21:01,240,9,323,85,12,13,13,23,17.333333333333336
20230408SKHH0,2023-04-08,2023,SK,HH,한밭,11232,17:00,20:57,237,10,370,96,16,16,12,21,20.0
20230408SSLG0,2023-04-08,2023,SS,LG,잠실,22141,17:00,19:52,172,9,271,70,9,7,3,10,17.666666666666664
20230408WONC0,2023-04-08,2023,WO,NC,창원,9763,17:00,20:41,221,9,345,88,8,16,16,29,17.0
20230409KTLT0,2023-04-09,2023,KT,LT,사직,12283,13:59,16:47,168,9,251,75,8,15,8,19,17.0
20230409OBHT0,2023-04-09,2023,OB,HT,광주,14070,14:00,17:15,195,9,301,78,12,18,5,13,18.0
20230409SKHH0,2023-04-09,2023,SK,HH,한밭,9455,14:00,17:07,187,9,294,70,7,13,3,8,18.0
20230409SSLG0,2023-04-09,2023,SS,LG,잠실,20439,14:01,17:25,204,10,291,81,7,9,5,19,19.666666666666664
20230409WONC0,2023-04-09,2023,WO,NC,창원,7686,13:59,16:53,174,9,272,75,9,18,7,15,17.0
20230411HHHT0,2023-04-11,2023,HH,HT,광주,3623,18:29,22:15,226,10,290,84,7,18,9,19,20.0
20230411KTNC0,2023-04-11,2023,KT,NC,창원,2069,18:29,20:56,147,9,237,62,2,15,1,12,17.0
20230411LGLT0,2023-04-11,2023,LG,LT,사직,5286,18:30,22:14,224,9,332,81,13,16,11,20,17.0
20230411SKSS0,2023-04-11,2023,SK,SS,대구,3907,18:30,21:39,189,9,283,76,6,18,9,19,18.0
20230411WOOB0,2023-04-11,2023,WO,OB,잠실,4372,18:30,21:46,196,9,293,76,4,12,10,22,17.0
20230412HHHT0,2023-04-12,2023,HH,HT,광주,5252,18:29,21:14,165,9,258,65,7,20,2,8,17.0
20230412KTNC0,2023-04-12,2023,KT,NC,창원,2448,18:30,21:12,162,9,252,69,5,17,6,16,17.0
20230412LGLT0,2023-04-12,2023,LG,LT,사직,6519,18:29,22:32,243,9,359,86,9,10,20,26,18.0
20230412SKSS0,2023-04-12,2023,SK,SS,대구,5405,18:30,21:02,152,9,238,71,5,8,3,14,18.0
20230413HHHT0,2023-04-13,2023,HH,HT,광주,5457,18:30,21:59,209,9,338,83,11,18,6,18,18.0
20230413KTNC0,2023-04-13,2023,KT,NC,창원,3174,18:30,22:00,210,9,320,84,7,22,13,22,18.0
20230413LGLT0,2023-04-13,2023,LG,LT,사직,6505,18:30,21:54,204,9,318,83,13,15,15,21,17.0
20230413SKSS0,2023-04-13,2023,SK,SS,대구,4648,18:30,22:08,218,9,341,89,12,15,20,28,17.0
20230413WOOB0,2023-04-13,2023,WO,OB,잠실,6917,18:31,22:06,215,9,344,83,11,16,11,20,18.0
20230414HHKT0,2023-04-14,2023,HH,KT,수원,7145,18:29,23:25,296,12,442,108,12,22,14,27,24.0
20230414HTWO0,2023-04-14,2023,HT,WO,고척,8043,18:31,21:22,171,9,279,80,8,15,11,22,17.0
20230414LTSS0,2023-04-14,2023,LT,SS,대구,9124,18:31,21:58,207,9,344,85,14,13,16,20,17.0
20230414NCSK0,2023-04-14,2023,NC,SK,문학,8218,18:30,21:32,182,9,267,64,5,16,3,9,17.0
20230414OBLG0,2023-04-14,2023,OB,LG,잠실,16528,18:30,22:01,211,9,347,84,10,18,17,23,17.0
20230415HHKT0,2023-04-15,2023,HH,KT,수원,13212,17:00,20:26,206,9,325,79,10,11,9,18,18.0
20230415HTWO0,2023-04-15,2023,HT,WO,고척,13752,17:00,19:56,176,9,287,73,8,13,7,14,17.0
20230415LTSS0,2023-04-15,2023,LT,SS,대구,18231,17:11,21:05,234,9,344,87,11,14,14,25,18.0
20230415NCSK0,2023-04-15,2023,NC,SK,문학,13956,17:00,20:11,191,10,288,71,8,23,1,4,20.0
20230415OBLG0,2023-04-15,2023,OB,LG,잠실,21243,17:00,19:32,152,9,243,64,6,9,4,9,17.0
20230416HHKT0,2023-04-16,2023,HH,KT,수원,13010,14:00,17:12,192,9,335,82,7,13,16,25,17.0
20230416HTWO0,2023-04-16,2023,HT,WO,고척,11265,14:00,16:48,168,10,253,74,7,16,2,11,19.333333333333336
20230416LTSS0,2023-04-16,2023,LT,SS,대구,16076,14:01,16:44,163,9,263,75,7,8,10,20,17.0
20230416NCSK0,2023-04-16,2023,NC,SK,문학,13460,14:00,18:10,250,9,378,90,18,18,15,19,18.0
20230416OBLG0,2023-04-16,2023,OB,LG,잠실,20090,14:00,17:24,204,9,308,82,13,7,15,19,18.0
20230418HTLT0,2023-04-18,2023,HT,LT,사직,3829,18:30,22:16,226,9,338,82,11,19,12,20,17.0
20230418NCLG0,2023-04-18,2023,NC,LG,잠실,6574,18:30,22:17,227,10,344,84,11,21,10,15,20.0
20230418OBHH0,2023-04-18,2023,OB,HH,한밭,4012,18:30,21:28,178,9,292,69,9,19,2,6,18.0
20230418SKKT0,2023-04-18,2023,SK,KT,수원,3398,18:31,21:15,164,9,270,74,9,14,6,18,17.0
20230418SSWO0,2023-04-18,2023,SS,WO,고척,3104,18:30,21:22,172,9,283,73,5,13,10,14,18.0
20230419HTLT0,2023-04-19,2023,HT,LT,사직,4869,18:30,21:43,193,9,302,79,7,18,6,19,18.0
20230419NCLG0,2023-04-19,2023,NC,LG,잠실,7090,18:29,21:36,187,9,292,77,9,9,12,23,17.0
20230419OBHH0,2023-04-19,2023,OB,HH,한밭,4212,18:30,22:04,214,9,306,74,8,10,13,17,17.0
20230419SKKT0,2023-04-19,2023,SK,KT,수원,3405,18:29,21:06,157,9,284,71,4,11,7,18,17.0
20230419SSWO0,2023-04-19,2023,SS,WO,고척,3869,18:30,22:50,260,12,413,106,13,27,14,22,24.0
20230420HTLT0,2023-04-20,2023,HT,LT,사직,6423,18:30,21:32,182,9,277,75,12,13,8,13,17.0
20230420NCLG0,2023-04-20,2023,NC,LG,잠실,9090,18:30,22:17,227,9,339,84,9,17,13,26,17.0
20230420OBHH0,2023-04-20,2023,OB,HH,한밭,4122,18:30,21:27,177,9,273,76,6,18,6,16,18.0
20230420SKKT0,2023-04-20,2023,SK,KT,수원,4472,18:29,21:45,196,9,308,85,13,10,13,19,18.0
20230420SSWO0,2023-04-20,2023,SS,WO,고척,3918,18:30,21:12,162,9,265,76,4,16,7,21,17.0
20230421KTOB0,2023-04-21,2023,KT,OB,잠실,6896,18:30,21:50,200,9,327,84,12,10,16,19,17.0
20230421LGHH0,2023-04-21,2023,LG,HH,한밭,6004,18:30,21:58,208,9,336,76,9,9,6,16,18.0
20230421LTNC0,2023-04-21,2023,LT,NC,창원,12613,18:28,22:12,224,10,329,79,9,21,5,12,20.0
20230421SSHT0,2023-04-21,2023,SS,HT,광주,6870,18:30,21:50,200,9,327,80,13,13,9,19,17.0
20230421WOSK0,2023-04-21,2023,WO,SK,문학,12374,18:29,21:16,167,9,272,68,5,16,4,13,17.0
20230422KTOB0,2023-04-22,2023,KT,OB,잠실,13410,17:00,19:46,166,9,249,71,1,11,6,21,17.0
20230422LGHH0,2023-04-22,2023,LG,HH,한밭,11152,17:00,19:54,174,9,259,71,9,9,3,11,18.0
20230422LTNC0,2023-04-22,2023,LT,NC,창원,15130,16:59,20:43,224,9,354,87,10,20,16,20,18.0
20230422SSHT0,2023-04-22,2023,SS,HT,광주,12990,16:59,19:56,177,9,302,71,8,16,8,14,17.0
20230422WOSK0,2023-04-22,2023,WO,SK,문학,16535,17:00,19:33,153,9,249,69,2,13,5,17,17.0
20230423KTOB0,2023-04-23,2023,KT,OB,잠실,10151,14:00,17:31,211,12,335,91,5,14,2,17,24.0
20230423LGHH0,2023-04-23,2023,LG,HH,한밭,9023,14:00,17:36,216,9,317,81,12,15,13,18,17.0
20230423LTNC0,2023-04-23,2023,LT,NC,창원,13286,14:00,17:18,198,9,304,77,9,13,8,16,18.0
20230423SSHT0,2023-04-23,2023,SS,HT,광주,10026,14:00,17:07,187,9,287,74,5,14,8,18,17.0
20230423WOSK0,2023-04-23,2023,WO,SK,문학,15878,14:00,17:33,213,9,333,90,14,7,16,24,17.0
20230425KTWO0,2023-04-25,2023,KT,WO,고척,2956,18:30,21:12,162,9,263,66,5,19,1,8,17.0
20230425NCHT0,2023-04-25,2023,NC,HT,광주,2216,18:30,21:49,199,9,336,74,10,20,6,13,18.0
20230425SKLG0,2023-04-25,2023,SK,LG,잠실,7344,18:29,22:08,219,9,324,80,9,12,9,26,17.333333333333336
20230426HHLT0,2023-04-26,2023,HH,LT,사직,7905,18:29,22:00,211,9,312,79,8,17,9,20,17.0
20230426KTWO0,2023-04-26,2023,KT,WO,고척,2489,18:30,21:35,185,9,316,82,12,9,15,22,17.0
20230426NCHT0,2023-04-26,2023,NC,HT,광주,4798,18:29,21:01,152,9,251,72,8,11,6,15,17.0
20230426OBSS0,2023-04-26,2023,OB,SS,대구,9213,18:29,21:28,179,9,296,68,7,17,1,10,17.0
20230426SKLG0,2023-04-26,2023,SK,LG,잠실,10419,18:30,21:42,192,9,285,77,7,12,8,16,18.0
20230427HHLT0,2023-04-27,2023,HH,LT,사직,10393,18:30,21:14,164,9,256,67,6,13,3,10,17.0
20230427KTWO0,2023-04-27,2023,KT,WO,고척,3024,18:30,21:48,198,9,317,79,9,16,4,18,17.0
20230427NCHT0,2023-04-27,2023,NC,HT,광주,6017,18:30,21:08,158,9,237,66,5,12,5,11,17.0
20230427OBSS0,2023-04-27,2023,OB,SS,대구,8473,18:29,21:09,160,9,264,74,6,12,13,17,17.0
20230427SKLG0,2023-04-27,2023,SK,LG,잠실,13061,18:30,21:44,194,9,311,78,11,12,9,18,17.0
20230428HTLG0,2023-04-28,2023,HT,LG,잠실,22695,18:30,22:44,254,11,362,90,8,21,7,21,22.0
20230428NCHH0,2023-04-28,2023,NC,HH,한밭,7242,18:30,22:01,211,9,325,76,9,19,10,18,18.0
20230428OBSK0,2023-04-28,2023,OB,SK,문학,14909,18:30,21:35,185,9,304,73,9,17,5,11,17.0
20230428SSKT0,2023-04-28,2023,SS,KT,수원,7314,18:31,22:31,240,10,392,98,11,14,19,28,20.0
20230428WOLT0,2023-04-28,2023,WO,LT,사직,14343,18:30,22:04,214,9,304,77,8,12,7,22,17.0
20230429HTLG0,2023-04-29,2023,HT,LG,잠실,23750,17:01,21:00,239,9,361,83,12,18,9,20,18.0
20230429NCHH0,2023-04-29,2023,NC,HH,한밭,7813,17:00,20:37,217,9,319,74,11,16,5,14,18.0
20230429OBSK0,2023-04-29,2023,OB,SK,문학,20180,16:59,20:39,220,9,373,87,15,16,14,18,17.0
20230429SSKT0,2023-04-29,2023,SS,KT,수원,12039,17:00,20:10,190,9,278,79,5,9,5,21,18.0
20230430HTLG0,2023-04-30,2023,HT,LG,잠실,23750,14:00,18:12,252,9,364,93,15,16,20,25,18.0
20230430NCHH0,2023-04-30,2023,NC,HH,한밭,10442,14:00,16:45,165,9,265,68,7,22,5,10,18.0
20230430OBSK0,2023-04-30,2023,OB,SK,문학,21026,13:59,16:41,162,9,283,68,5,18,2,10,18.0
20230430SSKT0,2023-04-30,2023,SS,KT,수원,14582,13:59,17:42,223,10,351,80,9,19,1,12,20.0
20230430WOLT0,2023-04-30,2023,WO,LT,사직,22990,14:01,17:00,179,9,283,75,4,9,8,20,17.0
20230502HHOB0,2023-05-02,2023,HH,OB,잠실,9834,18:31,21:36,185,9,270,70,9,14,3,12,17.0
20230502KTSK0,2023-05-02,2023,KT,SK,문학,6950,18:30,21:20,170,9,300,82,2,17,15,26,18.0
20230502LGNC0,2023-05-02,2023,LG,NC,창원,3939,18:30,21:53,203,9,304,77,12,13,8,14,18.0
20230502LTHT0,2023-05-02,2023,LT,HT,광주,8892,18:29,22:10,221,9,331,82,10,7,11,22,18.0
20230502WOSS0,2023-05-02,2023,WO,SS,대구,10624,18:30,21:56,206,10,336,82,7,16,4,15,20.0
20230503HHOB0,2023-05-03,2023,HH,OB,잠실,14271,18:30,21:57,207,9,302,78,13,15,11,16,18.0
20230503KTSK0,2023-05-03,2023,KT,SK,문학,7703,18:30,22:23,233,9,320,80,5,14,8,25,17.0
20230503LGNC0,2023-05-03,2023,LG,NC,창원,4874,18:30,21:03,153,9,264,68,5,17,3,9,18.0
20230503LTHT0,2023-05-03,2023,LT,HT,광주,13815,18:30,21:58,208,9,306,78,11,15,12,19,17.0
20230503WOSS0,2023-05-03,2023,WO,SS,대구,13394,18:30,21:00,150,9,250,68,5,18,5,12,18.0
20230504HHOB0,2023-05-04,2023,HH,OB,잠실,10825,18:30,22:08,218,9,377,86,13,14,13,21,18.0
20230504KTSK0,2023-05-04,2023,KT,SK,문학,7529,18:30,21:20,170,9,313,79,8,19,12,20,17.0
20230504WOSS0,2023-05-04,2023,WO,SS,대구,12076,18:30,21:23,173,9,309,81,9,12,15,21,17.0
20230505SKWO0,2023-05-05,2023,SK,WO,고척,16000,14:00,16:35,155,9,230,67,4,12,4,12,18.0
20230506SKWO0,2023-05-06,2023,SK,WO,고척,11063,17:00,19:38,158,9,254,67,4,18,3,12,18.0
20230507KTHH0,2023-05-07,2023,KT,HH,한밭,8551,14:00,16:59,179,9,321,73,11,18,8,13,17.0
20230507LGOB0,2023-05-07,2023,LG,OB,잠실,22073,13:59,16:51,172,9,287,76,5,12,12,20,18.0
20230507SKWO0,2023-05-07,2023,SK,WO,고척,7623,14:00,18:40,280,11,412,104,10,14,13,25,22.0
20230509NCKT0,2023-05-09,2023,NC,KT,수원,2764,18:30,22:01,211,9,385,100,13,19,20,30,18.0
20230509OBLT0,2023-05-09,2023,OB,LT,사직,11643,18:30,21:15,165,9,263,70,1,11,7,17,18.0
20230509SKHT0,2023-05-09,2023,SK,HT,광주,8916,18:29,20:53,144,9,233,66,3,17,3,15,17.0
20230509SSHH0,2023-05-09,2023,SS,HH,한밭,5014,18:30,21:39,189,9,289,76,7,20,10,18,18.0
20230509WOLG0,2023-05-09,2023,WO,LG,잠실,10421,18:30,22:04,214,10,344,87,10,12,9,21,19.666666666666664
20230510NCKT0,2023-05-10,2023,NC,KT,수원,3734,18:30,21:50,200,9,299,78,9,18,15,17,18.0
20230510OBLT0,2023-05-10,2023,OB,LT,사직,11435,18:30,20:52,142,9,219,62,3,16,3,9,17.0
20230510SKHT0,2023-05-10,2023,SK,HT,광주,8481,18:30,21:49,199,9,297,75,11,10,8,14,18.0
20230510SSHH0,2023-05-10,2023,SS,HH,한밭,5865,18:30,20:50,140,9,251,64,5,13,6,9,17.0
20230510WOLG0,2023-05-10,2023,WO,LG,잠실,12125,18:30,21:47,197,9,303,80,5,12,12,22,18.0
20230511NCKT0,2023-05-11,2023,NC,KT,수원,3934,18:29,21:41,192,9,311,78,6,22,5,21,18.0
20230511OBLT0,2023-05-11,2023,OB,LT,사직,13350,18:31,22:32,241,10,355,94,13,12,13,21,19.666666666666664
20230511SKHT0,2023-05-11,2023,SK,HT,광주,8898,18:29,22:18,229,9,312,79,8,15,8,19,18.0
20230511SSHH0,2023-05-11,2023,SS,HH,한밭,6007,18:30,20:49,139,9,233,61,4,13,4,10,17.0
20230511WOLG0,2023-05-11,2023,WO,LG,잠실,11773,18:30,20:53,143,9,231,64,6,10,1,10,17.0
20230512HHSK0,2023-05-12,2023,HH,SK,문학,14395,18:30,22:13,223,9,333,79,9,18,7,18,18.0
20230512HTOB0,2023-05-12,2023,HT,OB,잠실,20563,18:31,21:58,207,9,311,70,7,13,7,14,17.0
20230512LGSS0,2023-05-12,2023,LG,SS,대구,13765,18:30,21:04,154,9,259,67,6,12,4,11,17.0
20230512LTKT0,2023-05-12,2023,LT,KT,수원,10937,18:30,21:44,194,10,306,75,3,18,3,15,19.666666666666664
20230512NCWO0,2023-05-12,2023,NC,WO,고척,3866,18:31,22:01,210,9,306,82,8,18,11,21,17.333333333333336
20230513HHSK0,2023-05-13,2023,HH,SK,문학,23000,17:00,20:32,212,9,313,81,10,12,13,20,17.0
20230513HTOB0,2023-05-13,2023,HT,OB,잠실,23750,17:01,19:31,150,9,251,68,5,15,6,12,17.0
20230513LGSS0,2023-05-13,2023,LG,SS,대구,21817,17:00,19:52,172,9,260,77,7,10,11,20,18.0
20230513LTKT0,2023-05-13,2023,LT,KT,수원,18700,17:00,20:16,196,9,307,76,11,12,5,14,18.0
20230513NCWO0,2023-05-13,2023,NC,WO,고척,6573,17:00,20:06,186,9,316,80,12,19,11,17,17.0
20230514HHSK0,2023-05-14,2023,HH,SK,문학,20757,14:01,18:59,298,12,439,104,15,23,6,19,24.0
20230514HTOB0,2023-05-14,2023,HT,OB,잠실,23750,14:00,17:33,213,9,313,83,5,18,12,25,17.0
20230514LGSS0,2023-05-14,2023,LG,SS,대구,18569,13:59,17:04,185,9,306,82,6,16,13,21,18.0
20230514LTKT0,2023-05-14,2023,LT,KT,수원,15470,14:00,17:17,197,9,323,83,8,14,11,22,18.0
20230514NCWO0,2023-05-14,2023,NC,WO,고척,5634,14:00,16:55,175,9,284,77,2,12,10,20,18.0
20230516HTSS0,2023-05-16,2023,HT,SS,대구,9112,18:30,21:51,201,9,321,78,9,15,10,19,18.0
20230516KTLG0,2023-05-16,2023,KT,LG,잠실,8567,18:30,21:42,192,9,305,83,7,16,19,23,18.0
20230516LTHH0,2023-05-16,2023,LT,HH,한밭,6138,18:30,22:01,211,10,321,82,8,23,4,17,20.0
20230516OBWO0,2023-05-16,2023,OB,WO,고척,5662,18:30,21:48,198,9,283,77,8,15,5,17,18.0
20230516SKNC0,2023-05-16,2023,SK,NC,창원,4113,18:30,21:50,200,9,311,82,7,11,8,27,17.0
20230517HTSS0,2023-05-17,2023,HT,SS,대구,10979,18:30,21:44,194,9,302,83,6,13,13,23,18.0
20230517KTLG0,2023-05-17,2023,KT,LG,잠실,9838,18:30,21:33,183,9,291,84,11,8,10,25,17.0
20230517LTHH0,2023-05-17,2023,LT,HH,한밭,6269,18:30,21:52,202,10,293,75,7,16,3,12,19.666666666666664
20230517OBWO0,2023-05-17,2023,OB,WO,고척,5232,18:30,22:14,224,9,339,89,12,11,15,23,18.0
20230517SKNC0,2023-05-17,2023,SK,NC,창원,4344,18:30,21:58,208,9,321,78,11,19,4,14,18.0
20230518KTLG0,2023-05-18,2023,KT,LG,잠실,9155,18:30,21:43,193,9,306,83,10,7,14,22,17.0
20230518LTHH0,2023-05-18,2023,LT,HH,한밭,6116,18:30,22:03,213,9,333,83,12,18,10,17,18.0
20230518OBWO0,2023-05-18,2023,OB,WO,고척,5742,18:30,22:09,219,9,321,76,4,13,10,22,17.0
20230519HHLG0,2023-05-19,2023,HH,LG,잠실,19798,18:30,21:30,180,9,282,70,4,13,4,14,17.0
20230519OBKT0,2023-05-19,2023,OB,KT,수원,6817,18:30,21:40,190,9,313,73,7,19,7,17,17.0
20230519SKLT0,2023-05-19,2023,SK,LT,사직,19011,18:30,21:59,209,9,311,77,8,19,12,21,17.0
20230519SSNC0,2023-05-19,2023,SS,NC,창원,8493,18:29,22:00,211,9,324,83,8,15,9,20,18.0
20230519WOHT0,2023-05-19,2023,WO,HT,광주,11290,18:30,21:04,154,9,280,76,7,17,11,19,17.0
20230520HHLG0,2023-05-20,2023,HH,LG,잠실,23750,17:00,21:21,261,12,396,96,10,21,2,16,24.0
20230520OBKT0,2023-05-20,2023,OB,KT,수원,13253,17:00,19:44,164,9,259,73,5,14,6,14,18.0
20230520SKLT0,2023-05-20,2023,SK,LT,사직,22990,17:01,19:37,156,9,277,70,5,16,5,11,18.0
20230520SSNC0,2023-05-20,2023,SS,NC,창원,14870,17:00,20:16,196,9,340,86,9,18,17,28,17.0
20230520WOHT0,2023-05-20,2023,WO,HT,광주,19030,17:00,19:47,167,9,270,71,7,9,5,13,17.0
20230521HHLG0,2023-05-21,2023,HH,LG,잠실,22054,14:00,16:43,163,9,259,68,6,12,5,14,17.0
20230521OBKT0,2023-05-21,2023,OB,KT,수원,10521,13:59,16:43,164,9,265,71,5,13,10,18,17.0
20230521SKLT0,2023-05-21,2023,SK,LT,사직,22990,14:00,17:41,221,9,332,81,13,10,9,15,18.0
20230521SSNC0,2023-05-21,2023,SS,NC,창원,10910,14:00,17:57,237,12,368,92,11,14,3,12,24.0
20230521WOHT0,2023-05-21,2023,WO,HT,광주,14617,14:00,16:55,175,9,278,68,4,15,1,11,18.0
20230523HTHH0,2023-05-23,2023,HT,HH,한밭,6376,18:30,21:40,190,9,338,82,9,21,14,21,17.0
20230523LGSK0,2023-05-23,2023,LG,SK,문학,12508,18:29,21:32,183,9,323,81,11,11,10,19,18.0
20230523NCLT0,2023-05-23,2023,NC,LT,사직,15047,18:30,21:16,166,9,235,62,3,10,2,13,17.0
20230523SSOB0,2023-05-23,2023,SS,OB,잠실,10733,18:30,21:49,199,9,310,78,4,19,12,25,17.0
20230523WOKT0,2023-05-23,2023,WO,KT,수원,4203,18:31,21:25,174,9,268,69,3,12,4,15,18.0
20230524HTHH0,2023-05-24,2023,HT,HH,한밭,7004,18:30,21:14,164,9,255,72,4,17,6,16,18.0
20230524LGSK0,2023-05-24,2023,LG,SK,문학,16829,18:29,21:41,192,9,296,77,13,12,8,14,17.0
20230524NCLT0,2023-05-24,2023,NC,LT,사직,14244,18:29,21:54,205,9,303,76,10,14,4,14,18.0
20230524SSOB0,2023-05-24,2023,SS,OB,잠실,11108,18:31,22:06,215,9,323,79,7,14,7,20,18.0
20230524WOKT0,2023-05-24,2023,WO,KT,수원,5173,18:30,21:11,161,9,251,68,6,16,5,12,17.0
20230525HTHH0,2023-05-25,2023,HT,HH,한밭,8186,18:30,22:05,215,9,313,72,13,17,7,11,17.0
20230525LGSK0,2023-05-25,2023,LG,SK,문학,17575,18:29,21:34,185,9,305,80,6,13,11,20,18.0
20230525NCLT0,2023-05-25,2023,NC,LT,사직,15221,18:30,21:37,187,9,313,77,9,14,12,16,17.0
20230525SSOB0,2023-05-25,2023,SS,OB,잠실,11005,18:31,22:12,221,11,308,90,9,11,7,18,21.666666666666664
20230525WOKT0,2023-05-25,2023,WO,KT,수원,5235,18:30,21:17,160,9,252,66,2,11,3,16,17.0
20230526HHNC0,2023-05-26,2023,HH,NC,창원,5952,18:30,21:26,176,9,311,79,10,14,11,20,17.0
20230526KTSS0,2023-05-26,2023,KT,SS,대구,12874,18:30,21:48,198,9,293,76,6,16,5,15,18.0
20230526LGHT0,2023-05-26,2023,LG,HT,광주,10954,18:31,21:27,176,9,311,79,6,16,8,21,18.0
20230526LTWO0,2023-05-26,2023,LT,WO,고척,11692,18:30,21:15,165,9,262,71,5,17,2,14,18.0
20230526SKOB0,2023-05-26,2023,SK,OB,잠실,10428,18:30,21:50,200,9,315,85,12,8,17,21,18.0
20230527HHNC0,2023-05-27,2023,HH,NC,창원,9558,14:00,17:31,211,9,322,78,14,10,5,10,18.0
20230527KTSS0,2023-05-27,2023,KT,SS,대구,17305,14:00,16:50,170,9,299,75,6,10,7,17,18.0
20230527LGHT0,2023-05-27,2023,LG,HT,광주,17931,13:59,17:12,193,9,300,80,10,12,9,20,17.0
20230527LTWO0,2023-05-27,2023,LT,WO,고척,16000,14:00,17:28,208,9,326,80,6,18,11,22,18.0
20230528KTSS0,2023-05-28,2023,KT,SS,대구,14523,14:00,16:54,156,9,277,71,4,16,10,18,17.0
20230528LGHT0,2023-05-28,2023,LG,HT,광주,17015,13:59,17:00,181,9,294,79,6,14,8,16,18.0
20230528LTWO0,2023-05-28,2023,LT,WO,고척,16000,14:00,17:34,214,9,299,80,8,15,12,22,17.0
20230530KTHT0,2023-05-30,2023,KT,HT,광주,5352,18:30,21:10,160,9,273,76,11,19,7,15,17.0
20230530LTLG0,2023-05-30,2023,LT,LG,잠실,20330,18:30,21:32,182,9,271,67,4,9,4,15,17.0
20230530OBNC0,2023-05-30,2023,OB,NC,창원,3180,18:30,21:27,177,9,300,70,9,18,5,11,17.0
20230530SSSK0,2023-05-30,2023,SS,SK,문학,10232,18:30,21:16,166,9,266,70,4,14,5,15,17.0
20230530WOHH0,2023-05-30,2023,WO,HH,한밭,4486,18:30,21:31,181,9,313,77,7,15,8,20,17.0
20230531KTHT0,2023-05-31,2023,KT,HT,광주,7244,18:30,21:16,166,9,283,73,7,13,8,15,17.0
20230531LTLG0,2023-05-31,2023,LT,LG,잠실,21269,18:30,21:45,195,9,306,77,8,18,8,18,18.0
20230531OBNC0,2023-05-31,2023,OB,NC,창원,4180,18:31,22:16,225,9,342,76,12,14,5,12,18.0
20230531SSSK0,2023-05-31,2023,SS,SK,문학,10745,18:30,21:19,169,9,266,73,7,15,5,14,18.0
20230531WOHH0,2023-05-31,2023,WO,HH,한밭,4384,18:30,21:23,173,9,303,82,5,13,18,24,18.0
20230601LTLG0,2023-06-01,2023,LT,LG,잠실,22020,18:30,20:58,148,9,257,67,4,11,7,14,17.0
20230601SSSK0,2023-06-01,2023,SS,SK,문학,9028,18:30,21:29,179,9,322,79,5,9,16,20,17.0
20230601WOHH0,2023-06-01,2023,WO,HH,한밭,5040,18:30,21:15,165,9,270,75,9,14,10,16,17.0
20230602HTLT0,2023-06-02,2023,HT,LT,사직,18996,18:30,21:31,181,9,344,84,9,16,16,28,17.0
20230602NCLG0,2023-06-02,2023,NC,LG,잠실,10238,18:30,21:46,196,9,294,78,9,18,11,18,18.0
20230602OBKT0,2023-06-02,2023,OB,KT,수원,5157,18:30,21:25,175,9,298,76,8,11,11,15,18.0
20230602SSHH0,2023-06-02,2023,SS,HH,한밭,6675,18:30,22:31,241,9,356,94,6,16,15,33,18.0
20230602WOSK0,2023-06-02,2023,WO,SK,문학,12533,18:30,21:47,197,9,309,77,11,13,5,13,17.666666666666664
20230603HTLT0,2023-06-03,2023,HT,LT,사직,22990,17:00,21:14,254,9,340,82,12,15,11,21,17.333333333333336
20230603NCLG0,2023-06-03,2023,NC,LG,잠실,18890,16:59,20:34,215,9,347,80,10,6,10,17,18.0
20230603OBKT0,2023-06-03,2023,OB,KT,수원,12155,17:00,20:24,204,9,333,84,8,19,16,26,17.0
20230603SSHH0,2023-06-03,2023,SS,HH,한밭,12000,17:00,19:57,177,9,291,72,4,12,9,17,18.0
20230603WOSK0,2023-06-03,2023,WO,SK,문학,19071,17:00,20:16,196,10,309,74,5,15,3,11,19.666666666666664
20230604HTLT0,2023-06-04,2023,HT,LT,사직,22990,14:00,17:18,198,9,312,80,7,16,6,19,18.0
20230604NCLG0,2023-06-04,2023,NC,LG,잠실,15096,17:00,20:25,205,9,298,71,10,13,4,10,18.0
20230604OBKT0,2023-06-04,2023,OB,KT,수원,10239,17:00,20:12,192,9,299,72,7,14,7,14,17.0
20230604SSHH0,2023-06-04,2023,SS,HH,한밭,12000,17:00,20:22,202,9,347,82,14,12,15,18,17.0
20230604WOSK0,2023-06-04,2023,WO,SK,문학,17007,16:59,20:06,187,9,307,76,6,19,7,18,18.0
20230606HHOB0,2023-06-06,2023,HH,OB,잠실,21146,14:01,17:12,191,9,285,73,7,12,5,20,17.0
20230606KTLT0,2023-06-06,2023,KT,LT,사직,20441,17:01,20:13,192,9,287,70,7,17,5,11,18.0
20230606LGWO0,2023-06-06,2023,LG,WO,고척,14903,14:00,17:08,188,9,325,81,8,17,10,21,18.0
20230606NCSS0,2023-06-06,2023,NC,SS,대구,14639,17:00,20:03,183,9,304,80,12,13,15,17,17.0
20230606SKHT0,2023-06-06,2023,SK,HT,광주,15130,14:01,17:00,179,9,282,70,6,8,3,14,18.0
20230607HHOB0,2023-06-07,2023,HH,OB,잠실,8497,18:31,21:54,203,9,315,78,8,16,9,21,17.0
20230607KTLT0,2023-06-07,2023,KT,LT,사직,10066,18:30,22:02,212,10,316,81,6,17,5,14,20.0
20230607LGWO0,2023-06-07,2023,LG,WO,고척,5390,18:30,22:56,266,12,441,107,16,25,10,18,24.0
20230607NCSS0,2023-06-07,2023,NC,SS,대구,7119,18:30,22:11,221,9,326,75,5,9,4,19,18.0
20230607SKHT0,2023-06-07,2023,SK,HT,광주,7569,18:30,22:13,223,9,313,88,11,13,17,25,18.0
20230608HHOB0,2023-06-08,2023,HH,OB,잠실,8509,18:31,21:11,160,9,255,61,2,14,3,12,17.0
20230608KTLT0,2023-06-08,2023,KT,LT,사직,10504,18:30,23:19,289,12,444,112,15,25,13,25,24.0
20230608LGWO0,2023-06-08,2023,LG,WO,고척,6076,18:30,21:21,171,9,285,81,5,15,13,26,17.0
20230608NCSS0,2023-06-08,2023,NC,SS,대구,5989,18:30,21:48,198,9,322,84,11,15,8,19,18.0
20230608SKHT0,2023-06-08,2023,SK,HT,광주,6646,18:30,21:47,197,9,308,76,12,18,9,9,18.0
20230609HTOB0,2023-06-09,2023,HT,OB,잠실,16250,18:30,22:37,247,9,353,82,12,11,10,19,18.0
20230609LGHH0,2023-06-09,2023,LG,HH,한밭,6005,18:30,21:56,206,9,319,81,10,14,11,18,17.666666666666664
20230609LTSS0,2023-06-09,2023,LT,SS,대구,15893,18:30,21:36,186,9,301,77,6,14,6,19,18.0
20230609SKNC0,2023-06-09,2023,SK,NC,창원,5110,18:30,21:23,173,9,283,72,7,13,7,17,17.0
20230609WOKT0,2023-06-09,2023,WO,KT,수원,5033,18:29,21:47,198,10,303,79,11,14,5,11,19.666666666666664
20230610HTOB0,2023-06-10,2023,HT,OB,잠실,22233,17:00,20:26,206,9,305,76,10,9,9,15,18.0
20230610LGHH0,2023-06-10,2023,LG,HH,한밭,11072,17:00,20:24,161,9,286,71,11,13,7,11,17.0
20230610LTSS0,2023-06-10,2023,LT,SS,대구,24000,17:00,20:50,230,9,353,87,9,12,16,27,17.0
20230610SKNC0,2023-06-10,2023,SK,NC,창원,11026,16:59,19:39,160,9,285,70,8,17,7,11,17.0
20230610WOKT0,2023-06-10,2023,WO,KT,수원,9622,17:00,19:42,162,9,272,75,5,18,7,16,18.0
20230611HTOB0,2023-06-11,2023,HT,OB,잠실,18623,16:58,19:31,153,9,235,66,4,10,5,11,17.0
20230611LGHH0,2023-06-11,2023,LG,HH,한밭,7601,17:00,20:59,239,9,395,94,22,14,20,21,18.0
20230611LTSS0,2023-06-11,2023,LT,SS,대구,18496,16:59,20:31,212,10,324,81,4,14,10,18,19.666666666666664
20230611SKNC0,2023-06-11,2023,SK,NC,창원,7210,17:00,20:11,191,9,299,72,7,19,12,14,17.0
20230611WOKT0,2023-06-11,2023,WO,KT,수원,6806,17:00,20:20,200,9,351,93,11,13,19,32,18.0
20230613HHLT0,2023-06-13,2023,HH,LT,사직,16007,18:32,22:30,238,9,373,88,17,20,12,24,17.0
20230613HTWO0,2023-06-13,2023,HT,WO,고척,7834,18:30,21:42,192,9,300,69,6,16,1,12,17.0
20230613KTSK0,2023-06-13,2023,KT,SK,문학,6568,18:29,21:25,176,9,305,77,6,11,9,20,17.0
20230613OBNC0,2023-06-13,2023,OB,NC,창원,3699,18:30,21:45,195,9,331,83,11,6,15,21,18.0
20230613SSLG0,2023-06-13,2023,SS,LG,잠실,11103,18:30,21:23,173,9,285,70,7,13,3,11,17.0
20230614HHLT0,2023-06-14,2023,HH,LT,사직,10803,18:30,21:41,191,9,333,80,12,13,12,14,18.0
20230614HTWO0,2023-06-14,2023,HT,WO,고척,8016,18:29,21:18,169,9,247,67,2,12,3,14,17.0
20230614KTSK0,2023-06-14,2023,KT,SK,문학,6579,18:30,21:40,190,9,357,91,17,13,18,23,18.0
20230614OBNC0,2023-06-14,2023,OB,NC,창원,3154,18:30,23:27,219,9,325,81,12,14,9,20,17.0
20230614SSLG0,2023-06-14,2023,SS,LG,잠실,11725,18:29,21:38,189,9,299,75,10,11,5,11,17.0
20230615HHLT0,2023-06-15,2023,HH,LT,사직,12594,18:30,22:30,240,10,360,87,12,16,9,21,20.0
20230615HTWO0,2023-06-15,2023,HT,WO,고척,8528,18:30,22:20,230,9,355,85,12,9,12,21,18.0
20230615KTSK0,2023-06-15,2023,KT,SK,문학,6736,18:30,21:14,164,9,280,70,1,11,10,15,18.0
20230615OBNC0,2023-06-15,2023,OB,NC,창원,3633,18:31,22:04,213,9,332,77,11,10,13,20,17.0
20230615SSLG0,2023-06-15,2023,SS,LG,잠실,12023,18:30,21:30,180,9,281,77,8,7,12,18,17.0
20230616LTSK0,2023-06-16,2023,LT,SK,문학,18013,18:30,21:31,181,9,314,79,10,9,13,22,17.0
20230616NCHT0,2023-06-16,2023,NC,HT,광주,10170,18:30,22:42,252,9,347,86,17,11,24,19,17.0
20230616OBLG0,2023-06-16,2023,OB,LG,잠실,18826,18:30,22:12,222,9,328,84,14,10,11,19,17.0
20230616SSKT0,2023-06-16,2023,SS,KT,수원,6998,18:30,21:39,189,9,306,81,6,21,13,20,17.0
20230616WOHH0,2023-06-16,2023,WO,HH,한밭,7005,18:30,22:32,242,12,369,101,11,17,4,21,24.0
20230617LTSK0,2023-06-17,2023,LT,SK,문학,23000,16:59,20:37,218,9,321,77,13,10,13,19,17.0
20230617NCHT0,2023-06-17,2023,NC,HT,광주,15992,17:00,20:45,225,9,343,87,6,14,17,27,18.0
20230617OBLG0,2023-06-17,2023,OB,LG,잠실,22878,17:00,20:08,188,9,305,79,9,11,11,17,18.0
20230617SSKT0,2023-06-17,2023,SS,KT,수원,14935,16:59,20:08,189,9,294,75,7,7,11,17,17.0
20230617WOHH0,2023-06-17,2023,WO,HH,한밭,11008,17:00,20:57,237,9,340,86,15,11,15,19,18.0
20230618LTSK0,2023-06-18,2023,LT,SK,문학,19156,17:00,20:22,202,9,331,83,8,17,9,20,18.0
20230618NCHT0,2023-06-18,2023,NC,HT,광주,13967,16:59,21:45,286,12,409,102,10,21,14,24,24.0
20230618OBLG0,2023-06-18,2023,OB,LG,잠실,19038,17:00,20:04,184,9,310,88,6,18,18,31,17.0
20230618SSKT0,2023-06-18,2023,SS,KT,수원,10137,17:00,20:44,224,9,343,86,6,14,12,28,18.0
20230618WOHH0,2023-06-18,2023,WO,HH,한밭,8163,17:00,21:25,265,11,407,97,9,29,11,20,22.0
20230620HTHH0,2023-06-20,2023,HT,HH,한밭,5451,18:29,22:03,182,9,312,76,10,21,10,13,18.0
20230620LGNC0,2023-06-20,2023,LG,NC,창원,3433,18:29,22:01,212,9,346,82,15,13,12,19,17.0
20230620LTKT0,2023-06-20,2023,LT,KT,수원,5773,18:29,21:42,193,9,305,75,8,20,7,16,17.0
20230620SKOB0,2023-06-20,2023,SK,OB,잠실,6186,18:31,22:05,214,10,318,87,8,15,7,22,20.0
20230620WOSS0,2023-06-20,2023,WO,SS,대구,7667,18:29,21:41,192,9,309,77,7,15,9,15,18.0
20230621HTHH0,2023-06-21,2023,HT,HH,한밭,5207,18:30,21:47,197,9,311,81,13,9,11,16,17.0
20230621LGNC0,2023-06-21,2023,LG,NC,창원,3571,18:30,22:43,253,10,380,92,9,17,12,25,20.0
20230621LTKT0,2023-06-21,2023,LT,KT,수원,6024,18:31,21:26,175,9,278,74,3,8,10,20,17.0
20230621SKOB0,2023-06-21,2023,SK,OB,잠실,5473,18:30,22:14,224,9,342,85,12,15,4,20,18.0
20230621WOSS0,2023-06-21,2023,WO,SS,대구,7453,18:30,21:41,191,10,285,78,3,11,2,17,20.0
20230622HTHH0,2023-06-22,2023,HT,HH,한밭,7675,18:30,21:55,205,9,317,67,12,18,1,7,17.0
20230622LGNC0,2023-06-22,2023,LG,NC,창원,4997,18:30,23:06,276,12,410,107,19,19,7,19,24.0
20230622LTKT0,2023-06-22,2023,LT,KT,수원,7861,18:30,21:46,196,9,295,76,10,11,6,17,17.0
20230622SKOB0,2023-06-22,2023,SK,OB,잠실,7291,18:31,21:57,200,9,306,75,6,10,8,17,18.0
20230622WOSS0,2023-06-22,2023,WO,SS,대구,10176,18:30,21:32,182,9,281,79,3,13,3,23,18.0
20230623HHNC0,2023-06-23,2023,HH,NC,창원,6376,18:30,21:27,177,9,298,78,11,13,8,15,18.0
20230623KTHT0,2023-06-23,2023,KT,HT,광주,9018,18:30,21:25,175,9,299,87,13,13,13,24,18.0
20230623LTLG0,2023-06-23,2023,LT,LG,잠실,21089,18:30,21:10,160,9,240,65,1,15,3,13,18.0
20230623OBWO0,2023-06-23,2023,OB,WO,고척,7316,18:30,21:53,203,9,304,72,7,12,3,16,18.0
20230623SSSK0,2023-06-23,2023,SS,SK,문학,12744,18:29,21:10,161,9,257,69,6,10,6,15,17.0
20230624HHNC0,2023-06-24,2023,HH,NC,창원,13791,17:00,19:43,163,9,281,73,5,13,8,14,18.0
20230624KTHT0,2023-06-24,2023,KT,HT,광주,14043,17:00,20:04,184,9,279,71,6,14,5,17,17.0
20230624LTLG0,2023-06-24,2023,LT,LG,잠실,23750,16:59,19:52,173,9,295,77,10,12,10,17,17.0
20230624OBWO0,2023-06-24,2023,OB,WO,고척,11717,17:00,19:39,159,9,247,69,4,10,6,16,17.0
20230624SSSK0,2023-06-24,2023,SS,SK,문학,20062,17:00,20:38,218,9,326,91,12,10,23,33,17.0
20230625LTLG0,2023-06-25,2023,LT,LG,잠실,20846,17:01,20:59,238,9,348,80,15,7,10,16,17.0
20230625OBWO0,2023-06-25,2023,OB,WO,고척,9549,14:00,17:40,220,9,345,89,12,9,19,26,18.0
20230625SSSK0,2023-06-25,2023,SS,SK,문학,14722,17:00,20:12,192,9,318,77,9,11,7,17,18.0
20230627KTHH0,2023-06-27,2023,KT,HH,한밭,4625,18:30,21:06,156,9,251,69,5,18,5,14,17.0
20230627LGSK0,2023-06-27,2023,LG,SK,문학,12244,18:30,21:38,188,9,333,84,10,15,14,21,18.0
20230627NCOB0,2023-06-27,2023,NC,OB,잠실,5302,18:30,21:12,162,9,258,68,2,17,5,15,17.0
20230627SSLT0,2023-06-27,2023,SS,LT,사직,11654,18:30,21:36,186,9,286,72,6,16,8,17,17.666666666666664
20230627WOHT0,2023-06-27,2023,WO,HT,광주,5349,18:29,21:03,124,7,233,58,10,9,9,10,12.666666666666668
20230628KTHH0,2023-06-28,2023,KT,HH,한밭,5007,18:30,21:40,190,9,287,75,4,13,10,19,17.0
20230628LGSK0,2023-06-28,2023,LG,SK,문학,11045,18:30,22:33,243,9,352,86,14,18,14,21,18.0
20230628NCOB0,2023-06-28,2023,NC,OB,잠실,5400,18:30,21:43,193,9,278,75,6,18,5,14,18.0
20230628SSLT0,2023-06-28,2023,SS,LT,사직,13787,18:30,22:07,217,9,302,82,7,7,15,22,17.0
20230628WOHT0,2023-06-28,2023,WO,HT,광주,4816,18:30,22:46,256,11,389,95,13,17,12,19,22.0
20230630HHSS0,2023-06-30,2023,HH,SS,대구,8114,18:28,21:16,168,9,310,74,6,16,7,15,18.0
20230630HTLG0,2023-06-30,2023,HT,LG,잠실,20568,18:30,21:56,206,9,298,77,7,14,9,19,17.333333333333336
20230630NCKT0,2023-06-30,2023,NC,KT,수원,4596,18:30,21:25,175,9,259,68,8,8,5,11,17.0
20230630OBLT0,2023-06-30,2023,OB,LT,울산,6894,18:30,21:57,207,10,303,75,9,13,1,12,19.333333333333336
20230630SKWO0,2023-06-30,2023,SK,WO,고척,7164,18:30,21:28,178,9,274,75,6,14,10,16,18.0
20230701HHSS0,2023-07-01,2023,HH,SS,대구,18151,17:59,21:17,198,9,339,87,5,16,14,28,18.0
20230701HTLG0,2023-07-01,2023,HT,LG,잠실,23750,18:01,21:12,191,9,292,76,7,13,8,18,18.0
20230701NCKT0,2023-07-01,2023,NC,KT,수원,9551,17:59,21:35,216,9,315,80,11,13,13,20,17.333333333333336
20230701OBLT0,2023-07-01,2023,OB,LT,울산,10013,18:01,21:04,183,9,297,72,7,20,3,13,18.0
20230701SKWO0,2023-07-01,2023,SK,WO,고척,10836,18:00,21:10,190,9,292,78,6,12,9,24,17.0
20230702HHSS0,2023-07-02,2023,HH,SS,대구,12395,17:00,19:33,153,9,275,64,5,21,3,9,17.0
20230702HTLG0,2023-07-02,2023,HT,LG,잠실,20959,17:00,19:58,178,9,274,69,4,6,4,17,17.0
20230702NCKT0,2023-07-02,2023,NC,KT,수원,5406,17:00,20:02,182,9,264,72,6,13,5,15,17.0
20230702OBLT0,2023-07-02,2023,OB,LT,울산,7588,17:00,20:11,191,9,285,73,8,14,6,14,18.0
20230702SKWO0,2023-07-02,2023,SK,WO,고척,9512,14:00,17:55,235,9,328,87,15,12,14,21,18.0
20230704NCWO0,2023-07-04,2023,NC,WO,고척,4474,18:30,22:14,224,9,351,85,13,17,12,22,17.0
20230704OBSS0,2023-07-04,2023,OB,SS,포항,4182,18:30,22:54,264,10,388,92,14,20,8,20,20.0
20230705HTSK0,2023-07-05,2023,HT,SK,문학,13025,18:30,21:59,209,9,344,92,13,10,20,24,18.0
20230705KTLG0,2023-07-05,2023,KT,LG,잠실,9707,18:30,21:54,204,9,335,80,6,14,12,18,18.0
20230705LTHH0,2023-07-05,2023,LT,HH,한밭,7760,18:30,21:37,187,9,317,72,6,15,8,15,17.0
20230705NCWO0,2023-07-05,2023,NC,WO,고척,4027,18:31,21:24,173,9,291,64,7,20,2,12,17.0
20230705OBSS0,2023-07-05,2023,OB,SS,포항,5902,18:29,22:04,215,9,324,83,12,12,11,21,18.0
20230706HTSK0,2023-07-06,2023,HT,SK,문학,17513,18:30,22:32,242,9,355,85,12,7,13,22,18.0
20230706KTLG0,2023-07-06,2023,KT,LG,잠실,10736,18:30,22:09,219,9,332,81,6,14,15,27,17.0
20230706LTHH0,2023-07-06,2023,LT,HH,한밭,10061,18:30,21:46,196,9,316,76,7,15,7,15,18.0
20230706NCWO0,2023-07-06,2023,NC,WO,고척,4013,18:30,22:07,217,10,328,82,6,19,9,17,20.0
20230706OBSS0,2023-07-06,2023,OB,SS,포항,6923,18:28,21:19,171,9,279,75,4,16,6,17,18.0
20230707HTKT0,2023-07-07,2023,HT,KT,수원,16315,18:30,21:54,204,9,293,77,5,15,8,17,18.0
20230707WOOB0,2023-07-07,2023,WO,OB,잠실,14123,18:30,21:59,209,9,333,76,7,14,10,20,17.0
20230708HTKT0,2023-07-08,2023,HT,KT,수원,18700,18:01,21:01,180,9,283,73,2,17,7,17,18.0
20230708LGLT0,2023-07-08,2023,LG,LT,사직,19496,18:00,21:15,195,9,320,84,8,12,15,27,18.0
20230708SKHH0,2023-07-08,2023,SK,HH,한밭,12000,18:00,21:54,234,9,373,94,12,19,16,28,18.0
20230708SSNC0,2023-07-08,2023,SS,NC,창원,12462,18:00,20:56,176,9,290,74,6,7,8,15,18.0
20230708WOOB0,2023-07-08,2023,WO,OB,잠실,19676,18:01,21:06,185,9,298,69,5,14,7,13,17.0
20230709HTKT0,2023-07-09,2023,HT,KT,수원,18700,17:00,19:59,179,9,271,71,3,17,6,16,18.0
20230709LGLT0,2023-07-09,2023,LG,LT,사직,15860,17:00,20:35,215,9,330,81,13,7,11,22,17.0
20230709SKHH0,2023-07-09,2023,SK,HH,한밭,10168,17:00,19:42,162,9,272,72,8,9,7,15,17.0
20230709SSNC0,2023-07-09,2023,SS,NC,창원,8522,17:00,20:05,185,9,316,78,9,14,7,16,18.0
20230709WOOB0,2023-07-09,2023,WO,OB,잠실,11472,17:00,20:15,195,9,305,82,7,11,11,24,17.0
20230711KTWO0,2023-07-11,2023,KT,WO,고척,4217,18:29,21:13,164,9,280,72,6,25,6,13,18.0
20230712HHLG0,2023-07-12,2023,HH,LG,잠실,17812,18:29,21:08,159,9,271,68,5,12,3,11,18.0
20230712KTWO0,2023-07-12,2023,KT,WO,고척,3890,18:30,21:40,190,9,287,80,7,12,7,22,18.0
20230712LTNC0,2023-07-12,2023,LT,NC,창원,13074,18:30,22:15,225,9,344,83,11,14,13,22,17.0
20230712OBSK0,2023-07-12,2023,OB,SK,문학,19699,18:29,21:52,203,9,316,77,6,12,5,19,18.0
20230712SSHT0,2023-07-12,2023,SS,HT,광주,8470,18:29,21:33,184,9,271,71,5,10,5,15,17.0
20230713KTWO0,2023-07-13,2023,KT,WO,고척,4520,18:30,21:20,170,9,287,77,4,16,9,16,18.0
20230713LTNC0,2023-07-13,2023,LT,NC,창원,10316,18:30,21:20,170,9,290,73,5,18,16,20,17.0
20230713SSHT0,2023-07-13,2023,SS,HT,광주,7085,18:29,21:29,180,9,282,73,2,18,5,15,18.0
20230721KTSS0,2023-07-21,2023,KT,SS,대구,7833,18:30,21:18,168,9,295,76,6,20,9,17,18.0
20230721NCHH0,2023-07-21,2023,NC,HH,한밭,8475,18:30,21:42,192,9,311,82,8,18,12,21,18.0
20230721OBHT0,2023-07-21,2023,OB,HT,광주,9779,18:30,21:30,180,9,277,72,5,19,7,14,18.0
20230721SKLG0,2023-07-21,2023,SK,LG,잠실,17524,18:30,21:50,200,9,312,79,6,10,10,19,18.0
20230721WOLT0,2023-07-21,2023,WO,LT,사직,13431,18:30,20:58,148,9,251,66,5,15,2,11,17.0
20230722KTSS0,2023-07-22,2023,KT,SS,대구,10356,18:00,20:58,178,9,274,73,6,15,7,16,17.0
20230722NCHH0,2023-07-22,2023,NC,HH,한밭,10021,18:00,21:48,228,9,337,83,11,14,12,22,18.0
20230722WOLT0,2023-07-22,2023,WO,LT,사직,14266,18:01,21:42,221,9,308,85,13,9,8,19,18.0
20230723KTSS0,2023-07-23,2023,KT,SS,대구,8613,17:00,20:52,232,9,340,93,9,11,15,32,18.0
20230723WOLT0,2023-07-23,2023,WO,LT,사직,11470,17:00,23:10,284,10,356,93,11,16,13,22,20.0
20230725HHWO0,2023-07-25,2023,HH,WO,고척,9886,18:30,23:01,271,9,381,92,16,16,22,24,18.0
20230725HTNC0,2023-07-25,2023,HT,NC,창원,5668,18:30,21:58,208,9,318,74,10,12,8,14,17.0
20230725LGKT0,2023-07-25,2023,LG,KT,수원,7948,18:29,20:58,149,9,253,66,5,14,5,12,17.0
20230725LTOB0,2023-07-25,2023,LT,OB,잠실,12700,18:30,22:10,212,9,325,79,8,20,13,20,17.0
20230725SKSS0,2023-07-25,2023,SK,SS,대구,5557,18:30,21:35,185,9,304,77,11,11,6,16,17.0
20230726HHWO0,2023-07-26,2023,HH,WO,고척,11324,18:30,21:39,189,10,306,82,7,12,9,14,20.0
20230726HTNC0,2023-07-26,2023,HT,NC,창원,6325,18:30,22:01,211,9,319,84,9,9,16,21,18.0
20230726LGKT0,2023-07-26,2023,LG,KT,수원,8134,18:29,22:47,258,12,387,102,15,16,7,18,23.666666666666664
20230726LTOB0,2023-07-26,2023,LT,OB,잠실,13620,18:30,21:47,197,9,310,74,9,13,9,14,18.0
20230726SKSS0,2023-07-26,2023,SK,SS,대구,6955,18:29,22:32,234,9,342,88,9,5,15,30,18.0
20230727HHWO0,2023-07-27,2023,HH,WO,고척,11650,18:30,20:42,132,9,228,62,5,19,2,8,17.0
20230727HTNC0,2023-07-27,2023,HT,NC,창원,7279,18:29,21:16,167,9,256,69,6,7,4,15,17.0
20230727LGKT0,2023-07-27,2023,LG,KT,수원,8413,18:29,21:53,204,9,313,85,6,7,15,28,18.0
20230727LTOB0,2023-07-27,2023,LT,OB,잠실,12511,18:30,21:46,196,9,317,73,9,14,10,18,18.0
20230727SKSS0,2023-07-27,2023,SK,SS,대구,7663,18:30,21:41,191,9,290,78,9,9,11,20,17.0
20230728HHSK0,2023-07-28,2023,HH,SK,문학,14386,18:30,21:37,187,9,291,77,9,20,7,17,18.0
20230728KTNC0,2023-07-28,2023,KT,NC,창원,4676,18:30,21:37,187,9,300,77,3,17,12,20,18.0
20230728LGOB0,2023-07-28,2023,LG,OB,잠실,16987,18:30,21:42,192,9,312,80,5,6,11,22,18.0
20230728LTHT0,2023-07-28,2023,LT,HT,광주,10295,18:30,21:45,195,9,289,76,6,13,11,20,17.0
20230728SSWO0,2023-07-28,2023,SS,WO,고척,7755,18:31,22:56,265,12,377,104,6,21,10,26,24.0
20230729HHSK0,2023-07-29,2023,HH,SK,문학,21344,17:59,21:24,205,9,318,74,7,16,9,17,17.0
20230729KTNC0,2023-07-29,2023,KT,NC,창원,8309,18:00,21:08,188,9,308,81,8,14,10,24,18.0
20230729LGOB0,2023-07-29,2023,LG,OB,잠실,21126,18:00,22:15,255,10,350,87,13,15,13,19,20.0
20230729LTHT0,2023-07-29,2023,LT,HT,광주,14754,18:00,20:56,176,9,264,67,7,6,5,10,17.0
20230729SSWO0,2023-07-29,2023,SS,WO,고척,11851,18:01,21:09,188,9,313,79,8,13,9,17,18.0
20230730HHSK0,2023-07-30,2023,HH,SK,문학,18158,16:59,21:24,204,9,310,76,11,17,7,15,17.0
20230730KTNC0,2023-07-30,2023,KT,NC,창원,6181,17:00,19:55,175,9,277,73,5,14,7,16,18.0
20230730LGOB0,2023-07-30,2023,LG,OB,잠실,19500,17:00,19:54,174,9,299,74,9,10,10,14,18.0
20230730LTHT0,2023-07-30,2023,LT,HT,광주,11796,17:01,20:18,197,9,280,77,11,9,9,18,17.0
20230730SSWO0,2023-07-30,2023,SS,WO,고척,11235,14:00,17:45,225,9,369,90,13,10,16,24,18.0
20230801HTSS0,2023-08-01,2023,HT,SS,포항,6912,18:30,22:16,226,9,335,87,5,19,19,29,18.0
20230801NCLT0,2023-08-01,2023,NC,LT,사직,13326,18:31,22:14,223,11,302,85,7,12,9,18,22.0
20230801OBHH0,2023-08-01,2023,OB,HH,한밭,10225,18:30,21:37,187,9,310,80,7,21,11,18,18.0
20230801SKKT0,2023-08-01,2023,SK,KT,수원,7831,18:30,21:02,152,9,257,68,3,12,8,16,17.0
20230801WOLG0,2023-08-01,2023,WO,LG,잠실,12159,18:30,21:42,192,9,299,73,11,14,6,13,17.0
20230802HTSS0,2023-08-02,2023,HT,SS,포항,6477,18:29,21:45,196,9,294,79,8,9,13,20,17.666666666666664
20230802NCLT0,2023-08-02,2023,NC,LT,사직,11444,18:30,21:55,205,9,296,80,6,13,9,23,17.0
20230802OBHH0,2023-08-02,2023,OB,HH,한밭,9011,18:30,22:34,244,12,362,94,7,24,5,15,24.0
20230802SKKT0,2023-08-02,2023,SK,KT,수원,7780,18:30,20:57,147,9,235,69,6,9,1,13,17.0
20230802WOLG0,2023-08-02,2023,WO,LG,잠실,11740,18:30,21:30,180,9,279,74,7,10,9,15,17.0
20230803HTSS0,2023-08-03,2023,HT,SS,포항,6357,18:29,22:36,247,9,349,94,13,8,20,33,18.0
20230803NCLT0,2023-08-03,2023,NC,LT,사직,10162,18:30,21:37,187,9,277,74,4,20,9,18,18.0
20230803OBHH0,2023-08-03,2023,OB,HH,한밭,9024,18:30,21:40,190,9,288,75,12,14,7,14,17.0
20230803SKKT0,2023-08-03,2023,SK,KT,수원,7521,18:30,21:13,163,9,250,68,6,12,4,17,17.0
20230803WOLG0,2023-08-03,2023,WO,LG,잠실,12179,18:30,23:00,270,12,403,101,10,21,9,21,23.666666666666664
20230804HHHT0,2023-08-04,2023,HH,HT,광주,11495,18:30,21:46,196,9,296,83,9,18,12,24,17.0
20230804KTOB0,2023-08-04,2023,KT,OB,잠실,6358,18:31,22:12,221,9,319,80,14,10,7,16,18.0
20230804LGSS0,2023-08-04,2023,LG,SS,대구,10856,18:30,21:23,173,9,254,67,6,7,9,15,17.0
20230804SKLT0,2023-08-04,2023,SK,LT,사직,8545,18:31,21:55,204,9,314,77,11,10,5,15,18.0
20230804WONC0,2023-08-04,2023,WO,NC,창원,5107,18:30,21:32,182,9,281,70,9,8,6,11,17.0
20230805HHHT0,2023-08-05,2023,HH,HT,광주,13487,18:00,21:20,200,9,273,78,10,18,12,19,17.0
20230805KTOB0,2023-08-05,2023,KT,OB,잠실,8847,18:01,21:01,180,9,275,73,3,14,11,20,17.0
20230805LGSS0,2023-08-05,2023,LG,SS,대구,15879,18:00,20:34,154,9,245,70,2,8,9,20,17.0
20230805SKLT0,2023-08-05,2023,SK,LT,사직,10670,18:00,22:13,253,10,393,96,14,14,15,29,20.0
20230805WONC0,2023-08-05,2023,WO,NC,창원,8244,18:01,20:51,170,9,267,71,5,11,7,14,17.0
20230806HHHT0,2023-08-06,2023,HH,HT,광주,10125,17:00,21:57,297,12,439,105,16,17,8,17,24.0
20230806KTOB0,2023-08-06,2023,KT,OB,잠실,6744,17:00,19:53,173,9,244,69,3,17,4,12,18.0
20230806LGSS0,2023-08-06,2023,LG,SS,대구,11446,16:59,20:47,228,9,355,85,9,17,11,23,18.0
20230806SKLT0,2023-08-06,2023,SK,LT,사직,8162,17:01,19:24,143,9,242,57,3,17,1,5,17.0
20230806WONC0,2023-08-06,2023,WO,NC,창원,6583,17:00,20:25,205,9,327,84,12,12,19,24,17.0
20230808HHKT0,2023-08-08,2023,HH,KT,수원,9704,18:29,21:07,158,9,268,77,3,16,9,22,17.0
20230808LTWO0,2023-08-08,2023,LT,WO,고척,8376,18:30,22:03,213,9,336,81,8,19,4,18,18.0
20230808NCSK0,2023-08-08,2023,NC,SK,문학,8131,18:29,21:31,182,9,291,68,6,13,2,10,18.0
20230808SSOB0,2023-08-08,2023,SS,OB,잠실,8519,18:30,21:34,184,9,284,69,5,9,8,15,17.0
20230809HHKT0,2023-08-09,2023,HH,KT,수원,10099,18:30,21:14,164,9,268,79,6,9,18,22,17.0
20230809LGHT0,2023-08-09,2023,LG,HT,광주,3700,18:40,21:36,176,9,273,75,6,15,8,14,18.0
20230809LTWO0,2023-08-09,2023,LT,WO,고척,7424,18:30,22:14,224,9,358,87,15,9,18,24,17.0
20230809NCSK0,2023-08-09,2023,NC,SK,문학,6473,18:30,21:11,161,9,249,64,6,8,3,8,17.0
20230809SSOB0,2023-08-09,2023,SS,OB,잠실,8344,18:31,21:44,193,9,282,75,5,10,10,18,18.0
20230810LTWO0,2023-08-10,2023,LT,WO,고척,6240,18:30,22:39,249,9,376,94,8,14,20,32,18.0
20230811HTLT0,2023-08-11,2023,HT,LT,사직,10118,18:31,21:40,189,9,295,74,5,11,8,21,17.0
20230811NCKT0,2023-08-11,2023,NC,KT,수원,5969,18:29,21:46,197,9,294,78,6,10,10,19,18.0
20230811OBHH0,2023-08-11,2023,OB,HH,한밭,7333,18:30,22:07,217,9,364,89,18,13,15,16,18.0
20230811SSSK0,2023-08-11,2023,SS,SK,문학,7495,18:30,22:08,218,9,350,78,5,14,9,22,18.0
20230811WOLG0,2023-08-11,2023,WO,LG,잠실,11910,18:30,21:27,177,9,275,66,6,12,8,11,17.0
20230812HTLT0,2023-08-12,2023,HT,LT,사직,16677,18:00,21:55,235,9,349,93,9,13,18,29,18.0
20230812NCKT0,2023-08-12,2023,NC,KT,수원,10138,18:00,21:05,185,9,269,78,5,11,7,21,17.666666666666664
20230812OBHH0,2023-08-12,2023,OB,HH,한밭,12000,18:01,21:01,180,9,295,71,5,18,7,16,17.0
20230812SSSK0,2023-08-12,2023,SS,SK,문학,18055,18:00,22:05,245,10,342,84,10,13,5,23,19.666666666666664
20230812WOLG0,2023-08-12,2023,WO,LG,잠실,17624,18:00,21:24,204,9,316,80,10,11,12,20,17.0
20230813HTLT0,2023-08-13,2023,HT,LT,사직,14325,17:01,19:51,170,9,255,68,4,16,7,14,17.0
20230813NCKT0,2023-08-13,2023,NC,KT,수원,9736,16:59,20:17,198,9,303,74,11,13,4,12,17.0
20230813OBHH0,2023-08-13,2023,OB,HH,한밭,11007,17:00,20:23,203,9,302,74,6,17,11,17,17.0
20230813SSSK0,2023-08-13,2023,SS,SK,문학,16473,17:00,19:39,159,9,233,62,4,6,4,14,17.0
20230813WOLG0,2023-08-13,2023,WO,LG,잠실,18279,17:00,20:42,222,9,357,99,14,11,25,33,17.0
20230815HHNC0,2023-08-15,2023,HH,NC,창원,10116,17:00,21:05,245,12,353,94,10,19,6,14,24.0
20230815KTOB0,2023-08-15,2023,KT,OB,잠실,11069,17:01,19:38,157,9,248,62,2,16,1,8,18.0
20230815LGSS0,2023-08-15,2023,LG,SS,대구,14248,17:00,20:13,193,9,294,77,4,16,11,24,17.0
20230815SKLT0,2023-08-15,2023,SK,LT,사직,11871,17:01,20:34,213,9,338,87,10,12,16,25,17.0
20230815WOHT0,2023-08-15,2023,WO,HT,광주,11541,16:59,20:40,221,9,331,86,9,14,15,23,18.0
20230816HHNC0,2023-08-16,2023,HH,NC,창원,5033,18:30,21:38,188,9,280,72,9,8,7,13,18.0
20230816KTOB0,2023-08-16,2023,KT,OB,잠실,5160,18:31,21:54,203,9,307,71,6,16,7,13,18.0
20230816LGSS0,2023-08-16,2023,LG,SS,대구,7441,18:30,21:05,155,9,238,73,4,10,9,16,18.0
20230816SKLT0,2023-08-16,2023,SK,LT,사직,10542,18:30,21:57,207,9,337,81,16,13,11,16,17.0
20230816WOHT0,2023-08-16,2023,WO,HT,광주,7050,18:30,21:44,194,9,323,84,9,17,14,22,17.0
20230817HHNC0,2023-08-17,2023,HH,NC,창원,4875,18:30,22:51,261,10,379,99,13,17,19,30,19.0
20230817KTOB0,2023-08-17,2023,KT,OB,잠실,4943,18:31,22:28,237,9,386,88,5,14,17,30,18.0
20230817LGSS0,2023-08-17,2023,LG,SS,대구,7415,18:30,21:12,162,9,232,67,3,8,6,19,17.0
20230817SKLT0,2023-08-17,2023,SK,LT,사직,9843,18:30,22:38,248,9,365,89,11,14,19,26,17.0
20230817WOHT0,2023-08-17,2023,WO,HT,광주,6159,18:30,21:43,193,9,268,76,10,10,12,20,17.0
20230818HTSS0,2023-08-18,2023,HT,SS,대구,10630,18:30,21:59,209,9,330,83,5,14,14,29,17.0
20230818KTHH0,2023-08-18,2023,KT,HH,한밭,7003,18:30,21:39,189,9,307,82,8,11,17,25,17.0
20230818LGSK0,2023-08-18,2023,LG,SK,문학,14549,18:30,23:03,273,12,414,103,13,18,12,19,24.0
20230818LTWO0,2023-08-18,2023,LT,WO,고척,8817,18:30,21:44,194,9,305,75,11,16,9,14,17.0
20230819HTSS0,2023-08-19,2023,HT,SS,대구,17448,18:00,21:12,192,9,270,76,6,9,11,19,18.0
20230819KTHH0,2023-08-19,2023,KT,HH,한밭,11606,18:00,21:42,222,10,325,82,5,19,9,18,20.0
20230819LGSK0,2023-08-19,2023,LG,SK,문학,23000,18:00,21:21,201,9,297,86,9,11,13,25,18.0
20230819LTWO0,2023-08-19,2023,LT,WO,고척,13423,14:00,17:15,195,9,287,71,6,13,7,16,17.0
20230819NCOB0,2023-08-19,2023,NC,OB,잠실,12240,17:59,21:29,210,9,291,71,9,14,5,12,17.0
20230820HTSS0,2023-08-20,2023,HT,SS,대구,12586,17:00,21:55,207,9,309,80,11,7,10,18,17.0
20230820KTHH0,2023-08-20,2023,KT,HH,한밭,8762,17:00,19:38,158,9,249,67,5,17,3,8,18.0
20230820LGSK0,2023-08-20,2023,LG,SK,문학,18441,17:00,19:48,168,9,269,67,5,11,3,13,17.0
20230820LTWO0,2023-08-20,2023,LT,WO,고척,12545,14:00,17:57,237,9,344,80,9,19,13,18,17.0
20230820NCOB0,2023-08-20,2023,NC,OB,잠실,8286,17:00,21:13,253,9,357,91,11,18,17,28,18.0
20230822HTKT0,2023-08-22,2023,HT,KT,수원,7916,18:29,21:45,196,9,305,77,8,17,12,16,17.0
20230822OBWO0,2023-08-22,2023,OB,WO,고척,6455,18:30,21:17,167,9,257,71,2,18,7,17,18.0
20230822SSHH0,2023-08-22,2023,SS,HH,한밭,5806,18:30,21:40,190,9,290,74,3,14,8,14,18.0
20230823OBWO0,2023-08-23,2023,OB,WO,고척,6455,18:30,22:28,238,9,349,89,12,9,15,23,18.0
20230824HTKT0,2023-08-24,2023,HT,KT,수원,9846,18:30,22:10,220,9,307,80,7,12,10,21,18.0
20230824LTLG0,2023-08-24,2023,LT,LG,잠실,15547,18:30,21:17,167,9,264,67,7,15,4,11,17.0
20230824NCSK0,2023-08-24,2023,NC,SK,문학,6683,18:31,21:07,156,9,258,72,5,10,11,19,17.0
20230824OBWO0,2023-08-24,2023,OB,WO,고척,6819,18:30,22:37,247,9,364,86,14,19,14,21,18.0
20230825HHHT0,2023-08-25,2023,HH,HT,광주,8457,18:29,21:08,159,9,252,66,4,14,5,12,17.0
20230825KTLT0,2023-08-25,2023,KT,LT,사직,10709,18:30,21:33,183,9,291,71,3,16,4,14,18.0
20230825LGNC0,2023-08-25,2023,LG,NC,창원,9288,18:30,21:08,158,9,273,76,4,19,15,22,17.0
20230825SKOB0,2023-08-25,2023,SK,OB,잠실,8363,18:30,21:12,162,9,269,72,9,13,11,17,17.0
20230825WOSS0,2023-08-25,2023,WO,SS,대구,11135,18:30,21:41,191,9,305,86,8,11,11,23,18.0
20230826HHHT0,2023-08-26,2023,HH,HT,광주,16812,18:00,21:09,189,9,286,79,4,5,16,27,17.0
20230826KTLT0,2023-08-26,2023,KT,LT,사직,15657,18:01,21:38,217,9,308,89,11,12,14,27,18.0
20230826LGNC0,2023-08-26,2023,LG,NC,창원,13484,18:00,21:17,197,9,301,79,6,12,12,23,17.666666666666664
20230826SKOB0,2023-08-26,2023,SK,OB,잠실,15101,18:00,21:57,237,9,347,87,17,12,12,17,18.0
20230826WOSS0,2023-08-26,2023,WO,SS,대구,17586,18:00,21:09,189,9,275,78,6,11,11,21,17.0
20230827HHHT0,2023-08-27,2023,HH,HT,광주,12627,17:00,19:59,179,9,261,67,7,11,7,9,17.0
20230827KTLT0,2023-08-27,2023,KT,LT,사직,10735,17:00,19:47,167,9,259,68,2,19,3,14,18.0
20230827LGNC0,2023-08-27,2023,LG,NC,창원,8771,17:00,20:30,210,9,275,74,9,6,8,19,17.0
20230827SKOB0,2023-08-27,2023,SK,OB,잠실,11300,17:00,21:23,263,10,358,90,7,16,13,24,20.0
20230827WOSS0,2023-08-27,2023,WO,SS,대구,13461,18:01,21:02,181,9,284,78,6,10,14,24,17.0
20230830WOSK0,2023-08-30,2023,WO,SK,문학,7809,18:30,22:01,211,9,341,89,8,11,18,32,17.0
20230831LTHH0,2023-08-31,2023,LT,HH,한밭,7179,18:30,22:01,211,9,315,78,5,18,7,17,18.0
20230831NCHT0,2023-08-31,2023,NC,HT,광주,7152,18:30,21:23,173,9,306,79,9,10,16,19,17.0
20230831OBLG0,2023-08-31,2023,OB,LG,잠실,17859,18:30,22:05,215,10,334,85,6,13,5,20,19.666666666666664
20230831SSKT0,2023-08-31,2023,SS,KT,수원,8071,18:29,21:20,171,9,273,72,5,10,10,18,17.0
20230831WOSK0,2023-08-31,2023,WO,SK,문학,9780,18:29,23:01,272,12,406,107,9,19,11,26,24.0
20230901HHLG0,2023-09-01,2023,HH,LG,잠실,20381,18:30,21:14,164,9,261,74,7,15,10,16,17.0
20230901HTSK0,2023-09-01,2023,HT,SK,문학,17281,18:30,21:41,191,9,326,78,4,13,12,19,18.0
20230901KTWO0,2023-09-01,2023,KT,WO,고척,3746,18:30,21:34,184,9,296,75,15,12,8,14,17.0
20230901NCSS0,2023-09-01,2023,NC,SS,대구,12843,18:29,21:37,188,9,320,77,7,11,10,18,18.0
20230902HHLG0,2023-09-02,2023,HH,LG,잠실,23574,14:00,17:08,188,9,291,74,5,16,8,18,18.0
20230902HTSK0,2023-09-02,2023,HT,SK,문학,23000,17:00,20:21,201,9,312,84,9,12,16,22,18.0
20230902KTWO0,2023-09-02,2023,KT,WO,고척,6731,17:01,20:08,187,9,285,70,8,12,3,12,17.0
20230902NCSS0,2023-09-02,2023,NC,SS,대구,20468,17:00,21:55,207,9,302,79,7,11,6,22,18.0
20230903HHLG0,2023-09-03,2023,HH,LG,잠실,22858,14:01,17:33,212,9,340,81,8,8,8,19,18.0
20230903HTSK0,2023-09-03,2023,HT,SK,문학,23000,14:00,17:48,228,9,337,79,9,13,14,20,18.0
20230903KTWO0,2023-09-03,2023,KT,WO,고척,5778,14:01,16:35,154,9,260,68,4,18,7,14,17.0
20230903NCSS0,2023-09-03,2023,NC,SS,대구,14601,14:07,17:26,199,9,290,74,7,12,7,16,17.0
20230903OBLT0,2023-09-03,2023,OB,LT,사직,11436,14:00,16:41,161,9,268,68,4,10,2,11,18.0
20230904OBLT0,2023-09-04,2023,OB,LT,사직,4621,18:29,22:03,214,9,308,79,10,15,7,20,17.0
20230905LGKT0,2023-09-05,2023,LG,KT,수원,10153,18:29,23:31,198,9,299,79,6,11,9,23,18.0
20230905SKHH0,2023-09-05,2023,SK,HH,한밭,5124,18:30,22:22,232,9,366,90,16,15,17,23,18.0
20230905SSLT0,2023-09-05,2023,SS,LT,울산,5999,18:30,22:05,215,9,330,82,12,10,13,22,17.0
20230905WONC0,2023-09-05,2023,WO,NC,창원,3511,18:30,20:58,148,9,240,66,6,20,3,7,17.0
20230906HTOB0,2023-09-06,2023,HT,OB,잠실,20468,18:31,21:46,195,9,331,74,3,19,8,18,18.0
20230906LGKT0,2023-09-06,2023,LG,KT,수원,10075,18:29,21:44,195,9,290,75,8,16,7,15,17.666666666666664
20230906SKHH0,2023-09-06,2023,SK,HH,한밭,7213,18:30,23:12,282,11,407,103,14,23,11,30,21.333333333333336
20230906SSLT0,2023-09-06,2023,SS,LT,울산,6380,18:30,22:19,229,9,335,80,12,19,9,14,18.0
20230906WONC0,2023-09-06,2023,WO,NC,창원,4269,18:30,22:17,227,9,342,81,10,14,10,21,17.0
20230907HTOB0,2023-09-07,2023,HT,OB,잠실,21838,18:30,21:32,182,9,251,69,7,8,3,14,17.0
20230907LGKT0,2023-09-07,2023,LG,KT,수원,10799,18:30,21:48,198,9,303,86,8,12,15,26,18.0
20230907SKHH0,2023-09-07,2023,SK,HH,한밭,7236,18:30,21:39,189,9,295,75,10,13,7,16,17.0
20230907SSLT0,2023-09-07,2023,SS,LT,울산,7156,18:30,22:33,243,11,384,88,6,18,3,20,21.666666666666664
20230907WONC0,2023-09-07,2023,WO,NC,창원,4780,18:31,21:09,158,9,254,71,10,10,7,12,17.0
20230908HHWO0,2023-09-08,2023,HH,WO,고척,7715,18:31,23:13,282,12,392,108,12,19,11,24,24.0
20230908LGHT0,2023-09-08,2023,LG,HT,광주,12280,18:30,21:53,203,9,331,83,10,13,14,21,18.0
20230908LTNC0,2023-09-08,2023,LT,NC,창원,12684,18:30,22:01,211,9,305,76,14,15,7,14,17.0
20230908SKKT0,2023-09-08,2023,SK,KT,수원,7200,18:30,21:57,207,9,344,91,16,14,23,23,17.0
20230908SSOB0,2023-09-08,2023,SS,OB,잠실,15991,18:30,22:32,242,9,325,91,15,11,15,24,17.333333333333336
20230909HHWO1,2023-09-09,2023,HH,WO,고척,9962,14:00,17:16,196,9,335,83,9,12,13,23,18.0
20230909HHWO2,2023-09-09,2023,HH,WO,고척,10028,17:47,21:25,218,9,296,81,15,10,4,15,18.0
20230909LGHT1,2023-09-09,2023,LG,HT,광주,11820,14:00,17:32,212,9,314,78,8,8,13,19,17.0
20230909LGHT2,2023-09-09,2023,LG,HT,광주,18462,18:04,21:52,228,9,343,88,12,10,19,27,17.0
20230909LTNC1,2023-09-09,2023,LT,NC,창원,10933,14:00,17:09,189,9,318,78,7,15,7,16,18.0
20230909LTNC2,2023-09-09,2023,LT,NC,창원,17861,17:39,21:29,230,9,289,79,10,18,11,20,17.0
20230909SKKT0,2023-09-09,2023,SK,KT,수원,13739,16:59,22:01,302,12,442,108,11,18,16,27,24.0
20230909SSOB1,2023-09-09,2023,SS,OB,잠실,14279,14:01,16:47,166,9,260,76,5,9,6,19,18.0
20230909SSOB2,2023-09-09,2023,SS,OB,잠실,21514,17:17,20:20,183,9,295,68,11,16,4,10,17.0
20230910HHWO0,2023-09-10,2023,HH,WO,고척,11313,14:00,17:56,236,9,347,92,13,12,17,26,18.0
20230910LGHT0,2023-09-10,2023,LG,HT,광주,13948,14:01,17:58,237,9,322,86,13,12,15,23,17.0
20230910LTNC0,2023-09-10,2023,LT,NC,창원,13984,14:00,16:51,171,9,259,67,3,17,4,14,17.0
20230910SKKT0,2023-09-10,2023,SK,KT,수원,11212,13:59,17:29,210,9,343,83,8,13,11,26,18.0
20230910SSOB0,2023-09-10,2023,SS,OB,잠실,17467,14:00,17:23,203,9,339,82,10,8,10,19,17.0
20230912HHOB0,2023-09-12,2023,HH,OB,잠실,10169,18:30,21:40,190,9,300,77,9,13,11,17,17.0
20230912HTSS0,2023-09-12,2023,HT,SS,대구,9037,18:30,22:09,219,9,330,85,11,9,19,23,17.0
20230912KTSK0,2023-09-12,2023,KT,SK,문학,10309,18:30,21:08,158,9,283,64,3,17,3,8,18.0
20230912NCLT0,2023-09-12,2023,NC,LT,사직,8202,18:31,22:14,223,9,325,79,5,19,7,23,18.0
20230913KTNC0,2023-09-13,2023,KT,NC,창원,3919,18:30,21:39,189,9,303,78,6,20,8,21,18.0
20230913LTHT0,2023-09-13,2023,LT,HT,광주,6323,19:10,21:56,120,6,181,47,5,6,4,7,11.0
20230914KTSS0,2023-09-14,2023,KT,SS,대구,6850,18:31,22:45,183,9,298,80,9,14,14,22,17.0
20230914SKOB0,2023-09-14,2023,SK,OB,잠실,7257,18:30,21:22,172,9,265,70,4,9,5,15,17.666666666666664
20230915LGHH0,2023-09-15,2023,LG,HH,한밭,5724,18:40,21:43,136,6,206,54,8,9,7,10,12.0
20230915OBHT0,2023-09-15,2023,OB,HT,광주,7350,18:30,22:39,249,9,360,83,10,17,14,20,18.0
20230915SSNC0,2023-09-15,2023,SS,NC,창원,4129,18:44,21:51,187,9,281,73,12,14,9,12,17.0
20230915WOLT0,2023-09-15,2023,WO,LT,사직,6409,18:30,22:37,247,10,318,94,10,19,9,29,19.333333333333336
20230916SKLG0,2023-09-16,2023,SK,LG,잠실,18576,17:00,20:19,199,9,313,83,10,13,14,24,17.0
20230917KTHH1,2023-09-17,2023,KT,HH,한밭,7406,14:00,16:40,160,9,276,79,5,9,7,21,18.0
20230917KTHH2,2023-09-17,2023,KT,HH,한밭,6228,17:12,23:26,170,9,278,73,5,18,4,13,18.0
20230917LTSS0,2023-09-17,2023,LT,SS,대구,18746,14:00,17:23,203,9,314,77,7,18,11,19,18.0
20230917OBHT0,2023-09-17,2023,OB,HT,광주,12878,14:01,17:26,205,9,304,81,3,12,11,24,18.0
20230917SKLG1,2023-09-17,2023,SK,LG,잠실,15193,14:00,18:07,177,9,291,76,6,10,11,18,17.0
20230917SKLG2,2023-09-17,2023,SK,LG,잠실,14237,18:37,22:23,226,9,374,87,8,11,14,27,17.0
20230918KTHH0,2023-09-18,2023,KT,HH,한밭,3425,18:30,21:12,162,9,269,70,6,11,8,13,17.0
20230918OBHT0,2023-09-18,2023,OB,HT,광주,3482,18:29,21:49,200,9,348,87,9,18,12,26,18.0
20230919LGHT0,2023-09-19,2023,LG,HT,광주,8871,18:30,21:12,162,9,241,74,7,8,7,16,18.0
20230919NCOB0,2023-09-19,2023,NC,OB,잠실,6726,18:29,21:32,183,9,282,67,3,17,3,8,18.0
20230919SKHH0,2023-09-19,2023,SK,HH,한밭,4014,18:30,21:21,171,9,245,73,9,12,8,12,18.0
20230919SSKT0,2023-09-19,2023,SS,KT,수원,7216,18:30,21:48,198,9,305,76,10,11,8,19,17.0
20230919WOLT0,2023-09-19,2023,WO,LT,사직,5523,18:30,21:54,204,9,297,78,5,19,9,20,18.0
20230921HTHH0,2023-09-21,2023,HT,HH,한밭,7747,18:30,22:16,226,9,371,88,14,20,22,23,17.0
20230921LGSK0,2023-09-21,2023,LG,SK,문학,12353,18:30,21:47,197,9,280,66,7,11,3,8,18.0
20230921LTKT0,2023-09-21,2023,LT,KT,수원,7691,18:29,21:06,157,9,254,71,5,19,5,15,17.0
20230921NCWO0,2023-09-21,2023,NC,WO,고척,5178,18:30,21:18,168,9,255,69,4,16,6,13,17.0
20230921OBSS0,2023-09-21,2023,OB,SS,대구,7596,18:45,21:47,182,9,279,72,6,14,6,14,18.0
20230922KTHT0,2023-09-22,2023,KT,HT,광주,10221,18:30,21:46,196,9,308,75,7,19,3,17,17.0
20230922LTSK0,2023-09-22,2023,LT,SK,문학,11561,18:30,21:48,198,9,304,75,6,15,7,17,18.0
20230922NCLG0,2023-09-22,2023,NC,LG,잠실,16269,18:30,22:02,212,9,321,77,11,14,9,13,18.0
20230922OBSS0,2023-09-22,2023,OB,SS,대구,11568,18:30,21:25,175,9,268,71,9,10,4,9,18.0
20230922WOHH0,2023-09-22,2023,WO,HH,한밭,7088,18:30,22:45,255,9,373,94,12,16,17,26,18.0
20230923HHLG0,2023-09-23,2023,HH,LG,잠실,22765,16:59,19:30,151,9,243,62,3,16,4,13,17.0
20230923KTHT0,2023-09-23,2023,KT,HT,광주,13846,17:00,19:59,179,9,285,72,9,11,5,12,18.0
20230923LTSK0,2023-09-23,2023,LT,SK,문학,19725,17:00,19:51,171,9,259,70,6,15,6,19,17.0
20230923OBNC0,2023-09-23,2023,OB,NC,창원,11026,17:00,20:06,186,9,288,74,6,16,4,13,18.0
20230924HHLG0,2023-09-24,2023,HH,LG,잠실,20369,14:00,16:44,164,9,258,68,4,12,6,15,17.0
20230924KTHT0,2023-09-24,2023,KT,HT,광주,10108,14:00,17:09,189,9,268,72,7,9,5,18,18.0
20230924LTSK0,2023-09-24,2023,LT,SK,문학,16280,14:00,17:20,200,9,344,85,13,17,9,20,18.0
20230924OBNC0,2023-09-24,2023,OB,NC,창원,8247,14:00,18:11,251,11,374,88,11,19,11,17,21.0
20230926HTNC0,2023-09-26,2023,HT,NC,창원,6945,18:30,22:13,213,9,315,74,3,17,10,19,18.0
20230927HTNC1,2023-09-27,2023,HT,NC,창원,3775,15:00,17:43,163,9,240,70,6,6,7,15,17.0
20230927HTNC2,2023-09-27,2023,HT,NC,창원,8190,18:29,21:06,157,9,257,70,2,14,7,16,18.0
20230927KTLG1,2023-09-27,2023,KT,LG,잠실,5656,14:59,17:48,169,9,274,71,9,7,4,13,17.0
20230927KTLG2,2023-09-27,2023,KT,LG,잠실,14733,18:30,21:20,170,9,272,67,6,9,3,11,17.0
20230927OBSK1,2023-09-27,2023,OB,SK,문학,6526,15:00,19:04,244,9,383,87,17,11,14,19,18.0
20230927OBSK2,2023-09-27,2023,OB,SK,문학,12132,19:34,22:34,180,9,276,74,6,16,9,19,17.0
20230927SSHH1,2023-09-27,2023,SS,HH,한밭,2807,15:00,18:55,235,9,357,84,11,12,14,23,18.0
20230927SSHH2,2023-09-27,2023,SS,HH,한밭,7281,19:26,22:27,181,9,287,69,7,14,4,13,17.0
20230928HHLT0,2023-09-28,2023,HH,LT,사직,12227,17:01,19:46,165,9,274,69,4,21,3,14,17.0
20230928HTNC0,2023-09-28,2023,HT,NC,창원,11864,17:00,21:01,241,9,397,93,14,10,21,32,17.0
20230928SKWO0,2023-09-28,2023,SK,WO,고척,7082,17:00,19:59,179,9,278,74,7,13,6,15,17.0
20230928SSLG0,2023-09-28,2023,SS,LG,잠실,21057,17:00,20:08,188,9,324,84,4,15,12,22,18.0
20230929HHLT0,2023-09-29,2023,HH,LT,사직,10279,14:00,17:07,187,9,279,77,4,16,10,22,17.0
20230929HTWO0,2023-09-29,2023,HT,WO,고척,14472,14:00,17:57,237,9,341,95,6,13,18,35,18.0
20230929LGOB0,2023-09-29,2023,LG,OB,잠실,20951,14:00,17:07,187,9,280,73,7,5,7,17,17.666666666666664
20230930HTSK0,2023-09-30,2023,HT,SK,문학,22191,14:00,17:08,188,10,268,80,5,10,7,17,19.666666666666664
20230930LGOB0,2023-09-30,2023,LG,OB,잠실,23750,14:12,18:16,244,9,336,71,11,12,4,12,17.0
20230930NCSS0,2023-09-30,2023,NC,SS,대구,24000,14:00,16:50,170,9,257,69,2,8,4,18,17.0
20231001HTSK0,2023-10-01,2023,HT,SK,문학,22701,14:00,17:52,232,10,317,83,11,12,11,19,19.0
20231001LGOB0,2023-10-01,2023,LG,OB,잠실,23750,14:01,16:59,178,9,283,80,8,8,11,19,18.0
20231001NCHH0,2023-10-01,2023,NC,HH,한밭,11004,13:59,16:49,170,9,265,69,2,17,7,17,17.0
20231001SSLT0,2023-10-01,2023,SS,LT,사직,20159,14:00,16:57,177,9,280,75,4,11,13,18,17.0
20231001WOKT0,2023-10-01,2023,WO,KT,수원,11337,13:59,16:50,171,9,290,77,9,12,9,18,17.0
20231002LGKT0,2023-10-02,2023,LG,KT,수원,18700,13:59,17:35,216,9,327,85,14,11,9,21,18.0
20231002NCHH0,2023-10-02,2023,NC,HH,한밭,12000,14:00,16:44,164,9,272,72,7,16,10,15,17.0
20231002SSLT1,2023-10-02,2023,SS,LT,사직,15868,14:00,17:34,214,9,336,85,8,9,17,23,18.0
20231002SSLT2,2023-10-02,2023,SS,LT,사직,16293,18:05,21:54,229,9,320,84,16,6,14,15,18.0
20231002WOOB0,2023-10-02,2023,WO,OB,잠실,18050,14:00,16:45,165,9,282,74,10,9,9,14,17.0
20231003HTKT0,2023-10-03,2023,HT,KT,수원,16841,14:00,17:16,196,9,274,71,6,9,4,13,18.0
20231003NCSK0,2023-10-03,2023,NC,SK,문학,14507,14:00,17:10,190,9,292,79,10,10,16,21,17.0
20231003SSLT0,2023-10-03,2023,SS,LT,사직,13042,14:00,16:42,162,9,298,76,7,13,14,22,17.0
20231003WOOB0,2023-10-03,2023,WO,OB,잠실,14588,14:01,17:44,223,9,333,88,9,11,11,24,18.0
20231004HHSS0,2023-10-04,2023,HH,SS,대구,12571,18:30,21:57,207,9,337,88,12,8,18,23,18.0
20231004HTKT1,2023-10-04,2023,HT,KT,수원,3908,15:00,18:07,187,9,320,85,14,8,12,20,18.0
20231004HTKT2,2023-10-04,2023,HT,KT,수원,5907,19:43,22:13,150,9,218,66,5,9,5,17,17.0
20231004LGLT0,2023-10-04,2023,LG,LT,사직,6970,18:29,22:20,231,9,336,85,11,16,13,24,18.0
20231004NCSK0,2023-10-04,2023,NC,SK,문학,8006,18:39,21:52,193,9,291,78,7,11,15,23,17.0
20231005HHSS0,2023-10-05,2023,HH,SS,대구,14483,18:30,20:59,149,9,261,65,2,18,4,12,17.0
20231005HTKT0,2023-10-05,2023,HT,KT,수원,7264,18:31,21:12,161,9,256,67,3,14,8,13,17.0
20231005LGLT0,2023-10-05,2023,LG,LT,사직,10040,18:29,21:36,187,9,303,78,7,10,8,17,18.0
20231005NCSK0,2023-10-05,2023,NC,SK,문학,9004,18:29,21:39,190,9,282,73,11,7,7,12,17.0
20231006HHSK0,2023-10-06,2023,HH,SK,문학,15755,18:30,21:23,173,9,277,74,8,11,9,18,17.0
20231006HTLG0,2023-10-06,2023,HT,LG,잠실,23750,18:30,21:39,189,9,281,73,9,7,5,17,18.0
20231006SSKT0,2023-10-06,2023,SS,KT,수원,8132,18:29,21:32,183,9,299,77,9,16,8,14,18.0
20231007HHKT0,2023-10-07,2023,HH,KT,수원,15210,16:59,20:03,184,9,311,82,10,15,17,22,17.0
20231007LGWO0,2023-10-07,2023,LG,WO,고척,13301,17:00,19:49,169,9,265,76,6,12,8,20,17.0
20231007LTOB0,2023-10-07,2023,LT,OB,잠실,19916,17:00,20:21,201,9,319,79,9,20,9,17,18.0
20231007SKNC0,2023-10-07,2023,SK,NC,창원,13479,17:01,20:45,224,9,313,78,9,19,5,17,17.0
20231008HHKT0,2023-10-08,2023,HH,KT,수원,15197,14:00,17:18,198,9,324,79,10,13,11,16,17.0
20231008LTOB0,2023-10-08,2023,LT,OB,잠실,21392,14:00,16:38,158,9,262,66,1,21,3,15,17.0
20231008SKNC0,2023-10-08,2023,SK,NC,창원,10073,14:00,17:35,215,9,345,81,5,5,18,21,18.0
20231008SSHT0,2023-10-08,2023,SS,HT,광주,16005,13:59,16:53,174,9,257,71,6,13,3,14,17.0
20231009HHNC0,2023-10-09,2023,HH,NC,창원,8716,14:00,18:16,256,9,382,83,13,10,17,18,17.0
20231009LTLG0,2023-10-09,2023,LT,LG,잠실,22807,14:00,17:07,187,9,306,80,12,8,9,16,18.0
20231009SSHT0,2023-10-09,2023,SS,HT,광주,12758,13:59,17:35,216,9,327,75,8,15,4,16,17.0
20231010HHNC0,2023-10-10,2023,HH,NC,창원,7342,18:31,21:23,172,9,262,66,4,16,2,13,17.0
20231010LTLG0,2023-10-10,2023,LT,LG,잠실,18521,18:30,21:23,173,9,279,69,5,14,7,11,17.0
20231010OBKT0,2023-10-10,2023,OB,KT,수원,10937,18:31,22:27,236,9,359,86,15,17,9,20,17.666666666666664
20231010SKHT0,2023-10-10,2023,SK,HT,광주,8333,18:31,22:08,217,9,327,80,8,20,11,22,18.0
20231010SSWO0,2023-10-10,2023,SS,WO,고척,11757,18:30,21:46,196,9,295,70,6,10,8,15,17.0
20231011OBLT0,2023-10-11,2023,OB,LT,사직,9940,18:31,21:51,200,9,341,90,14,16,17,24,17.0
20231011WOHT0,2023-10-11,2023,WO,HT,광주,3656,18:30,21:12,162,9,268,77,8,9,11,16,17.0
20231012LTHT0,2023-10-12,2023,LT,HT,광주,4767,18:30,22:05,215,9,317,84,12,12,11,24,17.0
20231012NCOB0,2023-10-12,2023,NC,OB,잠실,7113,18:31,21:29,178,9,289,73,5,14,12,18,17.0
20231013HTOB0,2023-10-13,2023,HT,OB,잠실,19188,18:30,21:17,167,9,274,62,5,18,4,8,17.0
20231013LGNC0,2023-10-13,2023,LG,NC,창원,6257,18:30,21:23,173,9,303,73,6,11,12,17,17.0
20231013WOSK0,2023-10-13,2023,WO,SK,문학,16783,18:30,21:01,151,9,248,70,9,14,5,13,17.666666666666664
20231014LTHH0,2023-10-14,2023,LT,HH,한밭,9153,17:00,20:56,185,9,283,74,6,11,8,17,17.0
20231014OBLG0,2023-10-14,2023,OB,LG,잠실,21771,17:00,19:44,164,9,253,68,3,12,5,16,18.0
20231014SKSS0,2023-10-14,2023,SK,SS,대구,24000,16:59,20:21,202,9,305,77,10,8,8,19,17.0
20231015LTHH0,2023-10-15,2023,LT,HH,한밭,9840,14:00,16:55,175,9,262,73,6,12,11,18,17.0
20231015OBLG0,2023-10-15,2023,OB,LG,잠실,23750,14:00,17:04,184,9,287,68,10,7,7,12,17.0
20231015SSNC0,2023-10-15,2023,SS,NC,창원,17861,14:02,17:14,192,9,287,73,7,13,8,17,17.0
20231016LTHH0,2023-10-16,2023,LT,HH,한밭,12000,18:30,22:10,220,9,313,78,7,20,9,17,18.0
20231016NCHT0,2023-10-16,2023,NC,HT,광주,5251,18:29,21:40,191,9,301,71,4,16,6,16,17.0
20231016SKOB0,2023-10-16,2023,SK,OB,잠실,15850,18:31,21:18,167,9,275,71,8,14,5,11,18.0
20231017NCHT0,2023-10-17,2023,NC,HT,광주,10175,18:29,21:00,151,9,217,69,1,14,8,18,17.0
20231017OBSK0,2023-10-17,2023,OB,SK,문학,21007,18:30,21:09,159,9,252,71,6,9,5,17,17.0
20240323HHLG0,2024-03-23,2024,HH,LG,잠실,23750,14:00,16:49,169,9,286,77,10,8,10,18,17.0
20240323LTSK0,2024-03-23,2024,LT,SK,문학,23000,14:00,17:24,204,9,310,76,10,20,8,17,17.0
20240323OBNC0,2024-03-23,2024,OB,NC,창원,17891,14:01,16:49,168,9,273,74,6,15,7,15,17.666666666666664
20240323SSKT0,2024-03-23,2024,SS,KT,수원,18700,14:00,17:19,199,10,310,86,11,22,8,16,20.0
20240323WOHT0,2024-03-23,2024,WO,HT,광주,20500,13:59,16:46,167,9,302,78,7,9,12,20,17.0
20240324HHLG0,2024-03-24,2024,HH,LG,잠실,23750,14:00,17:04,184,9,307,76,5,13,12,21,18.0
20240324LTSK0,2024-03-24,2024,LT,SK,문학,23000,14:00,17:45,225,9,357,83,13,15,13,20,17.0
20240324OBNC0,2024-03-24,2024,OB,NC,창원,14555,14:00,17:35,184,9,303,78,8,12,9,17,18.0
20240324SSKT0,2024-03-24,2024,SS,KT,수원,18700,14:00,17:17,197,9,320,93,10,6,19,34,18.0
20240326HHSK0,2024-03-26,2024,HH,SK,문학,10541,18:30,21:24,174,9,295,72,9,16,6,9,18.0
20240326LTHT0,2024-03-26,2024,LT,HT,광주,7328,18:30,21:17,167,9,263,70,8,15,3,12,17.0
20240326OBKT0,2024-03-26,2024,OB,KT,수원,4378,18:30,21:28,178,9,320,80,6,24,13,20,18.0
20240326SSLG0,2024-03-26,2024,SS,LG,잠실,14229,18:30,21:09,159,9,247,73,8,8,7,16,17.666666666666664
20240326WONC0,2024-03-26,2024,WO,NC,창원,2839,18:30,21:52,202,9,344,84,14,22,15,19,17.0
20240327HHSK0,2024-03-27,2024,HH,SK,문학,11005,18:29,21:13,164,9,285,71,12,19,4,7,18.0
20240327LTHT0,2024-03-27,2024,LT,HT,광주,8672,18:30,21:27,177,9,283,74,10,19,10,16,17.0
20240327OBKT0,2024-03-27,2024,OB,KT,수원,5271,18:30,21:49,199,9,347,92,13,15,19,26,18.0
20240327SSLG0,2024-03-27,2024,SS,LG,잠실,18041,18:30,22:42,252,12,390,102,17,22,4,16,24.0
20240327WONC0,2024-03-27,2024,WO,NC,창원,3681,18:30,21:15,165,9,290,77,13,14,8,14,17.0
20240328HHSK0,2024-03-28,2024,HH,SK,문학,11755,18:30,22:06,216,9,348,88,12,12,16,28,18.0
20240328OBKT0,2024-03-28,2024,OB,KT,수원,4304,18:30,22:01,211,9,343,91,11,18,15,27,17.333333333333336
20240328SSLG0,2024-03-28,2024,SS,LG,잠실,13420,18:30,21:36,186,9,339,89,8,11,19,30,17.0
20240329HTOB0,2024-03-29,2024,HT,OB,잠실,23750,18:31,22:19,228,9,351,81,14,19,6,12,18.0
20240329KTHH0,2024-03-29,2024,KT,HH,한밭,12000,18:30,20:53,143,9,241,69,2,20,5,16,17.666666666666664
20240329LGWO0,2024-03-29,2024,LG,WO,고척,8465,18:30,21:13,163,9,299,74,6,22,3,14,18.0
20240329NCLT0,2024-03-29,2024,NC,LT,사직,21554,18:31,21:30,179,9,279,65,3,15,4,13,17.0
20240329SKSS0,2024-03-29,2024,SK,SS,대구,21479,18:29,21:09,160,9,282,74,7,13,10,15,18.0
20240330HTOB0,2024-03-30,2024,HT,OB,잠실,23750,17:02,19:51,169,9,303,75,12,16,8,15,17.0
20240330KTHH0,2024-03-30,2024,KT,HH,한밭,12000,14:00,17:20,200,9,333,80,10,15,13,22,17.0
20240330LGWO0,2024-03-30,2024,LG,WO,고척,13462,17:01,19:45,164,9,291,75,5,11,11,19,17.0
20240330NCLT0,2024-03-30,2024,NC,LT,사직,22754,17:02,20:08,186,9,310,79,5,17,8,21,18.0
20240330SKSS0,2024-03-30,2024,SK,SS,대구,24000,17:00,20:46,226,9,386,92,14,25,15,23,18.0
20240331HTOB0,2024-03-31,2024,HT,OB,잠실,23750,14:01,17:08,187,9,334,86,11,15,12,22,18.0
20240331KTHH0,2024-03-31,2024,KT,HH,한밭,12000,14:00,16:43,163,9,295,80,5,15,17,25,17.0
20240331LGWO0,2024-03-31,2024,LG,WO,고척,11822,14:00,16:49,169,9,281,77,7,13,12,22,17.0
20240331NCLT0,2024-03-31,2024,NC,LT,사직,21578,14:00,19:07,307,11,462,108,17,23,15,28,22.0
20240331SKSS0,2024-03-31,2024,SK,SS,대구,22886,13:59,17:35,216,11,351,89,10,15,7,17,22.0
20240402HTKT0,2024-04-02,2024,HT,KT,수원,9682,18:30,21:41,191,9,311,86,8,11,16,24,17.0
20240402LTHH0,2024-04-02,2024,LT,HH,한밭,12000,18:30,22:02,212,9,322,77,11,27,1,12,18.0
20240402NCLG0,2024-04-02,2024,NC,LG,잠실,11845,18:30,22:14,224,9,379,89,13,26,12,21,18.0
20240402OBSK0,2024-04-02,2024,OB,SK,문학,12379,18:29,22:03,214,9,323,87,10,16,19,25,17.0
20240402WOSS0,2024-04-02,2024,WO,SS,대구,8541,18:30,21:07,157,9,298,75,6,11,11,18,18.0
20240403HTKT0,2024-04-03,2024,HT,KT,수원,8050,18:30,21:18,168,9,277,74,1,16,6,20,18.0
20240403NCLG0,2024-04-03,2024,NC,LG,잠실,10239,18:30,21:18,168,9,284,74,10,11,5,15,17.0
20240403OBSK0,2024-04-03,2024,OB,SK,문학,12128,18:30,21:33,183,9,306,69,5,15,8,15,17.0
20240404HTKT0,2024-04-04,2024,HT,KT,수원,10722,18:30,21:28,178,9,301,77,5,15,9,19,18.0
20240404LTHH0,2024-04-04,2024,LT,HH,한밭,12000,18:31,21:44,193,9,296,78,6,15,11,20,17.0
20240404NCLG0,2024-04-04,2024,NC,LG,잠실,11406,18:31,22:47,256,11,420,103,17,11,15,25,21.333333333333336
20240404OBSK0,2024-04-04,2024,OB,SK,문학,14249,18:29,21:16,167,10,282,76,7,20,5,12,19.333333333333336
20240404WOSS0,2024-04-04,2024,WO,SS,대구,8193,18:30,21:09,159,9,291,79,8,17,11,16,18.0
20240405HHWO0,2024-04-05,2024,HH,WO,고척,16000,18:30,21:31,181,9,297,80,11,14,18,22,17.0
20240405KTLG0,2024-04-05,2024,KT,LG,잠실,13818,18:30,22:34,244,10,405,96,15,22,15,21,20.0
20240405OBLT0,2024-04-05,2024,OB,LT,사직,12289,18:29,21:46,197,9,298,79,9,17,7,15,18.0
20240405SKNC0,2024-04-05,2024,SK,NC,창원,5452,18:30,21:01,151,9,275,67,3,15,5,15,17.0
20240405SSHT0,2024-04-05,2024,SS,HT,광주,14233,18:30,21:13,163,9,278,72,8,8,7,14,17.0
20240406HHWO0,2024-04-06,2024,HH,WO,고척,16000,17:01,19:56,175,9,285,73,11,11,13,14,17.0
20240406KTLG0,2024-04-06,2024,KT,LG,잠실,21824,17:00,19:56,176,9,284,77,7,9,12,21,17.333333333333336
20240406OBLT0,2024-04-06,2024,OB,LT,사직,19208,17:00,19:42,162,9,285,69,3,21,9,18,17.0
20240406SKNC0,2024-04-06,2024,SK,NC,창원,11064,17:00,20:04,184,9,334,85,11,15,19,23,17.0
20240406SSHT0,2024-04-06,2024,SS,HT,광주,20500,17:00,20:36,216,9,339,88,14,13,11,20,18.0
20240407HHWO0,2024-04-07,2024,HH,WO,고척,16000,14:00,17:25,205,11,336,90,11,13,7,18,21.0
20240407KTLG0,2024-04-07,2024,KT,LG,잠실,19249,14:01,17:49,228,9,381,94,19,13,23,27,17.0
20240407OBLT0,2024-04-07,2024,OB,LT,사직,16755,14:01,18:09,248,10,353,89,10,13,13,20,19.666666666666664
20240407SKNC0,2024-04-07,2024,SK,NC,창원,8861,13:59,16:39,160,9,294,76,7,17,11,19,17.0
20240407SSHT0,2024-04-07,2024,SS,HT,광주,20500,14:00,17:22,202,9,309,78,9,10,10,15,18.0
20240409HHOB0,2024-04-09,2024,HH,OB,잠실,23598,18:31,21:33,182,9,309,78,12,18,8,17,17.0
20240409KTNC0,2024-04-09,2024,KT,NC,창원,4918,18:30,21:33,183,9,322,75,8,23,7,14,18.0
20240409LGHT0,2024-04-09,2024,LG,HT,광주,11817,18:30,21:26,176,9,314,79,10,17,9,19,17.0
20240409SSLT0,2024-04-09,2024,SS,LT,사직,15076,18:31,21:38,187,9,320,80,6,18,9,21,18.0
20240409WOSK0,2024-04-09,2024,WO,SK,문학,9468,18:30,21:18,168,9,277,76,7,14,13,19,17.0
20240410HHOB0,2024-04-10,2024,HH,OB,잠실,23750,14:01,16:59,178,9,310,77,13,12,11,14,17.0
20240410KTNC0,2024-04-10,2024,KT,NC,창원,9895,14:00,16:43,163,9,286,72,7,11,5,15,17.0
20240410LGHT0,2024-04-10,2024,LG,HT,광주,20500,14:00,17:19,199,9,312,78,7,17,9,21,17.0
20240410SSLT0,2024-04-10,2024,SS,LT,사직,22758,14:01,18:32,271,10,384,97,11,17,17,30,20.0
20240410WOSK0,2024-04-10,2024,WO,SK,문학,20511,14:00,16:38,158,9,264,74,8,16,12,19,17.0
20240411HHOB0,2024-04-11,2024,HH,OB,잠실,22157,18:31,21:15,164,9,289,67,6,21,3,7,18.0
20240411KTNC0,2024-04-11,2024,KT,NC,창원,3311,18:30,22:35,245,10,390,94,9,19,15,27,19.333333333333336
20240411LGHT0,2024-04-11,2024,LG,HT,광주,11475,18:29,21:37,188,9,315,79,8,17,12,24,17.0
20240411SSLT0,2024-04-11,2024,SS,LT,사직,11628,18:31,21:23,172,9,265,73,6,14,4,14,18.0
20240411WOSK0,2024-04-11,2024,WO,SK,문학,7250,18:30,21:25,175,9,295,75,3,16,7,16,18.0
20240412HTHH0,2024-04-12,2024,HT,HH,한밭,12000,18:30,22:12,222,9,355,86,15,14,12,17,18.0
20240412LGOB0,2024-04-12,2024,LG,OB,잠실,19916,18:30,21:22,172,9,271,67,7,19,3,6,18.0
20240412LTWO0,2024-04-12,2024,LT,WO,고척,8838,18:30,21:31,181,9,287,79,7,13,13,21,17.0
20240412NCSS0,2024-04-12,2024,NC,SS,대구,13104,18:30,21:41,191,9,343,83,10,20,11,20,18.0
20240412SKKT0,2024-04-12,2024,SK,KT,수원,6912,18:30,21:54,204,9,333,84,10,15,11,23,17.0
20240413HTHH0,2024-04-13,2024,HT,HH,한밭,12000,14:00,17:55,235,9,367,92,14,13,20,29,18.0
20240413LGOB0,2024-04-13,2024,LG,OB,잠실,23750,17:01,20:20,199,9,286,80,12,14,7,19,17.0
20240413LTWO0,2024-04-13,2024,LT,WO,고척,14197,17:00,19:52,172,9,270,74,6,11,9,19,17.0
20240413NCSS0,2024-04-13,2024,NC,SS,대구,24000,17:00,20:34,214,9,320,79,8,18,7,19,18.0
20240413SKKT0,2024-04-13,2024,SK,KT,수원,13995,17:00,20:17,197,9,353,92,9,11,19,31,18.0
20240414HTHH0,2024-04-14,2024,HT,HH,한밭,12000,14:00,17:18,198,9,320,78,8,20,7,16,18.0
20240414LGOB0,2024-04-14,2024,LG,OB,잠실,22586,14:00,17:29,209,9,337,82,7,13,14,23,17.0
20240414LTWO0,2024-04-14,2024,LT,WO,고척,12333,14:00,17:45,225,9,369,86,15,9,12,24,17.0
20240414NCSS0,2024-04-14,2024,NC,SS,대구,20667,14:00,17:11,191,9,301,80,6,11,17,25,17.0
20240414SKKT0,2024-04-14,2024,SK,KT,수원,11280,14:00,17:08,188,9,330,81,8,14,9,21,18.0
20240416HHNC0,2024-04-16,2024,HH,NC,창원,4658,18:30,21:57,207,9,322,83,12,16,11,16,18.0
20240416HTSK0,2024-04-16,2024,HT,SK,문학,12712,18:30,21:46,196,9,303,76,4,17,10,22,17.666666666666664
20240416KTWO0,2024-04-16,2024,KT,WO,고척,2877,18:31,21:04,153,9,260,76,8,18,9,16,17.0
20240416LTLG0,2024-04-16,2024,LT,LG,잠실,16635,18:30,21:16,166,9,289,70,5,11,9,18,17.0
20240416OBSS0,2024-04-16,2024,OB,SS,대구,7793,18:30,21:26,176,9,296,77,10,13,12,15,17.0
20240417HHNC0,2024-04-17,2024,HH,NC,창원,9921,18:30,21:21,171,9,270,67,5,15,7,15,17.0
20240417HTSK0,2024-04-17,2024,HT,SK,문학,16062,18:30,21:43,193,9,341,83,12,13,14,21,18.0
20240417KTWO0,2024-04-17,2024,KT,WO,고척,3272,18:31,22:07,216,9,343,82,8,12,10,21,18.0
20240417LTLG0,2024-04-17,2024,LT,LG,잠실,16509,18:30,22:01,211,9,318,83,11,13,11,25,17.333333333333336
20240417OBSS0,2024-04-17,2024,OB,SS,대구,8393,18:30,21:34,184,9,327,79,9,13,11,24,17.0
20240418HTSK0,2024-04-18,2024,HT,SK,문학,14263,18:30,21:17,167,9,265,71,5,11,12,16,17.0
20240418KTWO0,2024-04-18,2024,KT,WO,고척,2901,18:30,21:01,151,9,261,72,5,13,3,13,18.0
20240418LTLG0,2024-04-18,2024,LT,LG,잠실,18200,18:30,21:29,179,9,287,77,4,12,11,18,18.0
20240418OBSS0,2024-04-18,2024,OB,SS,대구,8697,18:30,21:35,185,9,319,71,10,24,7,11,17.0
20240419KTLT0,2024-04-19,2024,KT,LT,사직,10636,18:31,21:15,164,9,247,70,6,17,7,18,17.0
20240419LGSK0,2024-04-19,2024,LG,SK,문학,14097,18:29,21:34,185,9,306,73,6,21,5,11,18.0
20240419NCHT0,2024-04-19,2024,NC,HT,광주,16889,18:30,22:00,210,10,325,80,8,13,7,15,19.0
20240419SSHH0,2024-04-19,2024,SS,HH,한밭,12000,18:30,21:28,178,9,294,72,6,11,7,17,17.0
20240419WOOB0,2024-04-19,2024,WO,OB,잠실,10649,18:30,22:09,219,9,366,97,9,17,27,35,17.0
20240420NCHT0,2024-04-20,2024,NC,HT,광주,17462,17:00,19:46,166,9,275,74,8,14,11,14,17.0
20240420SSHH0,2024-04-20,2024,SS,HH,한밭,12000,17:00,19:53,173,9,280,71,6,16,1,15,18.0
20240421KTLT1,2024-04-21,2024,KT,LT,사직,14423,14:01,17:09,188,9,300,85,9,11,18,20,18.0
20240421KTLT2,2024-04-21,2024,KT,LT,사직,7582,17:50,20:40,170,9,271,75,6,16,12,22,17.0
20240421LGSK1,2024-04-21,2024,LG,SK,문학,19858,14:00,17:00,180,9,297,80,8,18,18,21,18.0
20240421LGSK2,2024-04-21,2024,LG,SK,문학,9656,17:40,21:16,216,9,341,84,8,15,10,23,18.0
20240421NCHT0,2024-04-21,2024,NC,HT,광주,20500,14:00,17:59,239,9,405,92,17,13,19,25,18.0
20240421SSHH0,2024-04-21,2024,SS,HH,한밭,12000,14:00,17:14,194,9,313,78,12,17,8,13,18.0
20240421WOOB1,2024-04-21,2024,WO,OB,잠실,13745,14:00,17:06,186,9,317,84,11,10,12,23,18.0
20240421WOOB2,2024-04-21,2024,WO,OB,잠실,6197,17:47,20:19,152,9,237,66,3,7,3,14,17.666666666666664
20240423HHKT0,2024-04-23,2024,HH,KT,수원,10887,18:30,21:55,205,9,336,84,11,16,15,21,17.0
20240423HTWO0,2024-04-23,2024,HT,WO,고척,10205,18:31,22:15,224,10,356,87,7,20,7,21,20.0
20240423LGSS0,2024-04-23,2024,LG,SS,대구,7494,18:30,21:26,144,8,253,66,6,14,10,15,15.0
20240423NCOB0,2024-04-23,2024,NC,OB,잠실,5664,18:31,21:44,193,9,304,74,7,12,7,19,17.0
20240424HHKT0,2024-04-24,2024,HH,KT,수원,12538,18:30,20:53,143,9,248,69,3,16,8,15,17.0
20240424HTWO0,2024-04-24,2024,HT,WO,고척,11048,18:30,21:29,179,9,281,77,10,13,10,16,18.0
20240424LGSS0,2024-04-24,2024,LG,SS,대구,10159,18:30,20:58,148,9,255,68,8,13,6,11,17.0
20240424NCOB0,2024-04-24,2024,NC,OB,잠실,6444,18:30,21:25,175,9,280,72,7,17,4,12,18.0
20240424SKLT0,2024-04-24,2024,SK,LT,사직,8499,18:30,22:04,214,9,318,91,7,11,19,32,18.0
20240425HHKT0,2024-04-25,2024,HH,KT,수원,11247,18:30,21:23,173,9,293,75,8,12,9,18,17.0
20240425HTWO0,2024-04-25,2024,HT,WO,고척,13287,18:30,21:10,160,9,257,81,7,10,15,21,18.0
20240425LGSS0,2024-04-25,2024,LG,SS,대구,12012,18:30,21:35,185,9,319,78,8,13,10,21,18.0
20240425NCOB0,2024-04-25,2024,NC,OB,잠실,7385,18:30,21:21,171,9,282,71,5,15,10,14,17.0
20240425SKLT0,2024-04-25,2024,SK,LT,사직,10518,18:31,21:28,177,9,273,75,7,16,9,16,17.0
20240426HTLG0,2024-04-26,2024,HT,LG,잠실,23750,18:31,22:03,212,9,314,86,13,14,13,24,17.0
20240426KTSK0,2024-04-26,2024,KT,SK,문학,10075,18:29,21:03,154,9,248,68,2,19,7,18,17.0
20240426LTNC0,2024-04-26,2024,LT,NC,창원,16573,18:30,20:59,149,9,276,64,2,24,4,13,17.0
20240426OBHH0,2024-04-26,2024,OB,HH,한밭,12000,18:30,21:39,189,9,320,84,9,19,15,22,18.0
20240426SSWO0,2024-04-26,2024,SS,WO,고척,9519,18:30,21:19,169,9,277,72,4,16,3,13,18.0
20240427HTLG0,2024-04-27,2024,HT,LG,잠실,23750,14:00,17:14,194,9,342,80,10,15,9,22,17.0
20240427KTSK0,2024-04-27,2024,KT,SK,문학,16957,17:00,19:56,176,9,304,75,6,25,7,16,18.0
20240427LTNC0,2024-04-27,2024,LT,NC,창원,17891,17:00,20:07,187,9,294,72,7,12,2,17,17.0
20240427OBHH0,2024-04-27,2024,OB,HH,한밭,12000,17:00,20:19,199,9,316,80,12,7,15,25,17.0
20240427SSWO0,2024-04-27,2024,SS,WO,고척,15073,17:01,20:24,203,9,343,86,11,17,11,20,18.0
20240428HTLG0,2024-04-28,2024,HT,LG,잠실,23750,14:01,17:34,213,9,335,88,9,14,17,28,18.0
20240428KTSK0,2024-04-28,2024,KT,SK,문학,13196,14:00,16:35,155,9,272,75,3,12,17,20,17.0
20240428LTNC0,2024-04-28,2024,LT,NC,창원,17891,14:00,16:49,169,9,276,68,3,15,8,15,17.0
20240428OBHH0,2024-04-28,2024,OB,HH,한밭,12000,14:00,17:56,236,9,374,97,14,15,25,29,18.0
20240428SSWO0,2024-04-28,2024,SS,WO,고척,13354,14:01,17:39,218,9,374,89,10,18,17,24,18.0
20240430KTHT0,2024-04-30,2024,KT,HT,광주,17210,18:30,21:31,181,9,320,83,8,10,15,24,18.0
20240430LGNC0,2024-04-30,2024,LG,NC,창원,7278,18:31,21:13,162,9,283,73,7,16,8,17,17.0
20240430SKHH0,2024-04-30,2024,SK,HH,한밭,12000,18:30,21:40,190,9,308,77,10,9,10,18,17.0
20240430SSOB0,2024-04-30,2024,SS,OB,잠실,20170,18:31,21:25,174,9,283,71,7,10,4,15,17.0
20240430WOLT0,2024-04-30,2024,WO,LT,사직,13376,18:31,21:58,207,9,337,87,12,13,16,24,18.0
20240501KTHT0,2024-05-01,2024,KT,HT,광주,17402,18:30,20:53,143,9,243,76,6,11,10,22,17.0
20240501LGNC0,2024-05-01,2024,LG,NC,창원,10397,18:30,21:20,170,9,277,79,5,14,11,21,18.0
20240501SKHH0,2024-05-01,2024,SK,HH,한밭,12000,18:30,22:24,234,9,367,89,16,16,15,20,18.0
20240501SSOB0,2024-05-01,2024,SS,OB,잠실,23750,18:31,21:22,171,9,294,79,8,12,11,19,18.0
20240501WOLT0,2024-05-01,2024,WO,LT,사직,14791,18:31,21:47,196,9,289,83,6,10,9,23,18.0
20240502KTHT0,2024-05-02,2024,KT,HT,광주,16502,18:30,21:43,193,9,318,84,7,20,17,21,18.0
20240502LGNC0,2024-05-02,2024,LG,NC,창원,6338,18:30,22:39,249,10,394,87,16,20,9,17,20.0
20240502SKHH0,2024-05-02,2024,SK,HH,한밭,10890,18:30,22:02,212,9,303,76,7,11,7,16,18.0
20240502SSOB0,2024-05-02,2024,SS,OB,잠실,20395,18:30,21:16,166,9,270,76,7,12,6,17,18.0
20240502WOLT0,2024-05-02,2024,WO,LT,사직,12569,18:30,21:48,198,9,280,75,6,14,11,20,17.0
20240503HHHT0,2024-05-03,2024,HH,HT,광주,20500,18:30,21:35,185,9,302,77,7,19,6,18,18.0
20240503LTSS0,2024-05-03,2024,LT,SS,대구,24000,18:30,22:32,242,9,358,87,12,16,15,20,18.0
20240503NCSK0,2024-05-03,2024,NC,SK,문학,13737,18:29,22:10,221,9,376,91,16,15,24,24,18.0
20240503OBLG0,2024-05-03,2024,OB,LG,잠실,23750,18:31,21:42,191,9,321,78,6,14,10,21,18.0
20240503WOKT0,2024-05-03,2024,WO,KT,수원,8213,18:30,21:06,156,10,275,75,5,14,3,9,19.666666666666664
20240504HHHT0,2024-05-04,2024,HH,HT,광주,20500,16:59,19:49,170,9,288,79,7,14,12,22,17.0
20240504LTSS0,2024-05-04,2024,LT,SS,대구,24000,17:00,20:14,194,9,334,87,3,12,11,29,18.0
20240504NCSK0,2024-05-04,2024,NC,SK,문학,22079,17:00,21:23,263,9,410,95,22,22,14,21,18.0
20240504OBLG0,2024-05-04,2024,OB,LG,잠실,23750,14:01,17:00,179,9,280,77,9,6,5,16,18.0
20240504WOKT0,2024-05-04,2024,WO,KT,수원,14620,17:00,19:41,161,9,253,74,5,12,8,22,17.0
20240507OBWO0,2024-05-07,2024,OB,WO,고척,7339,18:30,21:16,166,9,276,81,6,8,17,25,18.0
20240507SKLG0,2024-05-07,2024,SK,LG,잠실,13387,18:30,21:43,193,9,316,80,11,20,6,17,18.0
20240508HHLT0,2024-05-08,2024,HH,LT,사직,11407,18:30,21:15,165,9,285,69,3,24,7,14,17.0
20240508HTSS0,2024-05-08,2024,HT,SS,대구,15421,18:30,23:02,272,12,412,99,11,16,6,18,24.0
20240508NCKT0,2024-05-08,2024,NC,KT,수원,4480,18:30,22:40,250,11,391,92,8,19,13,23,21.333333333333336
20240508OBWO0,2024-05-08,2024,OB,WO,고척,6405,18:30,21:19,169,9,253,75,4,8,7,19,18.0
20240508SKLG0,2024-05-08,2024,SK,LG,잠실,15699,18:30,21:32,182,9,296,74,12,18,13,12,17.0
20240509HHLT0,2024-05-09,2024,HH,LT,사직,12774,18:30,22:33,243,9,362,93,11,16,23,32,17.0
20240509HTSS0,2024-05-09,2024,HT,SS,대구,16769,18:30,21:33,183,9,284,73,11,13,7,12,17.0
20240509NCKT0,2024-05-09,2024,NC,KT,수원,6369,18:30,21:26,176,9,313,73,5,17,8,20,17.0
20240509OBWO0,2024-05-09,2024,OB,WO,고척,8658,18:31,21:23,172,9,284,76,3,12,7,21,18.0
20240509SKLG0,2024-05-09,2024,SK,LG,잠실,16823,18:31,21:22,171,9,272,66,8,16,4,9,17.0
20240510KTOB0,2024-05-10,2024,KT,OB,잠실,13013,18:31,21:54,203,9,321,82,11,12,10,24,17.0
20240510LGLT0,2024-05-10,2024,LG,LT,사직,15731,18:31,21:36,185,9,319,82,11,12,10,17,18.0
20240510SKHT0,2024-05-10,2024,SK,HT,광주,18895,18:30,21:40,190,9,301,76,6,17,6,19,18.0
20240510SSNC0,2024-05-10,2024,SS,NC,창원,12438,18:30,21:54,204,9,336,78,12,24,13,15,17.0
20240510WOHH0,2024-05-10,2024,WO,HH,한밭,12000,18:30,22:06,216,10,336,91,7,17,9,27,19.0
20240511LGLT0,2024-05-11,2024,LG,LT,사직,22758,17:02,20:43,221,9,308,79,8,19,3,20,18.0
20240511SSNC0,2024-05-11,2024,SS,NC,창원,17891,17:01,20:35,214,9,348,79,11,22,5,15,18.0
20240511WOHH0,2024-05-11,2024,WO,HH,한밭,12000,14:00,17:13,193,9,339,82,11,18,8,17,18.0
20240512KTOB1,2024-05-12,2024,KT,OB,잠실,16308,14:00,16:49,169,9,284,79,12,11,16,20,17.0
20240512KTOB2,2024-05-12,2024,KT,OB,잠실,9026,17:30,20:30,180,9,318,83,11,17,12,22,17.0
20240512LGLT0,2024-05-12,2024,LG,LT,사직,18914,14:00,17:24,204,9,297,83,12,11,10,20,18.0
20240512SKHT1,2024-05-12,2024,SK,HT,광주,20500,14:00,17:00,180,9,300,71,8,15,5,13,17.0
20240512SKHT2,2024-05-12,2024,SK,HT,광주,12743,17:39,21:49,250,9,350,92,13,12,16,24,18.0
20240512SSNC0,2024-05-12,2024,SS,NC,창원,16181,14:01,16:58,177,9,292,77,6,18,9,17,18.0
20240512WOHH0,2024-05-12,2024,WO,HH,한밭,12000,14:00,16:51,171,9,290,76,8,13,11,18,17.0
20240514LTKT0,2024-05-14,2024,LT,KT,수원,10120,18:30,21:46,196,9,298,77,12,19,11,16,17.0
20240514NCHH0,2024-05-14,2024,NC,HH,한밭,12000,18:30,22:59,269,12,412,105,13,24,10,22,24.0
20240514OBHT0,2024-05-14,2024,OB,HT,광주,18675,18:29,21:39,190,9,304,85,7,10,13,27,18.0
20240514SSSK0,2024-05-14,2024,SS,SK,문학,16595,18:29,21:18,169,9,307,77,8,14,11,17,17.0
20240514WOLG0,2024-05-14,2024,WO,LG,잠실,18479,18:30,21:37,187,9,293,78,7,13,5,17,18.0
20240515NCHH0,2024-05-15,2024,NC,HH,한밭,12000,14:00,17:17,166,7,278,76,8,12,17,26,13.666666666666668
20240515OBHT0,2024-05-15,2024,OB,HT,광주,20500,14:00,17:38,218,9,338,81,8,14,12,22,17.0
20240516LTKT0,2024-05-16,2024,LT,KT,수원,8312,18:30,21:20,170,9,276,68,5,17,2,10,18.0
20240516NCHH0,2024-05-16,2024,NC,HH,한밭,9522,18:30,21:40,190,9,304,79,13,16,7,13,18.0
20240516OBHT0,2024-05-16,2024,OB,HT,광주,15996,18:29,23:09,280,12,407,104,13,13,14,23,24.0
20240516SSSK0,2024-05-16,2024,SS,SK,문학,13791,18:29,21:51,202,9,307,85,10,17,16,22,18.0
20240516WOLG0,2024-05-16,2024,WO,LG,잠실,15054,18:30,22:09,219,9,337,89,17,10,11,23,18.0
20240517HHSS0,2024-05-17,2024,HH,SS,대구,24000,18:30,21:46,196,9,316,78,9,13,12,22,17.0
20240517HTNC0,2024-05-17,2024,HT,NC,창원,12280,18:30,22:02,212,9,340,83,14,11,11,18,18.0
20240517LGKT0,2024-05-17,2024,LG,KT,수원,11374,18:30,22:43,253,9,436,96,21,20,18,24,18.0
20240517LTOB0,2024-05-17,2024,LT,OB,잠실,23750,18:31,21:40,189,9,279,74,4,15,6,15,18.0
20240517SKWO0,2024-05-17,2024,SK,WO,고척,9806,18:30,22:27,237,9,356,82,13,20,9,18,18.0
20240518HHSS0,2024-05-18,2024,HH,SS,대구,24000,17:00,20:54,234,9,348,85,8,14,17,26,17.0
20240518HTNC0,2024-05-18,2024,HT,NC,창원,17891,17:00,20:17,197,9,334,81,9,11,9,19,18.0
20240518LGKT0,2024-05-18,2024,LG,KT,수원,18700,16:59,20:12,193,9,307,85,11,14,13,21,18.0
20240518LTOB0,2024-05-18,2024,LT,OB,잠실,23750,17:00,20:04,184,9,287,76,5,19,11,21,17.0
20240518SKWO0,2024-05-18,2024,SK,WO,고척,12133,17:01,19:53,172,9,291,76,10,19,3,13,18.0
20240519HHSS0,2024-05-19,2024,HH,SS,대구,24000,14:01,17:07,186,9,348,87,10,15,14,23,18.0
20240519HTNC0,2024-05-19,2024,HT,NC,창원,16253,14:00,16:41,161,9,263,67,6,14,3,10,18.0
20240519LGKT0,2024-05-19,2024,LG,KT,수원,15912,14:00,17:01,181,9,309,78,10,15,14,17,17.0
20240519LTOB0,2024-05-19,2024,LT,OB,잠실,23750,13:59,18:16,257,12,374,91,8,16,6,16,24.0
20240519SKWO0,2024-05-19,2024,SK,WO,고척,10049,14:01,17:13,192,9,310,81,10,13,13,20,17.0
20240521HTLT0,2024-05-21,2024,HT,LT,사직,14006,18:30,21:40,190,9,277,68,9,17,7,11,17.0
20240521KTSS0,2024-05-21,2024,KT,SS,대구,13360,18:30,22:35,245,11,387,96,9,17,13,23,22.0
20240521LGHH0,2024-05-21,2024,LG,HH,한밭,9335,18:30,21:30,180,9,313,78,14,15,12,15,17.0
20240521NCWO0,2024-05-21,2024,NC,WO,고척,3940,18:31,21:53,202,9,322,80,4,8,8,20,18.0
20240521SKOB0,2024-05-21,2024,SK,OB,잠실,13917,18:30,21:31,181,9,309,80,8,12,14,23,17.0
20240522HTLT0,2024-05-22,2024,HT,LT,사직,14062,18:31,21:47,196,9,274,69,8,5,6,15,17.0
20240522KTSS0,2024-05-22,2024,KT,SS,대구,13232,18:30,21:14,164,9,270,68,8,22,4,9,17.0
20240522LGHH0,2024-05-22,2024,LG,HH,한밭,9044,18:30,22:24,234,9,343,83,8,15,12,25,17.0
20240522NCWO0,2024-05-22,2024,NC,WO,고척,4337,18:31,21:54,203,9,314,79,5,12,7,21,18.0
20240522SKOB0,2024-05-22,2024,SK,OB,잠실,12642,18:30,21:32,182,9,264,69,9,12,4,9,17.0
20240523HTLT0,2024-05-23,2024,HT,LT,사직,15844,18:31,22:09,218,9,319,82,4,15,16,30,17.0
20240523KTSS0,2024-05-23,2024,KT,SS,대구,13291,18:30,21:34,184,9,300,83,6,15,11,24,18.0
20240523LGHH0,2024-05-23,2024,LG,HH,한밭,10008,18:30,21:49,199,9,319,78,14,15,12,14,18.0
20240523NCWO0,2024-05-23,2024,NC,WO,고척,3897,18:30,21:14,164,9,271,69,8,15,10,14,17.0
20240523SKOB0,2024-05-23,2024,SK,OB,잠실,12131,18:30,21:44,194,9,317,79,10,21,13,19,17.0
20240524HHSK0,2024-05-24,2024,HH,SK,문학,22451,18:30,21:52,202,9,304,81,7,24,12,22,18.0
20240524NCLG0,2024-05-24,2024,NC,LG,잠실,18551,18:31,21:23,172,9,294,77,7,11,15,22,17.0
20240524OBHT0,2024-05-24,2024,OB,HT,광주,20500,18:30,21:53,203,9,322,81,5,13,12,21,18.0
20240524SSLT0,2024-05-24,2024,SS,LT,사직,20577,18:31,22:30,239,9,371,91,14,20,16,21,18.0
20240524WOKT0,2024-05-24,2024,WO,KT,수원,6867,18:30,21:42,192,10,313,82,11,14,9,16,19.0
20240525HHSK0,2024-05-25,2024,HH,SK,문학,23000,16:59,20:48,229,10,345,82,7,15,6,19,20.0
20240525NCLG0,2024-05-25,2024,NC,LG,잠실,22261,14:01,17:17,196,9,334,86,16,12,16,23,17.0
20240525OBHT0,2024-05-25,2024,OB,HT,광주,20500,14:00,17:04,184,9,282,77,6,11,8,23,17.0
20240525SSLT0,2024-05-25,2024,SS,LT,사직,22758,17:01,20:18,197,9,303,76,6,13,13,22,17.0
20240525WOKT0,2024-05-25,2024,WO,KT,수원,12425,17:00,19:56,176,9,282,72,6,15,7,17,17.0
20240526NCLG0,2024-05-26,2024,NC,LG,잠실,17692,14:40,17:29,169,9,266,67,6,10,9,13,17.0
20240526OBHT0,2024-05-26,2024,OB,HT,광주,20500,14:00,16:44,164,9,275,70,9,11,7,12,17.0
20240526SSLT0,2024-05-26,2024,SS,LT,사직,22758,14:01,17:26,205,9,322,82,7,10,10,25,17.0
20240528HTNC0,2024-05-28,2024,HT,NC,창원,8024,18:30,22:00,210,9,361,94,13,18,19,29,18.0
20240528KTOB0,2024-05-28,2024,KT,OB,잠실,8459,18:30,21:57,207,9,357,87,12,16,15,20,18.0
20240528LGSK0,2024-05-28,2024,LG,SK,문학,14116,18:30,21:55,205,9,348,79,13,16,12,14,18.0
20240528LTHH0,2024-05-28,2024,LT,HH,한밭,11168,18:30,21:39,189,9,320,79,6,12,15,24,17.0
20240528WOSS0,2024-05-28,2024,WO,SS,대구,10884,18:31,21:27,176,9,282,76,5,16,7,15,18.0
20240529HTNC0,2024-05-29,2024,HT,NC,창원,7994,18:30,21:54,204,9,346,77,11,19,9,17,18.0
20240529KTOB0,2024-05-29,2024,KT,OB,잠실,8811,18:31,21:41,190,9,315,84,12,14,18,21,17.0
20240529LGSK0,2024-05-29,2024,LG,SK,문학,14413,18:30,22:08,218,9,363,90,14,13,17,22,18.0
20240529LTHH0,2024-05-29,2024,LT,HH,한밭,10807,18:30,21:22,172,9,276,67,8,18,3,11,17.0
20240529WOSS0,2024-05-29,2024,WO,SS,대구,15080,18:30,21:47,197,9,322,88,6,10,16,30,18.0
20240530HTNC0,2024-05-30,2024,HT,NC,창원,7349,18:31,21:14,163,9,287,80,4,13,13,26,18.0
20240530KTOB0,2024-05-30,2024,KT,OB,잠실,7915,18:30,21:17,167,9,268,66,6,13,7,10,17.0
20240530LGSK0,2024-05-30,2024,LG,SK,문학,15902,18:30,21:20,170,9,265,71,8,12,10,15,17.0
20240530LTHH0,2024-05-30,2024,LT,HH,한밭,11405,18:30,21:33,183,9,308,76,8,19,15,20,17.0
20240530WOSS0,2024-05-30,2024,WO,SS,대구,12748,18:31,21:26,175,9,278,71,7,10,6,15,17.0
20240531HHSS0,2024-05-31,2024,HH,SS,대구,24000,18:30,22:12,222,9,319,80,11,14,14,21,17.0
20240531KTHT0,2024-05-31,2024,KT,HT,광주,20500,18:29,21:29,180,9,298,79,7,12,13,21,18.0
20240531LGOB0,2024-05-31,2024,LG,OB,잠실,23750,18:30,21:57,207,9,343,79,7,19,9,20,18.0
20240531NCLT0,2024-05-31,2024,NC,LT,사직,17760,18:31,21:44,193,9,334,83,11,12,18,22,17.0
20240531SKWO0,2024-05-31,2024,SK,WO,고척,5680,18:30,21:23,173,9,256,77,10,19,6,13,18.0
20240601HHSS0,2024-06-01,2024,HH,SS,대구,24000,17:00,19:49,169,9,281,74,8,11,10,14,17.0
20240601KTHT0,2024-06-01,2024,KT,HT,광주,20500,17:01,20:00,179,9,281,76,9,15,6,16,17.0
20240601LGOB0,2024-06-01,2024,LG,OB,잠실,23750,17:00,21:02,242,11,376,95,6,16,13,24,22.0
20240601NCLT0,2024-06-01,2024,NC,LT,사직,22758,17:02,20:23,201,9,290,73,5,16,6,17,18.0
20240601SKWO0,2024-06-01,2024,SK,WO,고척,10462,17:01,19:53,172,9,289,79,10,17,9,16,18.0
20240602HHSS0,2024-06-02,2024,HH,SS,대구,24000,17:00,19:45,165,9,247,69,5,14,1,16,17.0
20240602KTHT0,2024-06-02,2024,KT,HT,광주,20500,17:00,19:54,174,9,310,80,7,15,14,19,18.0
20240602LGOB0,2024-06-02,2024,LG,OB,잠실,23750,14:00,17:37,217,9,352,80,8,13,10,22,18.0
20240602NCLT0,2024-06-02,2024,NC,LT,사직,21896,17:01,20:28,207,9,318,83,8,12,17,23,17.0
20240602SKWO0,2024-06-02,2024,SK,WO,고척,8745,14:00,17:22,202,9,335,78,12,15,8,16,18.0
20240604HHKT0,2024-06-04,2024,HH,KT,수원,11426,18:30,21:45,195,9,329,82,14,14,10,17,18.0
20240604LTHT0,2024-06-04,2024,LT,HT,광주,16158,18:30,21:07,157,9,240,71,3,13,6,18,18.0
20240604OBNC0,2024-06-04,2024,OB,NC,창원,5448,18:30,22:45,255,10,375,90,15,21,5,18,20.0
20240604SSSK0,2024-06-04,2024,SS,SK,문학,10135,18:29,21:19,170,9,277,71,4,17,4,15,18.0
20240604WOLG0,2024-06-04,2024,WO,LG,잠실,14490,18:30,21:32,182,9,341,89,10,13,14,28,18.0
20240605HHKT0,2024-06-05,2024,HH,KT,수원,14626,18:30,21:55,205,9,336,85,9,16,14,22,18.0
20240605LTHT0,2024-06-05,2024,LT,HT,광주,19045,18:30,21:59,209,9,312,79,6,11,12,19,18.0
20240605OBNC0,2024-06-05,2024,OB,NC,창원,9892,18:30,22:41,251,11,413,91,10,25,7,18,22.0
20240605SSSK0,2024-06-05,2024,SS,SK,문학,14532,18:29,21:38,189,9,295,77,8,17,10,19,17.0
20240605WOLG0,2024-06-05,2024,WO,LG,잠실,16681,18:30,21:57,207,9,288,80,17,12,6,15,17.0
20240606HHKT0,2024-06-06,2024,HH,KT,수원,18700,17:00,19:53,173,9,277,74,2,13,6,19,18.0
20240606LTHT0,2024-06-06,2024,LT,HT,광주,20500,14:00,16:58,178,9,308,70,6,13,9,14,17.0
20240606OBNC0,2024-06-06,2024,OB,NC,창원,14517,17:01,19:58,177,9,309,82,7,16,12,23,18.0
20240606SSSK0,2024-06-06,2024,SS,SK,문학,23000,14:00,17:02,182,9,312,74,13,17,4,9,17.0
20240606WOLG0,2024-06-06,2024,WO,LG,잠실,23750,17:00,20:17,197,9,329,77,10,8,12,21,17.0
20240607HTOB0,2024-06-07,2024,HT,OB,잠실,23750,18:31,23:01,270,11,373,102,10,12,11,31,21.0
20240607LGKT0,2024-06-07,2024,LG,KT,수원,13154,18:30,21:30,180,9,279,83,11,10,15,23,18.0
20240607NCHH0,2024-06-07,2024,NC,HH,한밭,12000,18:30,21:31,181,9,302,79,6,10,8,20,18.0
20240607SKLT0,2024-06-07,2024,SK,LT,사직,20678,18:31,22:32,241,9,370,87,17,11,18,22,17.0
20240607SSWO0,2024-06-07,2024,SS,WO,고척,12636,18:31,21:42,191,9,308,82,8,6,12,25,17.0
20240608HTOB0,2024-06-08,2024,HT,OB,잠실,23750,16:59,20:55,236,9,322,86,10,11,17,26,17.0
20240608LGKT0,2024-06-08,2024,LG,KT,수원,18700,17:00,19:48,168,9,305,78,12,12,10,18,18.0
20240608NCHH0,2024-06-08,2024,NC,HH,한밭,12000,17:00,19:27,147,9,254,68,1,8,6,16,18.0
20240608SSWO0,2024-06-08,2024,SS,WO,고척,16000,17:01,19:51,170,9,311,78,8,12,13,20,17.0
20240609HTOB0,2024-06-09,2024,HT,OB,잠실,23750,17:00,20:05,185,9,313,78,9,12,10,19,18.0
20240609LGKT0,2024-06-09,2024,LG,KT,수원,13642,17:01,19:43,162,9,291,78,9,19,13,21,17.0
20240609NCHH0,2024-06-09,2024,NC,HH,한밭,12000,17:00,21:52,292,12,448,110,15,26,6,24,24.0
20240609SKLT1,2024-06-09,2024,SK,LT,사직,13700,14:01,16:49,168,9,296,74,3,11,6,22,18.0
20240609SKLT2,2024-06-09,2024,SK,LT,사직,22758,17:51,20:31,160,9,231,67,3,11,8,18,17.0
20240609SSWO0,2024-06-09,2024,SS,WO,고척,13509,14:01,17:12,191,9,310,81,11,20,8,16,18.0
20240611HHOB0,2024-06-11,2024,HH,OB,잠실,18475,18:30,21:25,175,9,288,73,7,17,7,17,18.0
20240611HTSK0,2024-06-11,2024,HT,SK,문학,16007,18:29,22:37,248,10,361,93,10,21,13,30,19.333333333333336
20240611KTNC0,2024-06-11,2024,KT,NC,창원,4279,18:30,21:57,207,9,341,85,9,17,14,23,17.0
20240611LGSS0,2024-06-11,2024,LG,SS,대구,12436,18:30,22:06,216,9,343,85,8,18,10,24,17.0
20240611WOLT0,2024-06-11,2024,WO,LT,사직,9948,18:31,21:31,180,9,306,76,10,19,7,14,18.0
20240612HHOB0,2024-06-12,2024,HH,OB,잠실,21630,18:30,21:45,195,9,289,76,1,13,7,21,18.0
20240612HTSK0,2024-06-12,2024,HT,SK,문학,16483,18:30,22:23,233,9,356,93,12,17,20,28,18.0
20240612KTNC0,2024-06-12,2024,KT,NC,창원,4123,18:31,21:52,201,9,358,84,12,20,19,22,18.0
20240612LGSS0,2024-06-12,2024,LG,SS,대구,13511,18:30,21:25,175,9,290,73,7,12,9,16,17.0
20240612WOLT0,2024-06-12,2024,WO,LT,사직,11390,18:31,21:21,170,9,259,74,6,11,11,18,17.0
20240613HHOB0,2024-06-13,2024,HH,OB,잠실,20253,18:30,21:34,184,9,292,83,9,10,15,23,17.0
20240613HTSK0,2024-06-13,2024,HT,SK,문학,18290,18:30,21:23,173,9,269,74,8,19,8,15,17.0
20240613KTNC0,2024-06-13,2024,KT,NC,창원,3764,18:30,20:55,145,9,243,66,4,14,8,12,17.0
20240613LGSS0,2024-06-13,2024,LG,SS,대구,14485,18:29,21:06,157,9,258,72,8,8,9,13,17.0
20240613WOLT0,2024-06-13,2024,WO,LT,사직,11941,18:31,21:59,208,9,337,93,10,6,28,33,17.0
20240614HTKT0,2024-06-14,2024,HT,KT,수원,18420,18:30,21:31,181,9,313,82,12,17,12,20,18.0
20240614LTLG0,2024-06-14,2024,LT,LG,잠실,23750,18:31,21:22,171,9,285,71,7,15,8,14,17.0
20240614OBWO0,2024-06-14,2024,OB,WO,고척,8680,18:30,21:33,183,9,307,79,4,11,10,23,18.0
20240614SKHH0,2024-06-14,2024,SK,HH,한밭,12000,18:30,21:44,194,9,321,90,11,15,15,28,18.0
20240614SSNC0,2024-06-14,2024,SS,NC,창원,12394,18:30,21:45,195,9,302,76,2,22,11,21,18.0
20240615HTKT0,2024-06-15,2024,HT,KT,수원,18700,17:00,20:09,189,9,308,71,7,17,3,8,18.0
20240615LTLG0,2024-06-15,2024,LT,LG,잠실,23750,17:00,21:55,295,9,418,93,12,19,17,30,18.0
20240615OBWO0,2024-06-15,2024,OB,WO,고척,13954,17:00,20:06,186,9,273,76,4,17,5,19,18.0
20240615SKHH0,2024-06-15,2024,SK,HH,한밭,12000,17:00,20:25,205,9,338,87,7,14,10,25,18.0
20240615SSNC0,2024-06-15,2024,SS,NC,창원,17891,16:59,20:37,218,9,331,80,8,18,10,22,17.0
20240616HTKT0,2024-06-16,2024,HT,KT,수원,18700,17:00,20:07,187,9,297,76,8,15,4,16,18.0
20240616LTLG0,2024-06-16,2024,LT,LG,잠실,23750,17:00,21:25,265,10,376,97,9,13,17,28,19.666666666666664
20240616OBWO0,2024-06-16,2024,OB,WO,고척,13184,14:01,16:56,175,9,295,75,8,13,10,16,17.0
20240616SKHH0,2024-06-16,2024,SK,HH,한밭,12000,17:00,20:10,190,9,317,75,13,21,5,14,17.0
20240616SSNC0,2024-06-16,2024,SS,NC,창원,12860,17:00,20:10,190,9,298,80,8,16,9,19,17.333333333333336
20240618LGHT0,2024-06-18,2024,LG,HT,광주,18131,18:30,21:48,198,9,333,86,13,14,15,24,17.0
20240618LTKT0,2024-06-18,2024,LT,KT,수원,8491,18:30,21:14,164,9,269,70,3,16,10,19,17.0
20240618NCOB0,2024-06-18,2024,NC,OB,잠실,9026,18:30,21:53,203,9,311,79,7,11,8,23,17.0
20240618SKSS0,2024-06-18,2024,SK,SS,대구,10426,18:30,22:04,214,9,351,89,18,13,11,20,18.0
20240618WOHH0,2024-06-18,2024,WO,HH,청주,9000,18:29,21:04,155,9,266,68,5,12,3,13,17.0
20240619LGHT0,2024-06-19,2024,LG,HT,광주,15056,18:30,21:57,207,9,324,84,9,8,12,24,18.0
20240619LTKT0,2024-06-19,2024,LT,KT,수원,9106,18:30,21:46,196,9,317,87,8,15,18,24,18.0
20240619NCOB0,2024-06-19,2024,NC,OB,잠실,11984,18:30,21:48,198,9,301,79,6,15,12,21,18.0
20240619SKSS0,2024-06-19,2024,SK,SS,대구,11488,18:30,21:45,195,9,313,81,12,10,15,19,17.0
20240619WOHH0,2024-06-19,2024,WO,HH,청주,9000,18:30,22:17,227,9,377,97,13,12,25,33,17.0
20240620LGHT0,2024-06-20,2024,LG,HT,광주,14009,18:30,21:29,179,9,278,70,5,13,11,17,17.0
20240620LTKT0,2024-06-20,2024,LT,KT,수원,10496,18:30,22:02,212,9,328,81,8,15,13,26,17.0
20240620NCOB0,2024-06-20,2024,NC,OB,잠실,10909,18:30,20:54,144,9,228,61,2,12,2,9,17.0
20240620SKSS0,2024-06-20,2024,SK,SS,대구,13024,18:30,21:48,198,9,299,73,9,16,4,13,17.0
20240620WOHH0,2024-06-20,2024,WO,HH,청주,9000,18:30,21:14,164,9,284,74,7,12,7,18,18.0
20240621HHHT0,2024-06-21,2024,HH,HT,광주,20500,18:29,21:23,174,9,293,77,13,15,11,14,17.0
20240621KTLG0,2024-06-21,2024,KT,LG,잠실,15537,18:30,21:49,199,9,305,78,14,19,5,12,18.0
20240621LTWO0,2024-06-21,2024,LT,WO,고척,11974,18:31,21:57,206,9,301,74,9,16,7,17,17.0
20240621NCSK0,2024-06-21,2024,NC,SK,문학,13560,18:29,21:47,198,9,281,74,4,19,5,20,18.0
20240621OBSS0,2024-06-21,2024,OB,SS,대구,24000,18:30,21:39,189,9,312,73,7,15,11,17,17.0
20240622LTWO0,2024-06-22,2024,LT,WO,고척,16000,17:01,20:01,180,9,277,75,9,11,7,15,18.0
20240622NCSK0,2024-06-22,2024,NC,SK,문학,19789,17:29,20:41,192,9,323,81,19,13,16,12,17.0
20240623HHHT1,2024-06-23,2024,HH,HT,광주,19085,14:00,17:31,211,9,340,87,11,12,17,24,18.0
20240623HHHT2,2024-06-23,2024,HH,HT,광주,18860,18:09,21:24,195,9,293,74,4,14,5,18,17.0
20240623KTLG1,2024-06-23,2024,KT,LG,잠실,11417,14:00,16:45,165,9,300,75,11,14,9,17,17.0
20240623KTLG2,2024-06-23,2024,KT,LG,잠실,15418,17:45,21:19,214,9,347,78,9,16,7,15,18.0
20240623LTWO0,2024-06-23,2024,LT,WO,고척,16000,14:01,17:33,212,9,332,85,14,15,12,19,18.0
20240623NCSK0,2024-06-23,2024,NC,SK,문학,17200,16:59,21:12,253,9,364,93,12,19,24,30,18.0
20240623OBSS1,2024-06-23,2024,OB,SS,대구,20680,14:00,17:40,220,9,354,85,19,10,11,14,17.0
20240623OBSS2,2024-06-23,2024,OB,SS,대구,24000,18:21,21:27,186,9,316,79,8,13,14,20,17.0
20240625HTLT0,2024-06-25,2024,HT,LT,사직,19110,18:30,23:50,320,12,471,123,14,22,30,36,24.0
20240625KTSK0,2024-06-25,2024,KT,SK,문학,9629,18:30,21:17,167,9,286,74,6,20,7,15,18.0
20240625NCWO0,2024-06-25,2024,NC,WO,고척,5159,18:31,21:58,207,9,313,78,10,15,11,17,17.666666666666664
20240625OBHH0,2024-06-25,2024,OB,HH,한밭,11556,18:29,21:34,185,9,279,74,8,14,9,16,17.0
20240625SSLG0,2024-06-25,2024,SS,LG,잠실,21989,18:31,20:35,124,9,226,58,1,8,4,8,17.0
20240626HTLT0,2024-06-26,2024,HT,LT,사직,19755,18:32,22:10,218,9,313,80,10,15,10,25,17.0
20240626KTSK0,2024-06-26,2024,KT,SK,문학,10229,18:29,22:03,214,9,348,84,7,19,15,26,17.0
20240626NCWO0,2024-06-26,2024,NC,WO,고척,4698,18:30,22:06,216,9,352,88,15,22,17,22,17.0
20240626OBHH0,2024-06-26,2024,OB,HH,한밭,11564,18:30,22:26,236,9,395,96,20,12,23,25,18.0
20240626SSLG0,2024-06-26,2024,SS,LG,잠실,23281,18:30,21:12,162,9,271,69,6,23,3,9,17.333333333333336
20240627HTLT0,2024-06-27,2024,HT,LT,사직,12867,18:31,21:38,187,9,314,80,10,9,13,22,17.0
20240627KTSK0,2024-06-27,2024,KT,SK,문학,10684,18:29,22:18,229,9,354,95,7,14,24,32,18.0
20240627NCWO0,2024-06-27,2024,NC,WO,고척,4726,18:31,21:55,204,9,312,84,10,17,16,25,17.0
20240627OBHH0,2024-06-27,2024,OB,HH,한밭,11128,18:30,21:16,166,9,285,74,6,17,11,18,17.0
20240627SSLG0,2024-06-27,2024,SS,LG,잠실,22114,18:30,21:10,160,9,258,71,7,9,3,13,18.0
20240628HHLT0,2024-06-28,2024,HH,LT,사직,22758,18:31,21:45,194,9,304,76,5,19,10,19,17.0
20240628LGNC0,2024-06-28,2024,LG,NC,창원,13506,18:30,21:27,177,9,299,75,9,15,10,14,17.0
20240628SKOB0,2024-06-28,2024,SK,OB,잠실,17367,18:30,21:11,161,9,282,70,6,14,10,15,17.0
20240628SSKT0,2024-06-28,2024,SS,KT,수원,14678,18:30,21:15,165,9,251,72,4,8,9,15,17.333333333333336
20240628WOHT0,2024-06-28,2024,WO,HT,광주,18601,18:30,22:15,225,9,364,99,10,15,23,31,18.0
20240629SKOB0,2024-06-29,2024,SK,OB,잠실,20020,17:00,19:38,118,7,211,53,2,11,6,16,13.0
20240630LGNC0,2024-06-30,2024,LG,NC,창원,6991,17:00,20:32,212,9,342,85,13,14,15,21,18.0
20240630SKOB0,2024-06-30,2024,SK,OB,잠실,13985,16:59,20:38,219,9,322,74,8,18,4,14,18.0
20240630SSKT1,2024-06-30,2024,SS,KT,수원,8357,14:01,17:15,194,9,308,75,9,20,4,14,18.0
20240630SSKT2,2024-06-30,2024,SS,KT,수원,12253,17:55,20:32,157,9,251,66,4,13,3,11,17.0
20240702HTSS0,2024-07-02,2024,HT,SS,대구,13230,18:30,22:40,250,10,354,91,9,15,14,24,20.0
20240702KTHH0,2024-07-02,2024,KT,HH,한밭,6794,18:30,22:13,223,11,361,92,4,18,11,24,22.0
20240702LGWO0,2024-07-02,2024,LG,WO,고척,10185,18:30,21:14,164,9,261,71,4,11,6,19,17.0
20240703HTSS0,2024-07-03,2024,HT,SS,대구,17472,18:30,22:00,210,9,318,79,7,15,10,21,18.0
20240703KTHH0,2024-07-03,2024,KT,HH,한밭,9009,18:30,21:22,172,9,275,73,4,21,5,16,18.0
20240703LGWO0,2024-07-03,2024,LG,WO,고척,11135,18:31,21:12,161,9,264,69,3,21,5,16,17.0
20240703LTOB0,2024-07-03,2024,LT,OB,잠실,19727,18:29,22:45,256,9,371,92,17,19,21,25,17.0
20240703SKNC0,2024-07-03,2024,SK,NC,창원,6384,18:30,21:13,163,9,255,69,3,17,5,16,17.0
20240704HTSS0,2024-07-04,2024,HT,SS,대구,17093,18:29,21:34,185,9,306,77,5,20,11,19,18.0
20240704KTHH0,2024-07-04,2024,KT,HH,한밭,8330,18:30,21:54,204,9,335,80,7,14,18,23,17.0
20240704LGWO0,2024-07-04,2024,LG,WO,고척,12819,18:30,21:38,188,9,285,75,9,16,5,12,18.0
20240704LTOB0,2024-07-04,2024,LT,OB,잠실,19372,18:30,22:09,207,9,330,80,13,22,9,14,17.0
20240704SKNC0,2024-07-04,2024,SK,NC,창원,6587,18:30,22:10,220,12,322,84,5,23,2,10,23.0
20240709HHWO0,2024-07-09,2024,HH,WO,고척,14981,18:30,21:09,159,9,254,71,7,17,8,16,17.0
20240709HTLG0,2024-07-09,2024,HT,LG,잠실,22038,18:32,21:42,190,9,300,87,7,9,15,26,18.0
20240709LTSK0,2024-07-09,2024,LT,SK,문학,10051,18:30,21:39,189,9,329,77,9,15,11,18,17.0
20240710HHWO0,2024-07-10,2024,HH,WO,고척,15096,18:31,21:23,172,9,264,75,8,10,7,17,18.0
20240710HTLG0,2024-07-10,2024,HT,LG,잠실,23750,18:30,22:17,227,10,331,80,5,14,7,17,20.0
20240710LTSK0,2024-07-10,2024,LT,SK,문학,14381,18:30,21:28,178,9,270,73,5,20,7,13,18.0
20240710NCSS0,2024-07-10,2024,NC,SS,대구,12507,18:30,21:28,178,9,299,82,5,18,21,26,17.0
20240710OBKT0,2024-07-10,2024,OB,KT,수원,8079,18:30,22:21,231,10,379,91,13,23,13,19,19.666666666666664
20240711HHWO0,2024-07-11,2024,HH,WO,고척,15205,18:31,22:05,214,11,325,89,8,18,9,19,21.333333333333336
20240711HTLG0,2024-07-11,2024,HT,LG,잠실,23750,18:30,21:29,179,9,286,71,6,17,6,12,18.0
20240711LTSK0,2024-07-11,2024,LT,SK,문학,15842,18:29,21:44,195,9,299,76,5,18,9,20,17.0
20240711NCSS0,2024-07-11,2024,NC,SS,대구,15075,18:31,21:37,186,9,299,75,7,19,10,17,17.0
20240711OBKT0,2024-07-11,2024,OB,KT,수원,10182,18:30,22:05,215,9,381,94,16,19,13,24,18.0
20240712KTLT0,2024-07-12,2024,KT,LT,사직,21545,18:31,21:49,198,9,298,82,9,15,9,19,18.0
20240712LGHH0,2024-07-12,2024,LG,HH,한밭,12000,18:30,21:19,169,9,282,71,6,9,6,19,17.0
20240712SKHT0,2024-07-12,2024,SK,HT,광주,17755,18:30,21:47,197,9,330,87,12,10,20,21,18.0
20240712SSOB0,2024-07-12,2024,SS,OB,잠실,22279,18:30,22:00,210,9,327,82,12,19,14,15,18.0
20240712WONC0,2024-07-12,2024,WO,NC,창원,8579,18:30,21:18,168,9,283,74,7,16,11,19,17.0
20240713KTLT0,2024-07-13,2024,KT,LT,사직,22758,18:01,21:06,185,9,277,74,8,16,9,14,18.0
20240713LGHH0,2024-07-13,2024,LG,HH,한밭,12000,18:00,21:04,184,9,297,81,8,12,10,19,18.0
20240713SKHT0,2024-07-13,2024,SK,HT,광주,20500,18:00,22:03,243,9,354,94,9,11,24,28,18.0
20240713SSOB0,2024-07-13,2024,SS,OB,잠실,23750,18:01,21:51,230,9,339,81,15,15,12,18,17.0
20240713WONC0,2024-07-13,2024,WO,NC,창원,11282,18:00,21:16,196,9,305,87,8,10,16,31,17.0
20240714LGHH0,2024-07-14,2024,LG,HH,한밭,12000,17:00,20:12,192,9,312,81,8,17,12,24,18.0
20240714SKHT0,2024-07-14,2024,SK,HT,광주,15444,17:00,21:03,243,9,332,88,15,12,17,23,17.0
20240714SSOB0,2024-07-14,2024,SS,OB,잠실,23750,17:01,20:13,192,9,324,75,11,19,8,14,18.0
20240716KTWO0,2024-07-16,2024,KT,WO,고척,5851,18:30,21:24,174,9,287,76,8,18,7,16,18.0
20240716OBLT0,2024-07-16,2024,OB,LT,울산,7833,18:40,22:30,172,9,262,66,7,13,4,11,17.0
20240717HHNC0,2024-07-17,2024,HH,NC,창원,6870,18:30,21:01,151,9,238,67,1,10,6,17,17.0
20240717KTWO0,2024-07-17,2024,KT,WO,고척,5085,18:30,21:39,189,9,331,79,7,20,11,19,18.0
20240717OBLT0,2024-07-17,2024,OB,LT,울산,9354,18:31,22:51,260,10,362,89,12,21,8,17,19.666666666666664
20240717SKLG0,2024-07-17,2024,SK,LG,잠실,11773,18:31,21:49,198,9,321,86,13,8,21,26,17.0
20240717SSHT0,2024-07-17,2024,SS,HT,광주,13904,18:30,21:46,196,9,327,81,13,12,15,20,17.0
20240718HHNC0,2024-07-18,2024,HH,NC,창원,7550,18:30,21:34,184,9,291,72,5,10,7,18,17.0
20240718KTWO0,2024-07-18,2024,KT,WO,고척,5040,18:32,22:39,247,10,398,103,15,13,20,29,20.0
20240718OBLT0,2024-07-18,2024,OB,LT,울산,9102,18:31,20:56,145,9,260,62,2,17,5,7,18.0
20240718SSHT0,2024-07-18,2024,SS,HT,광주,11429,18:30,22:55,200,9,308,82,9,15,14,25,17.0
20240719HTHH0,2024-07-19,2024,HT,HH,한밭,12000,18:30,21:30,180,9,304,74,6,14,10,16,18.0
20240719LTSS0,2024-07-19,2024,LT,SS,대구,24000,18:29,22:04,215,9,330,83,7,16,16,24,18.0
20240719NCKT0,2024-07-19,2024,NC,KT,수원,7650,18:30,21:29,179,9,284,70,5,18,6,13,17.0
20240719OBLG0,2024-07-19,2024,OB,LG,잠실,23750,18:31,22:07,216,9,329,85,12,9,23,25,17.0
20240719WOSK0,2024-07-19,2024,WO,SK,문학,12715,18:30,21:19,169,9,284,74,8,16,12,16,17.0
20240720HTHH0,2024-07-20,2024,HT,HH,한밭,12000,18:00,21:22,202,9,317,88,8,18,12,26,18.0
20240720LTSS0,2024-07-20,2024,LT,SS,대구,24000,17:59,21:00,181,9,299,89,8,4,25,33,17.0
20240721HTHH0,2024-07-21,2024,HT,HH,한밭,12000,17:00,20:51,231,9,339,88,15,21,15,18,18.0
20240721LTSS0,2024-07-21,2024,LT,SS,대구,24000,17:00,20:33,213,9,321,83,13,16,11,20,17.0
20240721NCKT0,2024-07-21,2024,NC,KT,수원,9188,17:00,19:58,178,9,286,79,7,16,10,20,18.0
20240721OBLG0,2024-07-21,2024,OB,LG,잠실,23211,17:00,19:57,177,9,256,70,6,13,9,16,17.0
20240721WOSK0,2024-07-21,2024,WO,SK,문학,15369,17:00,19:31,151,9,250,69,4,15,9,12,18.0
20240723LGLT0,2024-07-23,2024,LG,LT,사직,18416,18:30,21:44,194,9,300,73,8,22,3,12,18.0
20240723NCHT0,2024-07-23,2024,NC,HT,광주,13756,18:30,21:19,169,9,260,71,3,10,9,18,17.0
20240723SSHH0,2024-07-23,2024,SS,HH,한밭,11501,18:31,21:44,193,9,297,77,7,17,11,20,17.0
20240723WOOB0,2024-07-23,2024,WO,OB,잠실,7292,18:30,21:26,176,9,294,70,6,14,9,17,17.0
20240724NCHT0,2024-07-24,2024,NC,HT,광주,13308,18:30,20:56,110,5,183,45,6,9,7,8,10.0
20240724SKKT0,2024-07-24,2024,SK,KT,수원,6449,18:30,21:40,190,9,281,72,6,11,8,14,17.0
20240724SSHH0,2024-07-24,2024,SS,HH,한밭,11882,18:35,21:16,161,9,258,72,3,15,5,16,17.666666666666664
20240724WOOB0,2024-07-24,2024,WO,OB,잠실,8887,18:31,22:05,214,9,337,79,14,17,11,18,17.0
20240725LGLT0,2024-07-25,2024,LG,LT,사직,20322,18:31,23:17,286,11,424,103,11,22,15,26,22.0
20240725NCHT0,2024-07-25,2024,NC,HT,광주,14130,18:30,22:29,226,9,350,88,14,16,11,18,18.0
20240725SKKT0,2024-07-25,2024,SK,KT,수원,7067,18:30,21:38,163,9,266,72,5,12,6,19,17.0
20240725WOOB0,2024-07-25,2024,WO,OB,잠실,19145,18:30,22:40,168,9,274,74,10,7,7,13,18.0
20240726HTWO0,2024-07-26,2024,HT,WO,고척,16000,18:31,21:38,187,9,267,77,7,15,9,21,17.0
20240726KTSS0,2024-07-26,2024,KT,SS,대구,21891,18:29,21:17,168,9,264,72,4,17,5,13,18.0
20240726LTNC0,2024-07-26,2024,LT,NC,창원,17891,18:30,21:51,201,9,304,75,16,18,11,13,17.0
20240726OBSK0,2024-07-26,2024,OB,SK,문학,15006,18:30,20:50,140,9,260,65,2,25,7,13,17.0
20240727HTWO0,2024-07-27,2024,HT,WO,고척,16000,18:00,21:07,187,9,299,74,7,18,11,16,17.666666666666664
20240727KTSS0,2024-07-27,2024,KT,SS,대구,24000,17:59,20:55,176,9,274,68,6,15,5,12,17.0
20240727LTNC0,2024-07-27,2024,LT,NC,창원,17891,18:01,20:54,173,9,292,80,6,17,11,21,18.0
20240727OBSK0,2024-07-27,2024,OB,SK,문학,19448,18:00,21:12,192,9,305,72,12,13,7,13,17.0
20240728HHLG0,2024-07-28,2024,HH,LG,잠실,23750,17:01,20:57,236,9,347,88,17,9,15,20,18.0
20240728HTWO0,2024-07-28,2024,HT,WO,고척,16000,14:01,17:00,179,9,280,72,4,14,7,14,18.0
20240728KTSS0,2024-07-28,2024,KT,SS,대구,23104,16:59,20:00,181,9,293,76,1,16,7,21,18.0
20240728LTNC0,2024-07-28,2024,LT,NC,창원,17891,17:00,21:34,274,10,400,98,10,22,16,26,20.0
20240728OBSK0,2024-07-28,2024,OB,SK,문학,17619,17:00,20:10,190,9,280,72,7,15,3,17,17.0
20240730HHKT0,2024-07-30,2024,HH,KT,수원,14210,18:30,21:30,180,9,286,75,3,11,10,20,18.0
20240730LTSK0,2024-07-30,2024,LT,SK,문학,17550,18:30,21:58,208,9,331,85,13,12,16,21,17.0
20240730NCWO0,2024-07-30,2024,NC,WO,고척,6925,18:31,21:38,187,9,312,74,10,14,8,14,17.0
20240730OBHT0,2024-07-30,2024,OB,HT,광주,20500,18:30,22:08,218,9,352,91,9,13,19,28,18.0
20240730SSLG0,2024-07-30,2024,SS,LG,잠실,22946,18:32,21:12,160,9,275,73,5,12,8,16,18.0
20240731HHKT0,2024-07-31,2024,HH,KT,수원,14988,18:30,22:10,220,9,367,98,6,16,25,36,18.0
20240731LTSK0,2024-07-31,2024,LT,SK,문학,17563,18:29,23:17,288,12,445,114,10,24,23,33,23.666666666666664
20240731NCWO0,2024-07-31,2024,NC,WO,고척,6918,18:31,21:27,176,9,270,78,10,15,9,15,18.0
20240731OBHT0,2024-07-31,2024,OB,HT,광주,18693,18:30,22:35,245,9,427,113,19,15,36,39,18.0
20240731SSLG0,2024-07-31,2024,SS,LG,잠실,23409,18:30,21:40,190,9,335,86,9,14,16,26,17.0
20240801HHKT0,2024-08-01,2024,HH,KT,수원,15197,18:30,22:15,225,9,389,99,10,22,22,34,18.0
20240801LTSK0,2024-08-01,2024,LT,SK,문학,18828,18:29,21:42,193,9,284,75,8,17,6,12,18.0
20240801NCWO0,2024-08-01,2024,NC,WO,고척,7306,18:31,22:43,252,9,393,91,14,17,23,27,17.0
20240801OBHT0,2024-08-01,2024,OB,HT,광주,20500,18:30,21:57,207,9,307,77,12,14,1,13,18.0
20240801SSLG0,2024-08-01,2024,SS,LG,잠실,23315,18:30,21:47,197,9,313,83,10,10,7,25,18.0
20240802HTHH0,2024-08-02,2024,HT,HH,한밭,12000,18:31,21:44,193,9,294,79,8,14,13,22,17.0
20240802KTNC0,2024-08-02,2024,KT,NC,창원,9845,18:30,22:45,255,10,384,96,14,27,16,25,20.0
20240802SKSS0,2024-08-02,2024,SK,SS,대구,22336,18:31,21:08,157,9,261,70,3,12,7,14,17.666666666666664
20240802WOOB0,2024-08-02,2024,WO,OB,잠실,13209,18:30,22:14,224,10,341,92,9,19,10,24,20.0
20240803HTHH0,2024-08-03,2024,HT,HH,한밭,12000,18:00,21:45,187,9,290,79,4,13,10,24,18.0
20240803LGLT0,2024-08-03,2024,LG,LT,울산,9914,18:01,21:05,184,9,274,77,8,11,11,20,17.0
20240803SKSS0,2024-08-03,2024,SK,SS,대구,24000,18:00,21:05,185,9,322,82,7,16,16,26,17.0
20240803WOOB0,2024-08-03,2024,WO,OB,잠실,15527,18:00,21:25,205,9,337,96,6,17,20,36,18.0
20240804KTNC0,2024-08-04,2024,KT,NC,창원,9568,17:01,20:52,231,9,396,97,17,15,20,28,17.0
20240804SKSS0,2024-08-04,2024,SK,SS,대구,20416,16:58,20:17,199,9,328,81,16,17,11,17,17.0
20240806HHSS0,2024-08-06,2024,HH,SS,대구,16288,18:30,21:57,207,9,325,84,8,14,13,21,18.0
20240806KTHT0,2024-08-06,2024,KT,HT,광주,14457,18:31,21:40,189,9,281,74,7,10,2,14,17.0
20240806LGOB0,2024-08-06,2024,LG,OB,잠실,17065,18:30,22:21,231,9,366,88,14,20,13,24,17.0
20240806NCLT0,2024-08-06,2024,NC,LT,사직,17068,18:32,21:50,198,9,284,77,7,12,11,21,17.0
20240806SKWO0,2024-08-06,2024,SK,WO,고척,8356,18:30,21:46,196,9,322,81,6,14,8,23,18.0
20240807HHSS0,2024-08-07,2024,HH,SS,대구,17114,18:30,21:24,174,9,281,80,6,12,16,25,17.0
20240807KTHT0,2024-08-07,2024,KT,HT,광주,11625,18:30,21:52,202,9,357,95,9,13,15,32,18.0
20240807LGOB0,2024-08-07,2024,LG,OB,잠실,15883,18:30,21:52,202,9,317,76,7,19,12,20,17.0
20240807NCLT0,2024-08-07,2024,NC,LT,사직,18425,18:30,23:04,218,9,344,86,10,12,21,28,17.0
20240807SKWO0,2024-08-07,2024,SK,WO,고척,7792,18:31,21:23,172,9,284,74,7,10,8,18,18.0
20240808HHSS0,2024-08-08,2024,HH,SS,대구,18367,18:30,21:34,184,9,289,74,3,22,10,19,18.0
20240808KTHT0,2024-08-08,2024,KT,HT,광주,11011,18:30,22:08,218,12,375,90,6,23,1,13,24.0
20240808LGOB0,2024-08-08,2024,LG,OB,잠실,16321,18:30,21:21,171,9,312,78,8,16,13,16,18.0
20240808SKWO0,2024-08-08,2024,SK,WO,고척,8000,18:30,20:44,134,9,212,64,3,15,3,13,17.0
20240809LTKT0,2024-08-09,2024,LT,KT,수원,11534,18:31,21:20,169,9,288,82,8,11,16,25,17.0
20240809NCLG0,2024-08-09,2024,NC,LG,잠실,14131,19:10,22:16,186,9,313,80,9,13,19,24,17.0
20240809OBSK0,2024-08-09,2024,OB,SK,문학,12451,18:30,22:51,261,9,424,96,10,16,24,34,18.0
20240809SSHT0,2024-08-09,2024,SS,HT,광주,18448,18:30,22:16,226,9,326,88,10,7,17,26,17.333333333333336
20240809WOHH0,2024-08-09,2024,WO,HH,한밭,11302,18:30,22:11,221,9,345,81,9,18,12,19,17.0
20240810LTKT0,2024-08-10,2024,LT,KT,수원,18700,18:00,21:03,183,9,291,74,8,14,2,15,18.0
20240810NCLG0,2024-08-10,2024,NC,LG,잠실,19151,18:00,21:39,219,9,347,82,15,13,12,18,17.0
20240810OBSK0,2024-08-10,2024,OB,SK,문학,19796,17:59,21:49,230,9,358,85,13,17,16,20,18.0
20240810WOHH0,2024-08-10,2024,WO,HH,한밭,12000,18:01,20:50,169,9,274,71,6,12,4,11,18.0
20240811LTKT0,2024-08-11,2024,LT,KT,수원,13805,18:00,21:48,228,9,351,90,6,19,16,32,18.0
20240811NCLG0,2024-08-11,2024,NC,LG,잠실,18902,18:01,21:05,184,9,274,68,4,12,7,12,17.666666666666664
20240811OBSK0,2024-08-11,2024,OB,SK,문학,16151,18:00,21:32,212,9,361,85,11,19,20,24,17.0
20240811SSHT0,2024-08-11,2024,SS,HT,광주,20500,18:01,22:24,263,11,365,93,3,16,9,26,22.0
20240811WOHH0,2024-08-11,2024,WO,HH,한밭,12000,18:00,21:01,181,9,298,80,7,13,10,19,18.0
20240813HTWO0,2024-08-13,2024,HT,WO,고척,16000,18:31,21:27,176,9,261,69,4,15,2,11,18.0
20240813KTSS0,2024-08-13,2024,KT,SS,대구,15109,18:30,21:29,179,9,306,76,8,12,9,20,17.0
20240813LGHH0,2024-08-13,2024,LG,HH,한밭,11748,18:30,21:46,196,9,311,77,13,18,5,11,18.0
20240813SKNC0,2024-08-13,2024,SK,NC,창원,5121,18:30,21:36,186,9,291,76,9,24,2,13,18.0
20240814HTWO0,2024-08-14,2024,HT,WO,고척,16000,18:30,21:46,196,9,292,75,9,15,3,13,17.333333333333336
20240814KTSS0,2024-08-14,2024,KT,SS,대구,20435,18:30,21:12,162,9,264,67,7,17,4,9,17.0
20240814LGHH0,2024-08-14,2024,LG,HH,한밭,11884,18:30,21:49,199,9,341,79,7,20,14,22,17.0
20240814LTOB0,2024-08-14,2024,LT,OB,잠실,21337,18:31,21:58,207,9,381,90,12,18,14,25,18.0
20240815HTWO0,2024-08-15,2024,HT,WO,고척,16000,17:01,20:10,189,9,308,81,7,14,13,22,18.0
20240815KTSS0,2024-08-15,2024,KT,SS,대구,24000,18:00,20:50,170,9,285,70,1,21,8,17,18.0
20240815LGHH0,2024-08-15,2024,LG,HH,한밭,12000,18:00,21:07,187,9,347,94,13,17,20,27,18.0
20240815LTOB0,2024-08-15,2024,LT,OB,잠실,23750,17:59,21:14,195,9,286,71,9,13,7,14,17.0
20240815SKNC0,2024-08-15,2024,SK,NC,창원,10389,19:30,23:05,215,9,362,87,10,21,15,24,18.0
20240816HHSK0,2024-08-16,2024,HH,SK,문학,21057,18:30,21:13,163,9,280,66,8,21,3,6,18.0
20240816HTLG0,2024-08-16,2024,HT,LG,잠실,23750,18:30,21:31,181,9,280,70,7,17,5,12,18.0
20240816OBKT0,2024-08-16,2024,OB,KT,수원,11443,18:30,21:16,166,9,266,75,5,12,5,16,18.0
20240816SSNC0,2024-08-16,2024,SS,NC,창원,10580,18:30,21:40,190,9,292,74,9,11,10,13,18.0
20240816WOLT0,2024-08-16,2024,WO,LT,사직,21181,18:31,21:18,167,9,271,68,3,16,4,16,17.0
20240817HHSK0,2024-08-17,2024,HH,SK,문학,23000,17:59,21:01,182,9,295,80,4,15,13,25,18.0
20240817HTLG0,2024-08-17,2024,HT,LG,잠실,23750,18:00,21:34,214,9,372,91,14,16,18,27,18.0
20240817OBKT0,2024-08-17,2024,OB,KT,수원,16427,18:00,21:11,191,9,289,77,6,17,5,19,18.0
20240817SSNC0,2024-08-17,2024,SS,NC,창원,17891,18:00,22:02,242,9,376,83,7,15,9,22,18.0
20240817WOLT0,2024-08-17,2024,WO,LT,사직,22758,18:00,21:33,213,9,299,86,4,8,15,29,18.0
20240818HHSK0,2024-08-18,2024,HH,SK,문학,22545,18:00,20:54,174,9,290,76,8,20,8,16,18.0
20240818HTLG0,2024-08-18,2024,HT,LG,잠실,23750,18:01,21:43,169,9,269,69,3,13,4,18,18.0
20240818OBKT0,2024-08-18,2024,OB,KT,수원,12164,18:00,21:13,193,9,289,74,3,18,9,20,17.333333333333336
20240818SSNC0,2024-08-18,2024,SS,NC,창원,12328,18:00,20:56,176,9,268,80,3,14,8,23,18.0
20240818WOLT0,2024-08-18,2024,WO,LT,사직,20740,18:01,21:13,192,10,300,80,6,18,9,19,19.0
20240820NCHH0,2024-08-20,2024,NC,HH,청주,8429,18:59,22:26,183,9,302,71,6,17,5,15,17.0
20240820OBSS0,2024-08-20,2024,OB,SS,포항,10064,18:30,21:31,181,9,287,69,8,18,3,11,17.0
20240820SKLG0,2024-08-20,2024,SK,LG,잠실,12736,18:30,21:37,187,9,310,73,13,13,7,12,17.0
20240820WOKT0,2024-08-20,2024,WO,KT,수원,5858,18:30,21:26,176,9,302,74,8,20,5,13,18.0
20240821LTHT0,2024-08-21,2024,LT,HT,광주,12625,18:30,22:14,202,9,286,78,4,14,11,22,17.0
20240821NCHH0,2024-08-21,2024,NC,HH,청주,8102,18:29,22:15,183,9,317,75,9,11,10,14,18.0
20240821OBSS0,2024-08-21,2024,OB,SS,포항,10268,18:30,21:23,173,9,302,75,6,15,7,16,18.0
20240821SKLG0,2024-08-21,2024,SK,LG,잠실,12008,18:30,21:10,160,9,271,75,5,14,6,15,18.0
20240821WOKT0,2024-08-21,2024,WO,KT,수원,6288,18:30,21:12,162,9,259,73,3,20,5,21,17.0
20240822LTHT0,2024-08-22,2024,LT,HT,광주,12693,18:58,22:29,211,9,321,74,10,13,10,16,17.0
20240822SKLG0,2024-08-22,2024,SK,LG,잠실,11917,18:30,21:30,180,9,296,81,11,10,16,22,17.0
20240822WOKT0,2024-08-22,2024,WO,KT,수원,6181,18:30,20:56,146,9,235,64,3,11,5,13,17.0
20240823HHOB0,2024-08-23,2024,HH,OB,잠실,23750,18:31,21:52,201,9,322,81,11,14,11,17,18.0
20240823HTNC0,2024-08-23,2024,HT,NC,창원,13524,18:31,21:51,200,9,306,82,8,17,21,24,17.0
20240823KTSK0,2024-08-23,2024,KT,SK,문학,10972,18:30,22:19,229,9,346,95,10,19,17,31,18.0
20240823LGWO0,2024-08-23,2024,LG,WO,고척,13852,18:31,21:38,187,9,295,81,9,6,12,22,17.0
20240823LTSS0,2024-08-23,2024,LT,SS,대구,24000,18:30,21:27,177,9,277,69,6,15,8,15,17.0
20240824HHOB0,2024-08-24,2024,HH,OB,잠실,23750,18:00,21:57,237,10,361,87,13,21,13,16,20.0
20240824HTNC0,2024-08-24,2024,HT,NC,창원,16489,18:00,21:36,216,9,288,74,10,11,2,14,18.0
20240824KTSK0,2024-08-24,2024,KT,SK,문학,17053,18:00,21:25,205,9,311,83,9,11,12,21,18.0
20240824LGWO0,2024-08-24,2024,LG,WO,고척,16000,18:01,20:57,176,9,302,78,8,15,7,18,18.0
20240824LTSS0,2024-08-24,2024,LT,SS,대구,24000,18:00,21:13,193,9,322,84,8,15,14,22,18.0
20240825HHOB0,2024-08-25,2024,HH,OB,잠실,23750,18:00,20:46,166,9,262,70,7,13,4,12,18.0
20240825HTNC0,2024-08-25,2024,HT,NC,창원,11712,18:00,21:12,192,9,276,77,6,12,10,20,17.0
20240825KTSK0,2024-08-25,2024,KT,SK,문학,16595,18:00,20:58,178,9,286,73,8,24,7,13,17.0
20240825LGWO0,2024-08-25,2024,LG,WO,고척,16000,14:01,16:18,137,9,249,66,4,15,10,15,17.0
20240825LTSS0,2024-08-25,2024,LT,SS,대구,24000,18:01,21:09,188,9,322,79,9,12,15,18,17.0
20240827HHLT0,2024-08-27,2024,HH,LT,사직,18113,18:30,21:16,166,9,261,69,6,14,4,17,17.0
20240827KTLG0,2024-08-27,2024,KT,LG,잠실,12678,18:30,21:15,165,9,287,72,7,9,7,18,17.0
20240827OBNC0,2024-08-27,2024,OB,NC,창원,4814,18:30,22:24,234,9,345,86,8,18,20,28,18.0
20240827SKHT0,2024-08-27,2024,SK,HT,광주,13038,18:31,21:49,114,5,195,52,4,7,14,21,10.0
20240827SSWO0,2024-08-27,2024,SS,WO,고척,14421,18:31,21:04,153,9,250,64,2,19,1,8,18.0
20240828HHLT0,2024-08-28,2024,HH,LT,사직,22758,18:32,21:30,178,9,281,73,10,18,7,11,18.0
20240828KTLG0,2024-08-28,2024,KT,LG,잠실,13848,18:31,21:58,207,10,328,88,7,16,12,23,20.0
20240828OBNC0,2024-08-28,2024,OB,NC,창원,5869,18:31,21:38,187,9,269,74,8,8,9,15,18.0
20240828SKHT0,2024-08-28,2024,SK,HT,광주,13155,18:30,22:25,235,9,338,88,12,11,13,26,17.0
20240828SSWO0,2024-08-28,2024,SS,WO,고척,13929,18:31,22:17,226,9,388,87,10,13,14,23,18.0
20240829HHLT0,2024-08-29,2024,HH,LT,사직,19434,18:37,00:07,262,9,408,96,12,17,25,38,17.0
20240829KTLG0,2024-08-29,2024,KT,LG,잠실,13832,18:30,21:56,206,9,326,88,7,19,15,27,18.0
20240829OBNC0,2024-08-29,2024,OB,NC,창원,5985,18:30,21:44,187,9,291,72,4,18,12,19,17.0
20240829SKHT0,2024-08-29,2024,SK,HT,광주,12931,18:30,21:43,193,9,306,79,5,13,14,23,18.0
20240829SSWO0,2024-08-29,2024,SS,WO,고척,14903,18:31,21:53,202,11,333,83,8,15,1,11,22.0
20240830LGKT0,2024-08-30,2024,LG,KT,수원,12128,18:30,21:27,177,9,304,85,3,15,18,28,18.0
20240830LTWO0,2024-08-30,2024,LT,WO,고척,15073,18:30,21:49,199,9,330,82,13,13,10,14,18.0
20240831HTSS0,2024-08-31,2024,HT,SS,대구,24000,18:00,22:18,258,9,368,96,15,14,28,27,18.0
20240831KTHH0,2024-08-31,2024,KT,HH,한밭,12000,18:00,21:01,181,9,309,73,6,21,8,15,18.0
20240831LTOB0,2024-08-31,2024,LT,OB,잠실,23750,18:00,21:17,197,9,300,77,8,21,11,13,18.0
20240831NCSK0,2024-08-31,2024,NC,SK,문학,17039,18:00,20:51,171,9,272,72,7,20,9,11,18.0
20240901HTSS0,2024-09-01,2024,HT,SS,대구,24000,14:01,17:20,199,9,309,80,6,16,11,22,18.0
20240901LTOB0,2024-09-01,2024,LT,OB,잠실,23750,14:01,18:44,283,12,417,99,11,27,7,18,24.0
20240901NCSK0,2024-09-01,2024,NC,SK,문학,13039,14:00,17:24,204,9,326,84,13,8,10,19,18.0
20240903LGHT0,2024-09-03,2024,LG,HT,광주,13089,18:31,21:21,170,9,255,74,5,10,12,21,17.0
20240903LTSS0,2024-09-03,2024,LT,SS,대구,24000,18:30,21:24,174,9,271,70,5,19,6,14,17.0
20240903OBHH0,2024-09-03,2024,OB,HH,한밭,12000,18:30,21:09,159,9,269,72,6,15,8,18,17.0
20240903WONC0,2024-09-03,2024,WO,NC,창원,3394,18:30,21:22,172,9,321,82,7,11,16,23,17.0
20240904HHHT0,2024-09-04,2024,HH,HT,광주,15328,18:30,21:49,199,10,302,82,5,17,9,19,20.0
20240904KTLT0,2024-09-04,2024,KT,LT,사직,14041,18:29,21:36,187,9,295,71,2,16,12,18,17.0
20240904OBSS0,2024-09-04,2024,OB,SS,대구,24000,18:30,21:56,206,9,308,78,11,15,10,20,17.0
20240904SKLG0,2024-09-04,2024,SK,LG,잠실,13229,18:30,21:11,161,9,264,67,6,16,5,11,17.0
20240904WONC0,2024-09-04,2024,WO,NC,창원,4956,18:30,21:42,192,9,325,86,15,21,19,20,17.0
20240905HHHT0,2024-09-05,2024,HH,HT,광주,16083,18:30,22:20,230,10,331,83,9,17,7,17,19.333333333333336
20240905KTLT0,2024-09-05,2024,KT,LT,사직,15864,18:30,21:47,197,9,336,88,6,14,14,29,18.0
20240905SKLG0,2024-09-05,2024,SK,LG,잠실,12115,18:30,21:44,194,9,315,72,7,20,6,13,18.0
20240905WONC0,2024-09-05,2024,WO,NC,창원,5214,18:30,22:46,256,11,409,105,15,16,19,25,22.0
20240906HHLG0,2024-09-06,2024,HH,LG,잠실,23750,18:30,21:28,178,9,294,75,7,18,4,16,18.0
20240906KTNC0,2024-09-06,2024,KT,NC,창원,5868,19:29,22:48,199,9,330,84,8,15,12,23,18.0
20240906SSLT0,2024-09-06,2024,SS,LT,사직,22464,18:30,21:55,205,9,325,79,11,15,9,20,18.0
20240906WOHT0,2024-09-06,2024,WO,HT,광주,17103,18:30,22:53,190,9,310,80,6,16,14,23,17.0
20240907HHLG0,2024-09-07,2024,HH,LG,잠실,23750,14:00,17:23,203,9,363,76,10,14,12,20,17.0
20240907NCSS0,2024-09-07,2024,NC,SS,대구,24000,17:00,19:27,147,9,261,75,5,15,10,16,18.0
20240907OBKT0,2024-09-07,2024,OB,KT,수원,18700,17:00,19:48,168,9,307,83,10,16,14,20,18.0
20240907SKLT0,2024-09-07,2024,SK,LT,사직,22758,17:00,21:03,243,12,373,95,9,19,2,15,24.0
20240907WOHT0,2024-09-07,2024,WO,HT,광주,20500,18:00,20:40,160,9,272,73,8,17,8,15,17.0
20240908HHLG0,2024-09-08,2024,HH,LG,잠실,23750,14:01,17:04,183,9,312,87,11,11,17,28,17.0
20240908NCSS0,2024-09-08,2024,NC,SS,대구,24000,14:01,17:28,207,9,325,80,5,18,12,26,17.0
20240908SKLT0,2024-09-08,2024,SK,LT,사직,18116,14:00,17:13,193,9,319,91,5,12,17,31,18.0
20240908WOHT0,2024-09-08,2024,WO,HT,광주,20500,14:00,16:34,154,9,239,69,3,17,7,14,17.0
20240910HHSK0,2024-09-10,2024,HH,SK,문학,19109,18:30,21:21,171,9,278,69,6,18,5,13,17.0
20240910LTLG0,2024-09-10,2024,LT,LG,잠실,23750,18:30,21:40,190,10,298,77,6,13,3,15,20.0
20240910NCKT0,2024-09-10,2024,NC,KT,수원,6721,18:30,21:58,208,9,336,85,12,13,19,24,17.0
20240910OBWO0,2024-09-10,2024,OB,WO,고척,13822,18:30,21:23,173,9,277,73,7,18,8,16,17.0
20240911LTSK0,2024-09-11,2024,LT,SK,문학,16051,18:30,21:56,206,9,324,88,8,21,12,24,18.0
20240911NCKT0,2024-09-11,2024,NC,KT,수원,5815,18:30,21:26,176,9,288,67,4,10,3,12,17.0
20240911SSHH0,2024-09-11,2024,SS,HH,한밭,11670,18:47,22:15,208,9,370,83,11,21,11,19,18.0
20240911WOLG0,2024-09-11,2024,WO,LG,잠실,13393,18:30,21:54,204,9,320,80,9,18,14,20,18.0
20240912LTHT0,2024-09-12,2024,LT,HT,광주,20500,18:30,21:26,176,9,277,75,6,23,10,17,17.0
20240912NCKT0,2024-09-12,2024,NC,KT,수원,5962,18:30,21:27,177,9,279,78,13,12,14,18,17.0
20240912SSHH0,2024-09-12,2024,SS,HH,한밭,11719,18:30,21:19,169,9,304,77,7,17,8,20,18.0
20240913HHLT0,2024-09-13,2024,HH,LT,사직,19675,18:31,21:50,199,9,318,79,7,15,12,19,18.0
20240914HHLT0,2024-09-14,2024,HH,LT,사직,21514,14:00,17:38,218,9,334,90,6,10,21,35,17.0
20240914KTOB0,2024-09-14,2024,KT,OB,잠실,23750,17:00,19:48,168,9,252,64,8,12,3,7,17.0
20240914LGNC0,2024-09-14,2024,LG,NC,창원,15383,17:00,20:14,194,9,313,84,8,15,17,23,18.0
20240914SSSK0,2024-09-14,2024,SS,SK,문학,23000,14:01,17:41,220,9,337,84,10,14,20,24,17.0
20240914WOHT0,2024-09-14,2024,WO,HT,광주,20500,17:00,19:57,177,9,271,69,5,17,5,16,17.0
20240915HHLT0,2024-09-15,2024,HH,LT,사직,22758,14:00,17:31,211,9,321,89,10,13,25,28,17.0
20240915LGNC0,2024-09-15,2024,LG,NC,창원,10826,14:00,16:45,165,9,268,71,9,10,5,16,17.0
20240915SSSK0,2024-09-15,2024,SS,SK,문학,23000,14:00,17:29,209,9,321,87,6,14,23,30,17.0
20240915WOHT0,2024-09-15,2024,WO,HT,광주,20500,14:01,17:38,217,9,323,88,4,13,15,28,18.0
20240916HTKT0,2024-09-16,2024,HT,KT,수원,18700,14:00,17:23,203,9,296,83,7,9,16,28,18.0
20240916WOOB0,2024-09-16,2024,WO,OB,잠실,18894,14:00,18:27,267,10,394,91,18,15,9,14,19.666666666666664
20240917HHNC0,2024-09-17,2024,HH,NC,창원,9403,14:01,17:11,190,9,292,72,7,17,5,13,18.0
20240917HTSK0,2024-09-17,2024,HT,SK,문학,23000,14:00,17:25,205,9,284,75,12,13,2,15,17.0
20240917KTWO0,2024-09-17,2024,KT,WO,고척,11032,14:02,17:12,190,9,293,79,8,15,6,18,18.0
20240917LGLT0,2024-09-17,2024,LG,LT,사직,18742,14:00,17:39,219,9,328,81,12,12,10,21,17.0
20240917SSOB0,2024-09-17,2024,SS,OB,잠실,23750,14:00,17:22,202,9,320,81,12,8,12,19,17.0
20240918HHNC0,2024-09-18,2024,HH,NC,창원,9268,17:00,19:42,162,9,255,67,4,13,7,17,17.0
20240918LGLT0,2024-09-18,2024,LG,LT,사직,21147,17:00,20:05,185,9,296,81,7,14,8,18,18.0
20240918SSKT0,2024-09-18,2024,SS,KT,수원,18700,17:00,20:07,187,9,279,84,11,7,14,21,18.0
20240919HHNC0,2024-09-19,2024,HH,NC,창원,6010,18:30,21:50,200,9,318,81,6,20,13,24,18.0
20240919HTOB0,2024-09-19,2024,HT,OB,잠실,23750,18:30,21:30,180,9,284,76,7,9,13,18,17.0
20240919LGLT0,2024-09-19,2024,LG,LT,사직,16895,18:30,21:33,183,9,298,79,6,16,11,25,18.0
20240919SSKT0,2024-09-19,2024,SS,KT,수원,12617,18:30,22:21,231,9,376,93,14,13,17,31,17.0
20240919WOSK0,2024-09-19,2024,WO,SK,문학,14848,18:30,21:32,182,9,286,79,9,17,14,21,17.0
20240921OBLG1,2024-09-21,2024,OB,LG,잠실,23236,14:01,17:20,199,9,341,90,12,10,21,25,18.0
20240921OBLG2,2024-09-21,2024,OB,LG,잠실,23750,18:20,20:39,139,9,252,61,5,18,2,8,17.0
20240921SKKT0,2024-09-21,2024,SK,KT,수원,15805,16:59,19:48,169,9,261,75,6,14,5,17,18.0
20240922LTHH0,2024-09-22,2024,LT,HH,한밭,12000,14:01,17:33,212,9,335,82,13,15,12,18,17.0
20240922OBLG0,2024-09-22,2024,OB,LG,잠실,23750,14:01,17:09,188,9,307,79,5,8,14,21,17.0
20240922SKKT0,2024-09-22,2024,SK,KT,수원,15049,14:00,16:59,179,9,309,72,9,18,8,10,18.0
20240922WOSS0,2024-09-22,2024,WO,SS,대구,24000,14:00,16:51,171,9,297,79,7,15,17,21,17.0
20240923LTHH0,2024-09-23,2024,LT,HH,한밭,10407,18:30,21:32,182,9,268,70,4,21,5,13,18.0
20240923SKOB0,2024-09-23,2024,SK,OB,잠실,22489,18:30,21:59,209,9,293,80,10,10,12,20,17.0
20240923SSHT0,2024-09-23,2024,SS,HT,광주,20500,18:30,21:11,161,9,278,70,5,16,8,18,17.0
20240924HHWO0,2024-09-24,2024,HH,WO,고척,16000,18:31,21:41,190,9,290,79,8,10,9,21,17.0
20240924LGSK0,2024-09-24,2024,LG,SK,문학,19911,18:30,21:31,181,9,339,86,9,16,19,23,18.0
20240924LTKT0,2024-09-24,2024,LT,KT,수원,13304,18:30,21:22,172,9,278,69,5,13,6,16,17.0
20240924NCOB0,2024-09-24,2024,NC,OB,잠실,22064,18:30,21:27,177,9,274,76,6,12,15,20,17.0
20240924SSHT0,2024-09-24,2024,SS,HT,광주,20500,18:30,21:02,152,9,273,71,9,15,8,13,17.0
20240925HHLG0,2024-09-25,2024,HH,LG,잠실,23750,18:30,21:16,166,9,252,73,5,11,6,18,18.0
20240925LTHT0,2024-09-25,2024,LT,HT,광주,20500,18:31,21:20,169,9,266,71,3,16,7,18,18.0
20240925SKNC0,2024-09-25,2024,SK,NC,창원,6157,18:31,21:37,186,9,300,76,8,23,10,15,18.0
20240925WOSS0,2024-09-25,2024,WO,SS,대구,24000,18:30,21:18,168,9,284,74,7,13,9,17,17.0
20240926OBLT0,2024-09-26,2024,OB,LT,사직,18727,18:31,21:48,197,9,312,83,11,14,7,17,18.0
20240926SKNC0,2024-09-26,2024,SK,NC,창원,6377,18:31,21:14,163,9,295,80,3,24,11,24,18.0
20240926WOLG0,2024-09-26,2024,WO,LG,잠실,21593,18:30,21:23,173,9,299,73,5,19,9,19,17.0
20240927HTHH0,2024-09-27,2024,HT,HH,한밭,12000,18:31,21:21,170,9,290,75,6,15,8,19,17.0
20240927NCLT0,2024-09-27,2024,NC,LT,사직,22758,18:30,21:31,181,9,273,86,11,12,19,28,17.0
20240927WOKT0,2024-09-27,2024,WO,KT,수원,12824,18:30,22:43,253,12,385,108,11,15,15,28,23.666666666666664
20240928HTLT0,2024-09-28,2024,HT,LT,사직,22758,17:00,20:35,215,9,334,89,12,12,20,25,18.0
20240928LGSS0,2024-09-28,2024,LG,SS,대구,24000,17:00,20:51,179,9,314,80,6,13,15,23,18.0
20240928OBNC0,2024-09-28,2024,OB,NC,창원,17891,17:01,20:04,183,9,300,75,8,22,7,14,18.0
20240928SKHH0,2024-09-28,2024,SK,HH,한밭,12000,17:00,20:30,210,9,322,80,9,21,8,17,18.0
20240928WOKT0,2024-09-28,2024,WO,KT,수원,18700,17:00,20:05,185,9,298,80,5,14,17,23,17.0
20240929NCHH0,2024-09-29,2024,NC,HH,한밭,12000,17:00,20:10,190,9,303,81,8,9,9,19,18.0
20240930NCHT0,2024-09-30,2024,NC,HT,광주,20500,18:30,21:54,204,9,342,87,10,17,15,26,17.0
20240930WOSK0,2024-09-30,2024,WO,SK,문학,23000,18:29,21:39,190,9,295,72,6,15,9,15,17.0
20241001LTNC0,2024-10-01,2024,LT,NC,창원,17891,17:00,19:43,163,9,262,71,3,13,6,20,18.0
20250322HHKT0,2025-03-22,2025,HH,KT,수원,18700,14:00,17:00,180,9,305,75,5,16,7,18,18.0
20250322LTLG0,2025-03-22,2025,LT,LG,잠실,23750,14:01,17:02,181,9,319,83,10,16,14,22,17.0
20250322NCHT0,2025-03-22,2025,NC,HT,광주,20500,14:00,17:06,186,9,301,76,7,16,11,19,17.0
20250322OBSK0,2025-03-22,2025,OB,SK,문학,23000,14:00,17:23,203,9,332,81,13,21,11,17,17.0
20250322WOSS0,2025-03-22,2025,WO,SS,대구,24000,14:01,16:49,168,9,322,88,7,17,18,32,17.0
20250323HHKT0,2025-03-23,2025,HH,KT,수원,18700,14:00,16:55,175,11,296,87,9,12,9,15,21.333333333333336
20250323LTLG0,2025-03-23,2025,LT,LG,잠실,23750,14:00,16:53,173,9,308,73,6,17,12,19,17.0
20250323NCHT0,2025-03-23,2025,NC,HT,광주,20500,14:01,16:58,177,9,288,75,8,16,9,16,18.0
20250323OBSK0,2025-03-23,2025,OB,SK,문학,23000,14:00,16:54,174,9,262,73,5,20,7,19,17.0
20250323WOSS0,2025-03-23,2025,WO,SS,대구,24000,14:00,17:30,210,9,340,87,9,20,18,26,17.0
20250325HHLG0,2025-03-25,2025,HH,LG,잠실,23750,18:30,21:00,150,9,260,65,6,16,5,8,17.0
20250325LTSK0,2025-03-25,2025,LT,SK,문학,13860,18:30,22:03,213,11,322,86,10,12,5,14,22.0
20250325NCSS0,2025-03-25,2025,NC,SS,대구,21024,18:30,21:45,195,9,332,86,14,20,19,22,17.0
20250325OBKT0,2025-03-25,2025,OB,KT,수원,8141,18:30,21:39,189,9,331,77,7,14,11,24,17.0
20250325WOHT0,2025-03-25,2025,WO,HT,광주,15053,18:30,21:35,185,9,292,85,6,14,17,27,17.0
20250326HHLG0,2025-03-26,2025,HH,LG,잠실,23750,18:31,21:06,155,9,271,71,11,14,4,12,17.0
20250326LTSK0,2025-03-26,2025,LT,SK,문학,14855,18:30,21:03,153,9,234,66,6,15,4,14,17.0
20250326NCSS0,2025-03-26,2025,NC,SS,대구,24000,18:31,21:29,178,9,305,83,10,12,14,21,18.0
20250326OBKT0,2025-03-26,2025,OB,KT,수원,9607,18:30,21:15,165,9,256,74,3,12,5,19,18.0
20250326WOHT0,2025-03-26,2025,WO,HT,광주,17780,18:31,22:21,230,9,397,108,20,13,27,34,18.0
20250327HHLG0,2025-03-27,2025,HH,LG,잠실,23750,18:31,21:02,151,9,253,65,7,12,3,7,17.0
20250327LTSK0,2025-03-27,2025,LT,SK,문학,14155,18:29,21:34,185,9,293,73,12,20,7,13,17.0
20250327NCSS0,2025-03-27,2025,NC,SS,대구,20781,18:30,22:06,216,9,346,88,13,11,16,22,18.0
20250327OBKT0,2025-03-27,2025,OB,KT,수원,9024,18:30,21:29,179,9,312,75,10,19,7,15,17.0
20250327WOHT0,2025-03-27,2025,WO,HT,광주,12288,18:30,21:45,195,9,310,83,15,11,8,15,18.0
20250328HTHH0,2025-03-28,2025,HT,HH,대전,17000,18:30,21:51,201,9,313,74,10,18,9,15,17.0
20250328KTLT0,2025-03-28,2025,KT,LT,사직,22665,18:31,21:17,166,9,271,71,4,17,2,11,18.0
20250328LGNC0,2025-03-28,2025,LG,NC,창원,15510,18:30,21:56,206,9,338,86,14,18,12,20,18.0
20250328SKWO0,2025-03-28,2025,SK,WO,고척,11002,18:30,21:13,163,9,289,75,5,20,12,18,17.0
20250328SSOB0,2025-03-28,2025,SS,OB,잠실,23750,18:30,20:34,124,9,216,60,3,17,2,10,17.0
20250329HTHH0,2025-03-29,2025,HT,HH,대전,17000,14:01,17:16,195,9,306,75,11,16,9,15,17.0
20250329KTLT0,2025-03-29,2025,KT,LT,사직,22665,17:00,19:23,143,9,244,70,6,14,4,14,17.0
20250329LGNC0,2025-03-29,2025,LG,NC,창원,17943,17:00,19:56,176,9,317,85,9,14,18,20,18.0
20250329SKWO0,2025-03-29,2025,SK,WO,고척,13785,14:00,16:48,168,9,270,70,5,15,4,16,17.0
20250329SSOB0,2025-03-29,2025,SS,OB,잠실,23750,17:00,20:04,184,9,315,79,7,17,15,18,18.0
20250330HTHH0,2025-03-30,2025,HT,HH,대전,17000,14:01,17:05,184,9,280,75,7,15,8,17,18.0
20250330KTLT0,2025-03-30,2025,KT,LT,사직,22665,14:01,17:44,223,11,378,94,12,19,8,17,22.0
20250330SKWO0,2025-03-30,2025,SK,WO,고척,13081,13:59,17:04,185,9,310,79,13,9,10,13,18.0
20250330SSOB0,2025-03-30,2025,SS,OB,잠실,23750,14:00,16:26,146,9,252,66,5,11,5,9,18.0
20250402LGKT0,2025-04-02,2025,LG,KT,수원,7829,18:31,21:36,185,9,348,78,10,17,14,18,17.0
20250402LTHH0,2025-04-02,2025,LT,HH,대전,16252,18:30,21:35,185,9,315,74,6,12,8,18,18.0
20250402SSHT0,2025-04-02,2025,SS,HT,광주,12172,18:30,21:25,175,9,300,72,8,22,6,11,18.0
20250402WOOB0,2025-04-02,2025,WO,OB,잠실,8336,18:31,21:14,163,9,294,76,9,19,8,12,17.0
20250403LGKT0,2025-04-03,2025,LG,KT,수원,8627,18:31,21:32,181,9,286,77,8,12,6,16,18.0
20250403LTHH0,2025-04-03,2025,LT,HH,대전,16559,18:30,21:24,174,9,279,78,7,19,6,17,18.0
20250403SSHT0,2025-04-03,2025,SS,HT,광주,12826,18:30,20:55,145,9,245,68,7,12,4,8,17.0
20250403WOOB0,2025-04-03,2025,WO,OB,잠실,9131,18:30,21:04,154,9,266,71,6,18,7,15,17.0
20250404HHSS0,2025-04-04,2025,HH,SS,대구,24000,18:30,21:03,153,9,266,70,6,16,5,12,17.0
20250404HTLG0,2025-04-04,2025,HT,LG,잠실,23750,18:31,21:27,176,9,295,80,10,13,10,20,17.0
20250404KTSK0,2025-04-04,2025,KT,SK,문학,13323,18:30,22:30,240,11,396,101,20,20,5,18,21.666666666666664
20250404NCWO0,2025-04-04,2025,NC,WO,고척,5161,18:30,21:24,174,9,279,72,9,19,6,13,17.0
20250404OBLT0,2025-04-04,2025,OB,LT,사직,17293,18:31,21:43,192,9,334,89,8,15,18,27,18.0
20250405HHSS0,2025-04-05,2025,HH,SS,대구,24000,14:00,17:17,197,9,329,82,11,10,13,18,18.0
20250405NCWO0,2025-04-05,2025,NC,WO,고척,8895,17:00,20:29,209,9,327,82,14,17,12,16,18.0
20250405OBLT0,2025-04-05,2025,OB,LT,사직,21807,17:05,20:01,176,9,299,73,4,19,7,18,17.0
20250406HHSS0,2025-04-06,2025,HH,SS,대구,24000,14:00,16:46,166,9,295,71,8,14,10,14,17.0
20250406HTLG0,2025-04-06,2025,HT,LG,잠실,23750,14:01,16:32,151,9,243,65,6,17,6,10,17.0
20250406KTSK0,2025-04-06,2025,KT,SK,문학,18679,14:00,16:27,147,9,240,65,5,10,1,13,17.333333333333336
20250406NCWO0,2025-04-06,2025,NC,WO,고척,7041,14:00,17:11,191,9,314,78,10,16,10,18,18.0
20250406OBLT0,2025-04-06,2025,OB,LT,사직,22665,13:59,18:52,293,9,429,108,22,16,27,32,18.0
20250408HHOB0,2025-04-08,2025,HH,OB,잠실,20986,18:30,21:54,204,11,329,95,8,19,11,23,21.666666666666664
20250408HTLT0,2025-04-08,2025,HT,LT,사직,14038,18:30,22:04,214,9,319,81,7,16,9,20,18.0
20250408LGWO0,2025-04-08,2025,LG,WO,고척,10452,18:30,20:59,149,9,273,79,10,11,14,18,18.0
20250408NCKT0,2025-04-08,2025,NC,KT,수원,5233,18:31,21:13,162,9,275,65,8,22,5,8,17.0
20250408SKSS0,2025-04-08,2025,SK,SS,대구,19327,18:31,21:18,167,9,299,75,7,21,10,18,17.0
20250409HHOB0,2025-04-09,2025,HH,OB,잠실,19300,18:30,21:30,180,9,294,80,10,22,9,18,18.0
20250409HTLT0,2025-04-09,2025,HT,LT,사직,13551,18:30,21:19,169,9,277,75,6,12,4,16,18.0
20250409LGWO0,2025-04-09,2025,LG,WO,고척,9967,18:30,20:49,139,9,253,67,7,18,4,10,17.0
20250409NCKT0,2025-04-09,2025,NC,KT,수원,3667,18:40,21:17,157,9,249,71,8,14,5,12,17.0
20250409SKSS0,2025-04-09,2025,SK,SS,대구,20632,18:30,21:50,200,11,325,88,3,27,4,20,22.0
20250410HHOB0,2025-04-10,2025,HH,OB,잠실,21561,18:30,21:28,178,9,305,75,6,19,9,17,18.0
20250410HTLT0,2025-04-10,2025,HT,LT,사직,13726,18:30,21:45,195,9,311,76,7,14,11,19,17.0
20250410LGWO0,2025-04-10,2025,LG,WO,고척,10627,18:30,21:12,162,9,278,77,5,15,10,21,18.0
20250410NCKT0,2025-04-10,2025,NC,KT,수원,5086,18:30,20:52,142,9,258,70,4,22,7,12,18.0
20250410SKSS0,2025-04-10,2025,SK,SS,대구,21291,18:30,22:06,216,10,355,84,8,18,5,18,19.666666666666664
20250411LTNC0,2025-04-11,2025,LT,NC,사직,13728,18:32,21:47,195,9,306,78,8,17,12,19,18.0
20250411OBLG0,2025-04-11,2025,OB,LG,잠실,23750,18:30,20:59,149,9,231,67,5,10,7,12,17.0
20250411SKHT0,2025-04-11,2025,SK,HT,광주,20500,18:30,21:45,195,9,299,81,13,12,12,19,18.0
20250411SSKT0,2025-04-11,2025,SS,KT,수원,17416,18:30,21:08,158,9,257,71,8,13,8,15,17.0
20250411WOHH0,2025-04-11,2025,WO,HH,대전,17000,18:30,21:33,183,9,330,80,7,14,14,21,17.0
20250412LTNC0,2025-04-12,2025,LT,NC,사직,15222,17:01,20:48,156,8,264,63,11,10,2,13,14.333333333333332
20250412OBLG0,2025-04-12,2025,OB,LG,잠실,22938,15:10,18:25,195,9,323,70,11,19,4,12,17.0
20250412WOHH0,2025-04-12,2025,WO,HH,대전,15457,17:00,20:29,209,9,340,88,11,15,8,23,18.0
20250413LTNC0,2025-04-13,2025,LT,NC,사직,21003,14:00,18:00,240,9,378,85,19,17,15,15,17.0
20250413OBLG0,2025-04-13,2025,OB,LG,잠실,23750,14:01,17:44,196,9,345,90,17,17,11,19,18.0
20250413SKHT0,2025-04-13,2025,SK,HT,광주,20500,14:00,16:35,155,9,276,76,8,8,16,19,17.0
20250413SSKT0,2025-04-13,2025,SS,KT,수원,18700,14:00,17:22,194,9,329,83,11,10,11,23,17.0
20250413WOHH0,2025-04-13,2025,WO,HH,대전,17000,14:00,16:56,176,9,289,78,7,16,8,23,17.0
20250415HHSK0,2025-04-15,2025,HH,SK,문학,15618,18:30,21:28,178,9,298,70,8,29,2,6,18.0
20250415KTHT0,2025-04-15,2025,KT,HT,광주,10979,18:30,21:03,153,9,260,68,5,23,1,11,17.0
20250415SSLG0,2025-04-15,2025,SS,LG,잠실,23750,18:31,20:54,143,9,269,66,7,19,3,11,17.0
20250415WOLT0,2025-04-15,2025,WO,LT,사직,9714,18:30,21:55,205,9,317,83,12,13,14,22,17.0
20250416HHSK0,2025-04-16,2025,HH,SK,문학,16785,18:30,21:32,182,9,312,84,8,22,14,22,18.0
20250416KTHT0,2025-04-16,2025,KT,HT,광주,12423,18:30,21:06,156,9,263,67,6,12,3,7,18.0
20250416SSLG0,2025-04-16,2025,SS,LG,잠실,23750,18:31,21:18,167,9,303,78,10,12,14,18,17.0
20250416WOLT0,2025-04-16,2025,WO,LT,사직,11679,18:30,21:28,178,9,293,78,4,17,10,23,17.0
20250417HHSK0,2025-04-17,2025,HH,SK,문학,18098,18:29,21:28,179,9,290,73,5,21,6,16,18.0
20250417KTHT0,2025-04-17,2025,KT,HT,광주,12104,18:30,21:28,178,9,275,79,6,9,9,26,17.333333333333336
20250417SSLG0,2025-04-17,2025,SS,LG,잠실,23750,18:30,21:45,195,9,319,86,13,13,9,19,18.0
20250417WOLT0,2025-04-17,2025,WO,LT,사직,11812,18:30,21:43,193,9,315,78,6,20,8,20,17.0
20250418HTOB0,2025-04-18,2025,HT,OB,잠실,23750,18:30,21:41,191,9,308,75,12,10,8,14,17.0
20250418KTWO0,2025-04-18,2025,KT,WO,고척,4666,18:30,21:42,192,9,278,78,6,20,7,19,17.666666666666664
20250418LGSK0,2025-04-18,2025,LG,SK,문학,18091,18:30,21:11,161,9,247,73,8,13,6,13,18.0
20250418LTSS0,2025-04-18,2025,LT,SS,대구,24000,18:30,21:11,161,9,288,79,3,21,9,23,18.0
20250418NCHH0,2025-04-18,2025,NC,HH,대전,17000,18:30,21:54,204,9,353,86,13,14,16,22,17.0
20250419HTOB0,2025-04-19,2025,HT,OB,잠실,23750,14:00,17:39,219,9,360,83,9,15,12,20,18.0
20250419KTWO0,2025-04-19,2025,KT,WO,고척,8281,17:00,19:46,166,9,305,79,12,20,12,15,18.0
20250419LGSK0,2025-04-19,2025,LG,SK,문학,18727,14:00,20:13,218,9,373,88,12,21,15,22,18.0
20250419LTSS0,2025-04-19,2025,LT,SS,대구,24000,17:00,20:13,193,9,328,82,10,12,13,22,17.0
20250419NCHH0,2025-04-19,2025,NC,HH,대전,17000,17:00,20:13,112,5,179,43,4,12,9,13,9.0
20250420HTOB0,2025-04-20,2025,HT,OB,잠실,23750,14:02,17:47,225,9,344,83,10,21,8,20,18.0
20250420KTWO0,2025-04-20,2025,KT,WO,고척,6859,14:00,16:34,154,9,256,69,2,14,5,13,18.0
20250420LGSK0,2025-04-20,2025,LG,SK,문학,23000,14:00,16:57,177,9,297,76,10,22,12,15,17.0
20250420LTSS0,2025-04-20,2025,LT,SS,대구,24000,14:00,17:18,198,9,316,80,12,15,7,17,18.0
20250420NCHH0,2025-04-20,2025,NC,HH,대전,17000,14:00,17:10,190,9,295,69,6,22,8,16,17.0
20250422NCLG0,2025-04-22,2025,NC,LG,잠실,12941,18:30,22:02,212,10,355,86,8,15,11,21,20.0
20250422OBWO0,2025-04-22,2025,OB,WO,고척,6809,18:30,21:04,154,9,261,67,4,14,9,17,17.0
20250422SKKT0,2025-04-22,2025,SK,KT,수원,5497,18:30,21:41,191,9,312,83,11,19,12,24,17.0
20250423HHLT0,2025-04-23,2025,HH,LT,사직,19376,18:30,21:26,176,9,293,81,7,18,10,21,18.0
20250423HTSS0,2025-04-23,2025,HT,SS,대구,22257,18:30,21:18,168,9,282,73,4,16,9,20,17.0
20250423NCLG0,2025-04-23,2025,NC,LG,잠실,17828,18:31,21:32,181,9,323,74,15,20,3,7,17.0
20250423OBWO0,2025-04-23,2025,OB,WO,고척,6801,18:30,21:48,198,9,333,83,13,15,10,17,18.0
20250423SKKT0,2025-04-23,2025,SK,KT,수원,7581,18:30,21:02,152,9,294,83,7,11,16,22,18.0
20250424HHLT0,2025-04-24,2025,HH,LT,사직,22669,18:30,21:28,178,9,278,72,10,20,8,13,17.0
20250424HTSS0,2025-04-24,2025,HT,SS,대구,24000,18:30,21:44,194,9,332,87,6,13,22,31,17.0
20250424NCLG0,2025-04-24,2025,NC,LG,잠실,19325,18:31,21:27,176,9,286,73,6,17,4,13,18.0
20250424OBWO0,2025-04-24,2025,OB,WO,고척,7690,18:31,21:07,156,9,282,81,9,12,12,18,18.0
20250424SKKT0,2025-04-24,2025,SK,KT,수원,7815,18:30,21:43,193,9,327,81,11,11,11,15,18.0
20250425KTHH0,2025-04-25,2025,KT,HH,대전,17000,18:30,21:24,174,9,303,70,6,20,3,11,18.0
20250425LGHT0,2025-04-25,2025,LG,HT,광주,20500,18:30,22:05,215,9,341,86,15,24,11,20,18.0
20250425LTOB0,2025-04-25,2025,LT,OB,잠실,23750,18:31,21:36,185,9,312,80,10,15,10,15,18.0
20250425NCSS0,2025-04-25,2025,NC,SS,대구,24000,18:30,22:24,234,9,356,86,18,15,16,17,17.0
20250425WOSK0,2025-04-25,2025,WO,SK,문학,12140,18:30,21:17,167,9,292,70,7,17,7,12,17.0
20250426KTHH0,2025-04-26,2025,KT,HH,대전,17000,17:00,19:06,126,9,213,65,4,14,3,10,17.0
20250426LGHT0,2025-04-26,2025,LG,HT,광주,20500,14:00,16:40,160,9,290,73,7,19,12,16,17.0
20250426LTOB0,2025-04-26,2025,LT,OB,잠실,23750,14:00,17:22,202,9,301,83,9,18,11,21,18.0
20250426NCSS0,2025-04-26,2025,NC,SS,대구,24000,17:01,20:22,201,9,319,81,11,19,10,18,17.0
20250426WOSK0,2025-04-26,2025,WO,SK,문학,18641,17:00,20:00,180,10,317,74,4,30,3,10,20.0
20250427KTHH0,2025-04-27,2025,KT,HH,대전,17000,14:00,16:48,168,9,268,69,7,12,7,13,17.0
20250427LGHT0,2025-04-27,2025,LG,HT,광주,20500,14:00,16:36,156,9,247,70,8,11,5,14,17.0
20250427LTOB0,2025-04-27,2025,LT,OB,잠실,23750,14:00,17:23,203,9,331,82,15,6,17,20,17.0
20250427NCSS0,2025-04-27,2025,NC,SS,대구,24000,13:59,17:01,182,9,323,80,9,10,12,21,17.0
20250427WOSK0,2025-04-27,2025,WO,SK,문학,16422,13:59,17:05,186,9,323,85,11,13,10,21,18.0
20250429KTOB0,2025-04-29,2025,KT,OB,잠실,14138,18:31,21:18,167,9,306,71,6,18,5,13,18.0
20250429LGHH0,2025-04-29,2025,LG,HH,대전,17000,18:30,21:01,151,9,271,68,6,15,5,12,17.0
20250429LTWO0,2025-04-29,2025,LT,WO,고척,13203,18:30,21:33,183,9,306,84,11,11,12,21,18.0
20250429NCHT0,2025-04-29,2025,NC,HT,광주,10575,18:30,21:58,208,9,338,86,17,9,16,21,17.0
20250429SSSK0,2025-04-29,2025,SS,SK,문학,15481,18:30,21:45,195,9,305,76,8,17,4,13,18.0
20250430KTOB0,2025-04-30,2025,KT,OB,잠실,17158,18:31,21:15,164,9,293,77,8,12,11,18,18.0
20250430LGHH0,2025-04-30,2025,LG,HH,대전,17000,18:30,21:03,153,9,259,67,3,17,7,15,17.0
20250430LTWO0,2025-04-30,2025,LT,WO,고척,14367,18:30,21:49,199,9,324,85,6,10,19,26,18.0
20250430NCHT0,2025-04-30,2025,NC,HT,광주,15139,18:30,21:25,175,9,284,76,8,15,7,16,18.0
20250430SSSK0,2025-04-30,2025,SS,SK,문학,18998,18:30,21:58,208,11,354,92,6,13,12,24,22.0
20250501KTOB0,2025-05-01,2025,KT,OB,잠실,19883,18:32,22:11,219,11,349,89,12,26,6,12,22.0
20250501LTWO0,2025-05-01,2025,LT,WO,고척,16000,18:30,21:14,164,9,274,71,6,13,5,12,18.0
20250501SSSK0,2025-05-01,2025,SS,SK,문학,22993,18:30,21:17,167,9,281,72,9,15,5,15,17.0
20250502HHHT0,2025-05-02,2025,HH,HT,광주,20500,18:30,22:20,230,11,358,89,10,21,5,14,22.0
20250502NCLT0,2025-05-02,2025,NC,LT,사직,22669,18:30,21:39,189,9,283,72,10,8,7,12,17.0
20250502OBSS0,2025-05-02,2025,OB,SS,대구,24000,18:30,21:21,171,9,286,73,8,10,8,15,17.0
20250502SKLG0,2025-05-02,2025,SK,LG,잠실,23750,18:30,21:28,178,9,312,71,9,16,3,11,18.0
20250502WOKT0,2025-05-02,2025,WO,KT,수원,12275,18:30,21:33,183,9,305,87,10,15,8,26,18.0
20250503NCLT0,2025-05-03,2025,NC,LT,사직,22669,17:00,20:16,196,9,312,88,6,11,17,30,18.0
20250503OBSS0,2025-05-03,2025,OB,SS,대구,24000,17:00,19:42,162,9,298,72,5,21,7,14,18.0
20250503SKLG0,2025-05-03,2025,SK,LG,잠실,23750,17:00,19:30,150,9,261,67,6,12,5,14,17.0
20250503WOKT0,2025-05-03,2025,WO,KT,수원,15210,17:00,19:49,169,9,310,80,11,12,9,19,17.0
20250504HHHT0,2025-05-04,2025,HH,HT,광주,20500,14:01,16:52,171,9,268,69,7,20,4,9,18.0
20250504NCLT0,2025-05-04,2025,NC,LT,사직,22669,14:00,17:24,204,9,332,86,10,9,15,23,18.0
20250504OBSS0,2025-05-04,2025,OB,SS,대구,24000,14:00,16:56,176,9,312,82,9,9,17,23,18.0
20250504SKLG0,2025-05-04,2025,SK,LG,잠실,23750,14:01,16:44,163,9,298,78,16,7,16,16,17.0
20250504WOKT0,2025-05-04,2025,WO,KT,수원,15160,14:01,16:39,158,9,257,71,8,15,9,15,17.0
20250505HTWO0,2025-05-05,2025,HT,WO,고척,16000,14:00,17:12,192,9,339,85,10,17,14,22,18.0
20250505LGOB0,2025-05-05,2025,LG,OB,잠실,23750,14:00,16:36,156,9,283,75,9,14,7,17,17.0
20250505NCKT0,2025-05-05,2025,NC,KT,수원,12015,14:00,16:44,164,9,258,72,2,7,8,17,18.0
20250505SKLT0,2025-05-05,2025,SK,LT,사직,22669,14:00,16:14,134,9,245,69,4,12,8,13,18.0
20250505SSHH0,2025-05-05,2025,SS,HH,대전,17000,14:01,16:33,152,9,260,65,2,16,4,14,17.0
20250506HTWO0,2025-05-06,2025,HT,WO,고척,16000,14:00,17:13,193,9,293,78,11,13,8,16,18.0
20250506LGOB0,2025-05-06,2025,LG,OB,잠실,23750,14:00,16:46,166,9,298,71,3,13,6,15,18.0
20250506NCKT0,2025-05-06,2025,NC,KT,수원,9743,14:00,17:10,190,9,314,79,5,14,9,22,18.0
20250506SKLT0,2025-05-06,2025,SK,LT,사직,22669,14:00,16:34,154,9,274,67,8,14,6,10,17.0
20250506SSHH0,2025-05-06,2025,SS,HH,대전,17000,14:00,16:56,176,9,292,72,8,13,4,15,17.0
20250507HTWO0,2025-05-07,2025,HT,WO,고척,16000,18:30,22:08,218,9,349,85,16,15,21,19,17.0
20250507LGOB0,2025-05-07,2025,LG,OB,잠실,23750,18:30,21:15,165,9,269,73,10,16,7,14,17.0
20250507NCKT0,2025-05-07,2025,NC,KT,수원,3598,18:30,21:26,176,9,321,81,8,12,14,21,18.0
20250507SKLT0,2025-05-07,2025,SK,LT,사직,22669,18:30,21:04,154,9,267,71,5,18,8,20,17.0
20250507SSHH0,2025-05-07,2025,SS,HH,대전,17000,18:31,22:02,211,9,335,86,12,18,16,23,17.0
20250509HHWO0,2025-05-09,2025,HH,WO,고척,16000,18:30,21:45,195,9,324,84,9,16,12,23,18.0
20250510HHWO0,2025-05-10,2025,HH,WO,고척,16000,14:00,17:12,192,9,310,80,7,19,10,20,18.0
20250510HTSK0,2025-05-10,2025,HT,SK,문학,23000,17:00,20:22,202,9,330,78,10,18,9,12,18.0
20250510LGSS1,2025-05-10,2025,LG,SS,대구,24000,14:01,16:49,168,9,308,78,7,12,9,21,18.0
20250510LGSS2,2025-05-10,2025,LG,SS,대구,24000,17:50,20:53,183,9,345,78,12,20,5,12,18.0
20250510LTKT0,2025-05-10,2025,LT,KT,수원,18700,17:00,20:32,212,9,334,86,6,12,13,29,18.0
20250510NCOB0,2025-05-10,2025,NC,OB,잠실,20206,17:00,20:20,200,9,313,80,8,10,12,19,18.0
20250511HHWO0,2025-05-11,2025,HH,WO,고척,16000,14:00,16:36,156,9,262,73,7,19,8,12,18.0
20250511HTSK1,2025-05-11,2025,HT,SK,문학,23000,14:00,17:13,193,9,317,79,12,11,12,19,17.0
20250511HTSK2,2025-05-11,2025,HT,SK,문학,23000,18:15,20:52,157,9,254,69,10,13,6,6,17.0
20250511LGSS0,2025-05-11,2025,LG,SS,대구,24000,14:00,17:03,183,9,308,76,9,13,11,16,18.0
20250511LTKT1,2025-05-11,2025,LT,KT,수원,18700,14:00,16:55,175,9,302,76,9,14,7,16,18.0
20250511LTKT2,2025-05-11,2025,LT,KT,수원,14470,18:00,21:24,204,9,328,78,17,13,2,8,18.0
20250511NCOB1,2025-05-11,2025,NC,OB,잠실,19366,14:01,17:04,183,9,319,88,13,6,16,20,18.0
20250511NCOB2,2025-05-11,2025,NC,OB,잠실,9172,18:01,21:08,187,9,315,76,7,11,7,16,18.0
20250513KTSS0,2025-05-13,2025,KT,SS,포항,10758,18:31,21:30,179,9,301,76,9,15,8,15,17.0
20250513LTHT0,2025-05-13,2025,LT,HT,광주,16824,18:30,21:38,188,9,287,74,9,9,5,16,17.0
20250513NCSK0,2025-05-13,2025,NC,SK,문학,12746,18:30,21:11,161,9,267,72,7,16,9,16,17.0
20250513OBHH0,2025-05-13,2025,OB,HH,대전,17000,18:30,22:22,232,11,361,88,4,16,7,23,22.0
20250513WOLG0,2025-05-13,2025,WO,LG,잠실,18080,18:31,21:59,208,9,344,84,10,15,15,24,17.0
20250514KTSS0,2025-05-14,2025,KT,SS,포항,12120,18:31,21:09,158,9,282,71,5,19,5,14,18.0
20250514LTHT0,2025-05-14,2025,LT,HT,광주,18641,18:30,21:39,189,9,295,77,7,16,4,19,18.0
20250514NCSK0,2025-05-14,2025,NC,SK,문학,11409,18:30,21:32,182,9,315,78,12,15,9,16,18.0
20250514OBHH0,2025-05-14,2025,OB,HH,대전,17000,18:30,21:28,178,9,295,75,5,20,8,18,18.0
20250514WOLG0,2025-05-14,2025,WO,LG,잠실,18286,18:31,21:30,179,9,330,78,6,18,12,20,17.0
20250515KTSS0,2025-05-15,2025,KT,SS,포항,12120,18:30,21:23,173,9,305,78,10,12,13,17,17.0
20250515LTHT0,2025-05-15,2025,LT,HT,광주,17452,18:30,21:48,179,9,285,74,3,15,13,21,17.0
20250515NCSK0,2025-05-15,2025,NC,SK,문학,10081,18:30,21:02,152,9,271,65,2,16,4,11,17.0
20250515OBHH0,2025-05-15,2025,OB,HH,대전,17000,18:30,21:24,174,9,286,76,6,13,10,18,18.0
20250515WOLG0,2025-05-15,2025,WO,LG,잠실,18119,18:30,21:11,161,9,259,72,8,14,8,14,17.0
20250517KTLG1,2025-05-17,2025,KT,LG,잠실,22963,14:00,17:36,216,9,363,92,10,17,16,30,18.0
20250517KTLG2,2025-05-17,2025,KT,LG,잠실,17811,19:00,22:45,225,9,381,87,17,13,13,17,18.0
20250517OBHT1,2025-05-17,2025,OB,HT,광주,16854,14:00,17:08,188,9,299,75,11,18,7,15,17.0
20250517OBHT2,2025-05-17,2025,OB,HT,광주,20500,18:08,20:53,165,9,262,70,2,17,5,17,17.0
20250517SKHH1,2025-05-17,2025,SK,HH,대전,17000,14:01,16:50,169,9,273,67,7,24,1,10,17.0
20250517SKHH2,2025-05-17,2025,SK,HH,대전,17000,17:46,20:45,179,9,306,72,3,23,7,16,18.0
20250517SSLT1,2025-05-17,2025,SS,LT,사직,22669,14:00,17:19,199,9,314,81,11,16,12,19,17.0
20250517SSLT2,2025-05-17,2025,SS,LT,사직,22669,18:20,21:52,212,9,313,80,9,12,15,21,17.0
20250517WONC1,2025-05-17,2025,WO,NC,울산,2297,14:01,17:12,191,9,316,79,15,19,5,11,17.0
20250517WONC2,2025-05-17,2025,WO,NC,울산,5513,18:05,21:08,183,9,286,75,8,15,5,16,18.0
20250518KTLG0,2025-05-18,2025,KT,LG,잠실,23029,14:01,16:27,146,9,260,66,5,14,6,13,17.0
20250518OBHT0,2025-05-18,2025,OB,HT,광주,20500,14:02,18:08,246,10,361,91,13,17,9,22,19.333333333333336
20250518SKHH0,2025-05-18,2025,SK,HH,대전,17000,14:00,17:21,201,9,331,86,11,11,10,22,18.0
20250518SSLT0,2025-05-18,2025,SS,LT,사직,22669,14:00,17:03,183,9,297,74,9,18,9,15,17.0
20250518WONC0,2025-05-18,2025,WO,NC,울산,6456,14:00,16:29,149,9,250,63,4,16,5,8,17.0
20250520HHNC0,2025-05-20,2025,HH,NC,울산,4497,18:30,21:05,155,9,270,73,9,14,5,11,18.0
20250520HTKT0,2025-05-20,2025,HT,KT,수원,16064,18:30,21:07,157,9,258,72,6,8,8,16,17.0
20250520LGLT0,2025-05-20,2025,LG,LT,사직,22669,18:30,22:18,228,9,419,99,18,10,26,29,18.0
20250520SKOB0,2025-05-20,2025,SK,OB,잠실,17782,18:30,21:33,183,9,278,80,5,22,8,18,18.0
20250520SSWO0,2025-05-20,2025,SS,WO,고척,13106,18:30,22:04,214,11,345,94,10,20,9,20,22.0
20250521HHNC0,2025-05-21,2025,HH,NC,울산,4183,18:30,21:42,192,9,299,72,10,14,7,14,17.0
20250521HTKT0,2025-05-21,2025,HT,KT,수원,16302,18:31,21:13,162,9,270,74,4,14,4,19,17.0
20250521LGLT0,2025-05-21,2025,LG,LT,사직,22669,18:30,22:26,236,11,388,103,12,17,14,28,22.0
20250521SKOB0,2025-05-21,2025,SK,OB,잠실,14052,18:30,21:19,169,9,322,80,11,18,10,17,18.0
20250521SSWO0,2025-05-21,2025,SS,WO,고척,13193,18:30,21:13,163,9,268,73,5,15,7,15,18.0
20250522HHNC0,2025-05-22,2025,HH,NC,울산,5005,18:30,21:35,185,9,284,70,5,17,7,15,17.0
20250522HTKT0,2025-05-22,2025,HT,KT,수원,16705,18:30,21:10,160,9,256,77,8,11,11,20,18.0
20250522LGLT0,2025-05-22,2025,LG,LT,사직,22669,18:31,21:44,193,9,329,85,13,7,15,21,17.0
20250522SKOB0,2025-05-22,2025,SK,OB,잠실,14592,18:30,21:39,189,9,281,75,7,17,11,19,17.0
20250522SSWO0,2025-05-22,2025,SS,WO,고척,12926,18:31,21:06,155,9,258,67,7,12,2,8,18.0
20250523HTSS0,2025-05-23,2025,HT,SS,대구,24000,18:31,22:02,211,9,339,87,10,24,13,24,18.0
20250523KTWO0,2025-05-23,2025,KT,WO,고척,4239,18:30,21:31,181,9,303,83,5,7,12,26,18.0
20250523LGSK0,2025-05-23,2025,LG,SK,문학,20150,18:30,21:12,162,9,295,69,6,21,5,10,18.0
20250523LTHH0,2025-05-23,2025,LT,HH,대전,17000,18:30,20:49,139,9,230,67,4,16,6,13,17.0
20250523NCOB0,2025-05-23,2025,NC,OB,잠실,17944,18:32,22:21,198,9,308,72,9,17,2,11,18.0
20250524HTSS0,2025-05-24,2025,HT,SS,대구,24000,17:20,21:01,194,9,319,77,9,13,12,18,17.0
20250524KTWO0,2025-05-24,2025,KT,WO,고척,7315,14:00,17:23,203,9,346,84,8,10,14,26,18.0
20250524LGSK0,2025-05-24,2025,LG,SK,문학,23000,17:00,20:05,185,9,324,79,8,14,9,18,17.333333333333336
20250524LTHH0,2025-05-24,2025,LT,HH,대전,17000,14:00,18:34,235,10,355,90,8,22,14,25,20.0
20250524NCOB0,2025-05-24,2025,NC,OB,잠실,22279,17:00,20:04,184,9,293,71,9,16,6,13,18.0
20250525HTSS0,2025-05-25,2025,HT,SS,대구,24000,14:00,16:38,158,9,267,66,3,18,5,11,17.0
20250525KTWO0,2025-05-25,2025,KT,WO,고척,6809,14:00,16:41,161,9,265,69,6,10,2,13,18.0
20250525LGSK0,2025-05-25,2025,LG,SK,문학,23000,14:00,16:54,174,9,339,83,10,21,12,19,18.0
20250525LTHH0,2025-05-25,2025,LT,HH,대전,17000,14:00,17:40,220,10,367,94,13,18,15,22,19.666666666666664
20250525NCOB0,2025-05-25,2025,NC,OB,잠실,20534,14:01,17:09,188,9,277,77,13,11,8,16,17.0
20250527HHLG0,2025-05-27,2025,HH,LG,잠실,23750,18:30,21:05,155,9,261,67,8,13,3,10,17.0
20250527LTSS0,2025-05-27,2025,LT,SS,대구,24000,18:30,21:34,184,9,308,75,4,20,10,21,17.0
20250527NCSK0,2025-05-27,2025,NC,SK,문학,12124,18:30,21:43,193,11,310,81,4,20,2,12,22.0
20250527OBKT0,2025-05-27,2025,OB,KT,수원,8355,18:30,20:47,137,9,226,66,4,14,3,11,17.0
20250527WOHT0,2025-05-27,2025,WO,HT,광주,15351,18:30,21:42,192,9,320,77,3,17,12,27,17.0
20250528HHLG0,2025-05-28,2025,HH,LG,잠실,23750,18:31,21:51,200,11,318,88,6,18,11,19,22.0
20250528NCSK0,2025-05-28,2025,NC,SK,문학,12747,18:30,21:36,186,9,330,83,14,14,18,21,17.0
20250528OBKT0,2025-05-28,2025,OB,KT,수원,8822,18:30,21:35,185,9,356,86,12,19,15,20,18.0
20250528WOHT0,2025-05-28,2025,WO,HT,광주,16517,18:31,21:59,208,9,329,88,6,13,20,29,17.0
20250529HHLG0,2025-05-29,2025,HH,LG,잠실,23750,19:01,21:53,172,9,278,69,6,14,4,15,17.0
20250529LTSS0,2025-05-29,2025,LT,SS,대구,24000,18:30,22:02,212,9,347,85,13,15,12,21,17.0
20250529NCSK0,2025-05-29,2025,NC,SK,문학,13466,18:30,21:34,184,9,291,73,7,11,11,17,17.0
20250529OBKT0,2025-05-29,2025,OB,KT,수원,9238,18:30,21:34,184,9,309,81,12,8,14,20,17.0
20250529WOHT0,2025-05-29,2025,WO,HT,광주,18127,18:30,22:07,217,11,348,89,11,11,6,18,22.0
20250530HHNC0,2025-05-30,2025,HH,NC,창원,12395,18:30,21:09,159,9,285,74,8,15,8,14,18.0
20250530HTKT0,2025-05-30,2025,HT,KT,수원,18700,18:31,21:18,167,9,269,70,6,17,4,12,17.0
20250530OBWO0,2025-05-30,2025,OB,WO,고척,9182,18:30,21:55,205,9,336,84,13,11,13,19,18.0
20250530SKLT0,2025-05-30,2025,SK,LT,사직,22669,18:31,21:57,206,9,323,78,8,20,11,21,17.0
20250530SSLG0,2025-05-30,2025,SS,LG,잠실,23750,18:30,21:30,180,9,303,79,12,10,7,15,18.0
20250531HHNC0,2025-05-31,2025,HH,NC,창원,16741,14:00,17:48,228,9,327,88,12,5,15,24,18.0
20250531HTKT0,2025-05-31,2025,HT,KT,수원,18700,14:00,17:12,192,9,296,77,14,17,6,10,17.0
20250531OBWO0,2025-05-31,2025,OB,WO,고척,13456,17:00,19:22,142,9,234,61,7,14,1,4,17.0
20250531SKLT0,2025-05-31,2025,SK,LT,사직,22669,17:01,20:14,193,9,308,78,13,14,5,11,18.0
20250531SSLG0,2025-05-31,2025,SS,LG,잠실,23750,17:01,19:47,166,9,262,71,2,13,6,18,18.0
20250601HHNC0,2025-06-01,2025,HH,NC,창원,14906,17:00,20:20,200,9,321,83,12,19,21,20,17.0
20250601HTKT0,2025-06-01,2025,HT,KT,수원,18700,17:00,20:07,187,9,316,80,5,14,8,20,18.0
20250601OBWO0,2025-06-01,2025,OB,WO,고척,12350,14:00,16:39,159,9,263,69,3,18,1,14,17.0
20250601SKLT0,2025-06-01,2025,SK,LT,사직,22669,16:59,20:11,192,9,304,75,8,17,7,14,18.0
20250601SSLG0,2025-06-01,2025,SS,LG,잠실,23750,17:00,20:27,207,9,347,87,9,14,10,24,18.0
20250603HTOB0,2025-06-03,2025,HT,OB,잠실,23750,17:00,20:24,204,9,343,84,11,19,14,20,18.0
20250603KTHH0,2025-06-03,2025,KT,HH,대전,17000,14:00,16:48,168,9,295,77,11,16,11,13,17.0
20250603LGNC0,2025-06-03,2025,LG,NC,창원,13937,14:00,17:07,187,9,350,85,11,18,15,19,18.0
20250603SSSK0,2025-06-03,2025,SS,SK,문학,23000,17:00,19:46,166,9,292,74,5,17,10,20,17.0
20250603WOLT0,2025-06-03,2025,WO,LT,사직,22669,17:00,19:53,173,9,294,75,8,11,8,16,17.0
20250604HTOB0,2025-06-04,2025,HT,OB,잠실,23750,18:31,21:51,200,9,327,81,9,18,11,18,18.0
20250604KTHH0,2025-06-04,2025,KT,HH,대전,17000,18:30,21:21,171,9,278,75,7,17,7,18,17.0
20250604LGNC0,2025-06-04,2025,LG,NC,창원,5235,18:31,21:48,197,9,350,85,14,16,11,25,17.0
20250604SSSK0,2025-06-04,2025,SS,SK,문학,15706,18:30,21:12,162,9,279,68,3,16,5,16,17.0
20250604WOLT0,2025-06-04,2025,WO,LT,사직,22669,18:30,22:10,220,9,358,88,10,11,15,24,18.0
20250605HTOB0,2025-06-05,2025,HT,OB,잠실,23750,18:30,21:51,201,10,298,83,5,21,3,19,19.666666666666664
20250605KTHH0,2025-06-05,2025,KT,HH,대전,17000,18:30,21:18,168,9,293,78,7,17,7,19,18.0
20250605LGNC0,2025-06-05,2025,LG,NC,창원,8957,18:35,21:29,174,9,289,75,7,19,4,17,18.0
20250605SSSK0,2025-06-05,2025,SS,SK,문학,19273,18:30,21:46,196,9,319,77,10,22,4,14,18.0
20250605WOLT0,2025-06-05,2025,WO,LT,사직,22669,18:31,21:41,190,9,333,89,9,16,15,27,18.0
20250606HHHT0,2025-06-06,2025,HH,HT,광주,20500,17:02,19:46,164,9,266,65,2,20,5,16,17.0
20250606LGWO0,2025-06-06,2025,LG,WO,고척,16000,17:00,19:59,179,10,282,78,8,12,3,14,19.0
20250606LTOB0,2025-06-06,2025,LT,OB,잠실,23750,17:02,19:41,159,9,250,71,4,9,7,16,17.0
20250606NCSS0,2025-06-06,2025,NC,SS,대구,24000,17:00,19:38,158,9,264,69,3,10,10,20,17.0
20250606SKKT0,2025-06-06,2025,SK,KT,수원,18700,17:01,19:53,172,9,302,80,6,16,13,24,17.0
20250607HHHT0,2025-06-07,2025,HH,HT,광주,20500,17:00,20:49,229,11,356,87,14,24,5,12,22.0
20250607LGWO0,2025-06-07,2025,LG,WO,고척,16000,17:00,19:11,131,9,224,61,3,9,5,12,17.0
20250607LTOB0,2025-06-07,2025,LT,OB,잠실,23750,17:00,19:50,170,9,285,76,4,13,13,20,18.0
20250607NCSS0,2025-06-07,2025,NC,SS,대구,24000,16:59,20:33,214,9,350,91,7,16,18,30,18.0
20250607SKKT0,2025-06-07,2025,SK,KT,수원,16755,17:00,20:01,181,9,278,73,4,25,5,20,17.0
20250608HHHT0,2025-06-08,2025,HH,HT,광주,18586,17:00,20:50,230,10,334,93,9,17,13,26,19.333333333333336
20250608LGWO0,2025-06-08,2025,LG,WO,고척,16000,14:00,16:39,159,9,285,80,8,15,9,17,18.0
20250608LTOB0,2025-06-08,2025,LT,OB,잠실,23750,17:00,20:05,185,9,274,75,7,15,6,14,18.0
20250608NCSS0,2025-06-08,2025,NC,SS,대구,24000,17:00,19:11,131,9,225,59,7,14,1,3,17.0
20250608SKKT0,2025-06-08,2025,SK,KT,수원,13026,17:00,19:48,168,9,291,72,7,9,5,12,18.0
20250610LTKT0,2025-06-10,2025,LT,KT,수원,10809,18:30,21:23,173,9,312,82,8,12,15,27,17.0
20250610NCWO0,2025-06-10,2025,NC,WO,고척,4004,18:31,22:17,226,11,374,94,8,16,4,21,22.0
20250610OBHH0,2025-06-10,2025,OB,HH,대전,16691,18:30,21:12,162,9,268,68,5,19,8,13,17.0
20250610SKLG0,2025-06-10,2025,SK,LG,잠실,17221,18:30,21:38,188,9,325,82,12,11,8,16,18.0
20250610SSHT0,2025-06-10,2025,SS,HT,광주,15887,18:31,21:23,172,9,290,75,9,15,8,12,18.0
20250611LTKT0,2025-06-11,2025,LT,KT,수원,11777,18:30,21:44,194,9,322,81,8,18,7,19,18.0
20250611NCWO0,2025-06-11,2025,NC,WO,고척,4034,18:30,21:31,181,9,307,78,12,26,8,12,18.0
20250611OBHH0,2025-06-11,2025,OB,HH,대전,17000,18:30,21:14,164,9,282,81,9,8,10,22,17.0
20250611SKLG0,2025-06-11,2025,SK,LG,잠실,18192,18:30,21:39,189,9,312,77,8,13,10,19,17.0
20250611SSHT0,2025-06-11,2025,SS,HT,광주,17320,18:31,21:35,184,9,306,78,6,15,9,19,17.0
20250612LTKT0,2025-06-12,2025,LT,KT,수원,12378,18:31,22:42,251,10,407,103,12,21,19,32,20.0
20250612NCWO0,2025-06-12,2025,NC,WO,고척,4410,18:31,22:22,231,10,377,93,12,19,14,22,20.0
20250612OBHH0,2025-06-12,2025,OB,HH,대전,17000,18:30,21:24,174,9,258,69,7,16,5,15,17.0
20250612SKLG0,2025-06-12,2025,SK,LG,잠실,18321,18:31,22:07,216,9,346,86,10,16,14,28,17.0
20250612SSHT0,2025-06-12,2025,SS,HT,광주,16761,18:31,21:12,161,9,266,69,4,17,3,16,18.0
20250613HTNC0,2025-06-13,2025,HT,NC,창원,8362,18:46,21:12,99,5,169,43,4,7,5,12,10.0
20250614HTNC0,2025-06-14,2025,HT,NC,창원,15000,17:00,20:18,198,9,315,84,14,16,17,18,18.0
20250614KTSS0,2025-06-14,2025,KT,SS,대구,24000,17:00,19:49,169,9,321,81,5,18,13,22,18.0
20250614LGHH0,2025-06-14,2025,LG,HH,대전,17000,17:01,20:50,229,11,362,85,10,19,4,17,22.0
20250614LTSK0,2025-06-14,2025,LT,SK,문학,23000,17:00,19:50,170,9,281,71,4,15,6,17,18.0
20250614WOOB0,2025-06-14,2025,WO,OB,잠실,18390,17:01,19:46,165,9,268,72,7,13,5,16,17.0
20250615HTNC0,2025-06-15,2025,HT,NC,창원,12470,17:00,20:14,194,9,323,78,11,26,6,12,18.0
20250615KTSS0,2025-06-15,2025,KT,SS,대구,24000,17:00,20:05,185,9,343,89,5,15,20,30,18.0
20250615LGHH0,2025-06-15,2025,LG,HH,대전,17000,17:00,21:48,184,9,316,83,8,12,15,27,17.0
20250615LTSK0,2025-06-15,2025,LT,SK,문학,20960,17:00,19:36,149,9,255,67,5,21,1,11,17.0
20250615WOOB0,2025-06-15,2025,WO,OB,잠실,11744,17:00,19:43,163,9,264,68,5,9,5,14,17.0
20250617HHLT0,2025-06-17,2025,HH,LT,사직,22669,18:31,20:55,144,9,250,70,3,21,6,15,18.0
20250617KTHT0,2025-06-17,2025,KT,HT,광주,10596,18:30,21:36,186,9,304,83,11,14,13,21,17.0
20250617NCLG0,2025-06-17,2025,NC,LG,잠실,15069,18:31,21:38,187,9,293,76,10,15,8,15,18.0
20250617OBSS0,2025-06-17,2025,OB,SS,대구,23044,18:30,21:17,167,9,293,79,5,15,13,28,17.0
20250617SKWO0,2025-06-17,2025,SK,WO,고척,6205,18:30,22:05,215,9,356,85,13,13,12,21,18.0
20250618HHLT0,2025-06-18,2025,HH,LT,사직,22669,18:30,21:20,170,9,267,71,4,17,9,16,17.0
20250618KTHT0,2025-06-18,2025,KT,HT,광주,16311,18:30,21:24,174,9,275,72,6,14,8,16,17.0
20250618NCLG0,2025-06-18,2025,NC,LG,잠실,16103,18:31,22:23,232,9,367,93,17,13,17,24,17.666666666666664
20250618OBSS0,2025-06-18,2025,OB,SS,대구,23385,18:30,21:29,179,10,291,81,9,18,9,17,19.333333333333336
20250618SKWO0,2025-06-18,2025,SK,WO,고척,6941,18:31,21:49,198,9,314,73,4,16,5,21,17.0
20250619HHLT0,2025-06-19,2025,HH,LT,사직,22669,18:31,21:21,170,9,272,74,6,18,7,19,17.0
20250619KTHT0,2025-06-19,2025,KT,HT,광주,14079,18:31,21:12,161,9,254,70,6,20,5,16,17.0
20250619NCLG0,2025-06-19,2025,NC,LG,잠실,15636,18:30,21:13,163,9,262,72,7,16,3,11,18.0
20250619OBSS0,2025-06-19,2025,OB,SS,대구,23355,18:30,22:05,215,9,343,91,16,12,17,23,18.0
20250619SKWO0,2025-06-19,2025,SK,WO,고척,7032,18:30,22:18,228,11,378,94,11,16,6,20,22.0
20250620SSLT0,2025-06-20,2025,SS,LT,사직,21911,18:31,21:39,181,9,288,70,9,13,4,11,17.0
20250621HTSK0,2025-06-21,2025,HT,SK,문학,23000,17:00,21:02,242,11,392,99,16,20,10,20,22.0
20250621NCKT0,2025-06-21,2025,NC,KT,수원,13680,17:00,20:13,193,9,299,79,14,11,12,19,17.0
20250621OBLG0,2025-06-21,2025,OB,LG,잠실,23750,17:00,20:01,181,9,308,77,8,11,11,18,18.0
20250622HTSK0,2025-06-22,2025,HT,SK,문학,23000,17:00,20:16,196,9,308,77,10,18,9,15,18.0
20250622NCKT0,2025-06-22,2025,NC,KT,수원,12059,17:00,19:40,160,9,279,70,9,10,2,8,18.0
20250622OBLG0,2025-06-22,2025,OB,LG,잠실,23750,17:00,20:08,188,9,342,90,16,9,18,23,17.0
20250622SSLT0,2025-06-22,2025,SS,LT,사직,22669,17:01,20:08,187,9,313,79,6,22,15,22,17.0
20250622WOHH0,2025-06-22,2025,WO,HH,대전,17000,17:01,20:22,201,9,335,81,4,21,14,26,17.0
20250624HTWO0,2025-06-24,2025,HT,WO,고척,16000,18:30,21:46,196,9,317,81,11,17,15,22,17.0
20250624LGKT0,2025-06-24,2025,LG,KT,수원,9335,18:30,22:56,171,9,302,76,10,13,5,17,17.0
20250624SKOB0,2025-06-24,2025,SK,OB,잠실,12141,18:30,21:19,111,6,176,48,6,7,5,12,11.0
20250625HHSS0,2025-06-25,2025,HH,SS,대구,24000,18:30,21:06,156,9,280,73,6,9,9,17,17.0
20250625HTWO0,2025-06-25,2025,HT,WO,고척,16000,18:30,21:31,181,9,296,75,2,15,9,19,18.0
20250625LTNC0,2025-06-25,2025,LT,NC,창원,15587,18:30,21:33,183,9,294,74,5,16,9,17,17.0
20250626HHSS0,2025-06-26,2025,HH,SS,대구,24000,18:30,21:32,182,9,289,71,4,18,4,14,18.0
20250626HTWO0,2025-06-26,2025,HT,WO,고척,16000,18:30,22:58,268,11,402,98,13,21,10,21,22.0
20250626LGKT0,2025-06-26,2025,LG,KT,수원,13365,18:30,21:19,169,9,282,74,8,10,7,15,18.0
20250626LTNC0,2025-06-26,2025,LT,NC,창원,16335,18:31,22:10,219,9,322,83,14,14,13,19,18.0
20250626SKOB0,2025-06-26,2025,SK,OB,잠실,13553,18:31,21:28,177,9,299,74,7,17,5,18,18.0
20250627HHSK0,2025-06-27,2025,HH,SK,문학,23000,18:29,21:32,183,9,295,82,14,9,14,21,17.0
20250627HTLG0,2025-06-27,2025,HT,LG,잠실,23750,18:30,21:29,179,9,271,72,7,9,7,14,17.0
20250627KTLT0,2025-06-27,2025,KT,LT,사직,22669,18:31,22:22,231,9,359,96,11,13,19,33,18.0
20250627OBNC0,2025-06-27,2025,OB,NC,창원,8025,18:31,21:46,195,9,317,90,13,12,19,26,17.0
20250627SSWO0,2025-06-27,2025,SS,WO,고척,16000,18:30,21:19,169,9,288,71,9,17,9,9,17.0
20250628HHSK0,2025-06-28,2025,HH,SK,문학,23183,17:00,19:58,178,9,285,72,7,23,7,15,18.0
20250628HTLG0,2025-06-28,2025,HT,LG,잠실,23750,17:00,21:06,246,9,369,94,8,19,17,31,18.0
20250628KTLT0,2025-06-28,2025,KT,LT,사직,22669,17:00,20:26,206,9,336,78,7,14,4,20,18.0
20250628OBNC0,2025-06-28,2025,OB,NC,창원,12961,17:00,19:30,150,9,229,62,3,14,4,12,17.0
20250628SSWO0,2025-06-28,2025,SS,WO,고척,16000,17:00,19:27,147,9,261,73,4,13,9,16,17.0
20250629HHSK0,2025-06-29,2025,HH,SK,문학,23000,17:00,19:38,158,9,271,62,4,24,2,11,17.0
20250629HTLG0,2025-06-29,2025,HT,LG,잠실,23750,17:00,20:04,184,9,310,79,7,12,14,20,18.0
20250629KTLT0,2025-06-29,2025,KT,LT,사직,22669,17:00,20:24,204,9,331,85,13,12,15,20,17.0
20250629OBNC0,2025-06-29,2025,OB,NC,창원,9894,17:00,20:06,186,9,274,77,6,12,10,18,18.0
20250629SSWO0,2025-06-29,2025,SS,WO,고척,16000,14:00,17:17,197,9,309,87,11,10,17,26,17.0
20250701LGLT0,2025-07-01,2025,LG,LT,사직,19627,18:30,21:13,163,9,289,72,9,17,5,13,18.0
20250701NCHH0,2025-07-01,2025,NC,HH,대전,17000,18:30,21:41,191,9,300,76,10,21,12,19,17.0
20250701SKHT0,2025-07-01,2025,SK,HT,광주,11782,18:30,21:34,184,9,292,72,11,14,5,11,17.0
20250701SSOB0,2025-07-01,2025,SS,OB,잠실,18022,18:30,21:10,160,9,261,70,8,11,5,10,18.0
20250701WOKT0,2025-07-01,2025,WO,KT,수원,5616,18:31,21:23,172,9,312,74,5,14,10,18,18.0
20250702LGLT0,2025-07-02,2025,LG,LT,사직,20661,18:31,21:12,161,9,273,75,9,16,7,14,17.0
20250702NCHH0,2025-07-02,2025,NC,HH,대전,17000,18:30,21:09,159,9,252,69,5,14,2,13,18.0
20250702SKHT0,2025-07-02,2025,SK,HT,광주,11827,18:30,21:39,189,9,302,84,11,17,13,22,18.0
20250702SSOB0,2025-07-02,2025,SS,OB,잠실,20448,18:30,21:25,175,9,280,70,8,17,5,14,17.0
20250702WOKT0,2025-07-02,2025,WO,KT,수원,6787,18:31,21:22,171,9,282,69,4,4,6,17,17.0
20250703LGLT0,2025-07-03,2025,LG,LT,사직,21914,18:30,21:03,153,9,240,67,5,16,2,12,17.0
20250703NCHH0,2025-07-03,2025,NC,HH,대전,17000,18:30,23:10,280,11,377,106,17,10,14,23,22.0
20250703SKHT0,2025-07-03,2025,SK,HT,광주,13013,18:30,21:08,158,9,243,70,5,11,5,14,17.0
20250703SSOB0,2025-07-03,2025,SS,OB,잠실,21525,18:31,21:42,191,9,310,77,9,12,10,19,18.0
20250703WOKT0,2025-07-03,2025,WO,KT,수원,8540,18:30,21:28,178,9,322,76,11,12,8,16,17.0
20250704HHWO0,2025-07-04,2025,HH,WO,고척,16000,18:30,21:08,158,9,262,68,2,22,3,14,18.0
20250704KTOB0,2025-07-04,2025,KT,OB,잠실,16101,18:31,21:57,206,9,340,82,10,16,9,19,18.0
20250704LGSS0,2025-07-04,2025,LG,SS,대구,24000,18:30,21:19,169,9,299,69,8,9,5,13,17.0
20250704LTHT0,2025-07-04,2025,LT,HT,광주,20500,18:32,22:01,209,9,299,74,5,13,12,21,17.0
20250704SKNC0,2025-07-04,2025,SK,NC,창원,11147,18:31,21:09,158,9,260,68,6,16,4,9,18.0
20250705HHWO0,2025-07-05,2025,HH,WO,고척,16000,18:00,21:33,213,9,339,83,6,14,10,21,18.0
20250705KTOB0,2025-07-05,2025,KT,OB,잠실,19774,18:01,20:49,168,9,296,74,8,11,8,15,17.0
20250705LGSS0,2025-07-05,2025,LG,SS,대구,24000,18:00,21:18,198,9,317,81,12,13,13,21,17.0
20250705LTHT0,2025-07-05,2025,LT,HT,광주,20500,18:00,20:49,169,9,288,77,8,8,13,22,17.0
20250705SKNC0,2025-07-05,2025,SK,NC,창원,12028,18:00,21:12,192,9,328,78,16,17,7,9,18.0
20250706HHWO0,2025-07-06,2025,HH,WO,고척,16000,14:00,17:03,183,9,324,80,8,20,11,16,18.0
20250706KTOB0,2025-07-06,2025,KT,OB,잠실,23750,18:00,21:07,178,9,285,77,8,12,15,19,17.0
20250706LGSS0,2025-07-06,2025,LG,SS,대구,24000,18:00,20:43,163,9,274,73,2,15,6,18,18.0
20250706LTHT0,2025-07-06,2025,LT,HT,광주,20500,18:01,21:26,205,9,292,80,7,9,7,22,18.0
20250706SKNC0,2025-07-06,2025,SK,NC,창원,7726,18:01,21:07,186,9,281,71,10,17,5,14,17.0
20250708HTHH0,2025-07-08,2025,HT,HH,대전,17000,18:30,21:58,206,9,332,90,11,11,22,31,17.0
20250708KTSK0,2025-07-08,2025,KT,SK,문학,10812,19:10,21:59,167,9,310,74,9,15,8,13,17.0
20250708OBLT0,2025-07-08,2025,OB,LT,사직,18541,18:31,21:41,188,9,294,81,4,18,13,22,18.0
20250708SSNC0,2025-07-08,2025,SS,NC,창원,8294,18:31,22:03,210,9,348,91,14,16,19,28,17.0
20250708WOLG0,2025-07-08,2025,WO,LG,잠실,16098,18:30,21:33,153,9,266,70,4,13,7,16,17.0
20250709HTHH0,2025-07-09,2025,HT,HH,대전,17000,18:30,21:41,189,9,305,73,10,14,11,15,17.0
20250709KTSK0,2025-07-09,2025,KT,SK,문학,10259,18:30,21:25,173,9,316,80,5,15,13,22,18.0
20250709OBLT0,2025-07-09,2025,OB,LT,사직,19071,18:30,22:45,253,11,369,99,14,13,9,21,21.333333333333336
20250709SSNC0,2025-07-09,2025,SS,NC,창원,9220,18:30,21:14,162,9,269,68,6,7,3,13,17.0
20250709WOLG0,2025-07-09,2025,WO,LG,잠실,16400,18:31,21:47,194,9,316,85,8,7,18,29,17.0
20250710HTHH0,2025-07-10,2025,HT,HH,대전,17000,18:30,21:52,200,9,305,72,6,16,5,16,17.666666666666664
20250710KTSK0,2025-07-10,2025,KT,SK,문학,10817,18:30,21:43,191,9,321,75,8,20,6,12,18.0
20250710OBLT0,2025-07-10,2025,OB,LT,사직,21199,18:31,21:22,169,9,254,77,8,12,9,20,18.0
20250710SSNC0,2025-07-10,2025,SS,NC,창원,10106,18:30,22:04,212,9,336,83,10,17,12,22,17.0
20250710WOLG0,2025-07-10,2025,WO,LG,잠실,16628,18:31,21:52,199,9,315,79,11,14,7,15,18.0
20250718HHKT0,2025-07-18,2025,HH,KT,수원,18700,18:31,21:19,168,9,287,70,5,22,5,12,18.0
20250718LTLG0,2025-07-18,2025,LT,LG,잠실,23750,18:31,21:12,161,9,270,65,5,17,3,14,17.0
20250719HHKT0,2025-07-19,2025,HH,KT,수원,18700,18:00,21:08,133,6,206,54,5,8,11,22,10.333333333333332
20250719LTLG0,2025-07-19,2025,LT,LG,잠실,23750,18:01,21:00,179,9,283,75,12,12,7,12,18.0
20250719OBSK0,2025-07-19,2025,OB,SK,문학,19877,18:00,21:09,189,9,333,77,11,27,5,13,18.0
20250720HHKT0,2025-07-20,2025,HH,KT,수원,18700,18:00,21:10,190,9,320,82,9,18,10,21,18.0
20250720LTLG0,2025-07-20,2025,LT,LG,잠실,23750,18:01,20:56,175,9,279,73,9,9,5,15,17.0
20250720NCHT0,2025-07-20,2025,NC,HT,광주,16985,18:02,20:59,177,9,284,74,8,13,5,16,17.0
20250720OBSK0,2025-07-20,2025,OB,SK,문학,18102,18:00,20:43,163,9,267,68,4,21,3,9,18.0
20250720WOSS0,2025-07-20,2025,WO,SS,대구,24000,18:00,21:42,220,9,361,89,10,20,25,28,17.0
20250722HHOB0,2025-07-22,2025,HH,OB,잠실,23750,18:30,21:30,180,9,286,71,5,17,3,12,18.0
20250722KTNC0,2025-07-22,2025,KT,NC,창원,6302,18:30,20:56,146,9,258,69,5,15,7,11,18.0
20250722LGHT0,2025-07-22,2025,LG,HT,광주,12468,18:30,21:44,194,9,302,84,8,14,16,24,18.0
20250722LTWO0,2025-07-22,2025,LT,WO,고척,15362,18:30,21:46,196,9,299,75,8,18,9,17,17.0
20250722SKSS0,2025-07-22,2025,SK,SS,대구,22896,18:30,21:55,203,9,330,84,8,14,12,26,17.0
20250723HHOB0,2025-07-23,2025,HH,OB,잠실,23750,18:30,21:34,184,9,325,79,6,19,15,23,17.0
20250723KTNC0,2025-07-23,2025,KT,NC,창원,6375,18:30,21:26,176,9,291,77,11,10,11,13,18.0
20250723LGHT0,2025-07-23,2025,LG,HT,광주,12172,18:31,21:59,208,10,328,84,3,16,11,21,20.0
20250723LTWO0,2025-07-23,2025,LT,WO,고척,15325,18:30,21:42,192,9,292,74,6,19,5,17,18.0
20250723SKSS0,2025-07-23,2025,SK,SS,대구,23304,18:30,21:02,150,9,270,72,7,13,9,18,17.0
20250724HHOB0,2025-07-24,2025,HH,OB,잠실,23750,18:30,22:38,248,11,368,96,5,22,8,24,22.0
20250724KTNC0,2025-07-24,2025,KT,NC,창원,5157,18:30,21:41,191,9,312,83,12,11,9,19,18.0
20250724LGHT0,2025-07-24,2025,LG,HT,광주,12364,18:29,21:32,183,9,271,74,6,12,8,15,18.0
20250724LTWO0,2025-07-24,2025,LT,WO,고척,15216,18:31,21:08,157,9,248,67,5,14,4,9,18.0
20250724SKSS0,2025-07-24,2025,SK,SS,대구,24000,18:30,21:24,172,9,256,70,4,15,4,14,18.0
20250725HTLT0,2025-07-25,2025,HT,LT,사직,22669,18:31,21:33,180,9,264,78,4,13,11,24,17.0
20250725LGOB0,2025-07-25,2025,LG,OB,잠실,20007,18:31,22:05,212,9,352,84,14,12,11,19,18.0
20250725SKHH0,2025-07-25,2025,SK,HH,대전,17000,18:30,21:10,158,9,260,68,3,20,4,14,17.0
20250725SSKT0,2025-07-25,2025,SS,KT,수원,18700,18:30,21:52,200,9,325,85,15,16,13,18,17.0
20250725WONC0,2025-07-25,2025,WO,NC,창원,6171,18:30,21:57,205,9,335,88,15,13,23,25,17.0
20250726HTLT0,2025-07-26,2025,HT,LT,사직,22669,18:00,21:32,210,9,337,84,11,18,13,20,17.0
20250726LGOB0,2025-07-26,2025,LG,OB,잠실,23750,18:00,21:04,182,9,290,75,8,14,7,16,18.0
20250726SKHH0,2025-07-26,2025,SK,HH,대전,17000,18:00,21:10,188,9,289,78,6,16,12,23,18.0
20250726SSKT0,2025-07-26,2025,SS,KT,수원,18700,18:00,20:31,149,9,267,75,6,11,11,17,18.0
20250726WONC0,2025-07-26,2025,WO,NC,창원,10690,18:00,21:00,178,9,299,77,3,16,14,24,17.333333333333336
20250727HTLT0,2025-07-27,2025,HT,LT,사직,22669,18:01,21:20,197,9,274,69,3,19,8,17,17.0
20250727LGOB0,2025-07-27,2025,LG,OB,잠실,20780,18:01,21:33,210,9,323,78,6,10,15,24,17.0
20250727SKHH0,2025-07-27,2025,SK,HH,대전,17000,18:00,20:47,165,9,245,71,7,12,5,13,18.0
20250727SSKT0,2025-07-27,2025,SS,KT,수원,18700,18:01,21:00,177,9,277,78,8,10,7,18,17.666666666666664
20250727WONC0,2025-07-27,2025,WO,NC,창원,8115,18:00,20:45,163,9,259,72,3,13,16,18,17.0
20250729KTLG0,2025-07-29,2025,KT,LG,잠실,17294,18:31,21:30,177,9,315,82,9,6,10,21,17.0
20250729NCLT0,2025-07-29,2025,NC,LT,사직,22669,18:30,22:10,218,9,323,76,11,19,10,13,17.0
20250729OBHT0,2025-07-29,2025,OB,HT,광주,14329,18:30,21:28,176,9,279,80,6,12,15,22,18.0
20250729SSHH0,2025-07-29,2025,SS,HH,대전,17000,18:30,21:50,198,9,328,80,7,18,11,20,18.0
20250729WOSK0,2025-07-29,2025,WO,SK,문학,10177,18:30,21:51,199,9,328,78,12,13,12,18,17.0
20250730KTLG0,2025-07-30,2025,KT,LG,잠실,17782,18:31,20:58,145,9,244,64,3,10,5,17,17.0
20250730NCLT0,2025-07-30,2025,NC,LT,사직,22669,18:31,22:32,239,9,377,91,11,17,13,27,18.0
20250730OBHT0,2025-07-30,2025,OB,HT,광주,15391,18:30,22:53,261,11,375,93,10,14,4,17,22.0
20250730SSHH0,2025-07-30,2025,SS,HH,대전,17000,18:30,21:15,163,9,267,66,4,15,5,16,17.0
20250730WOSK0,2025-07-30,2025,WO,SK,문학,10514,18:30,22:17,225,11,349,92,10,19,10,19,22.0
20250731KTLG0,2025-07-31,2025,KT,LG,잠실,17630,18:31,21:40,187,9,331,84,7,14,18,26,17.0
20250731NCLT0,2025-07-31,2025,NC,LT,사직,22669,18:31,21:46,193,9,309,82,12,10,16,19,17.0
20250731OBHT0,2025-07-31,2025,OB,HT,광주,15584,18:31,21:30,177,9,295,70,6,22,5,15,17.0
20250731SSHH0,2025-07-31,2025,SS,HH,대전,17000,18:30,21:21,169,9,266,72,9,10,8,13,17.0
20250731WOSK0,2025-07-31,2025,WO,SK,문학,10917,18:30,21:14,162,9,256,71,11,17,6,10,17.0
20250801HHHT0,2025-08-01,2025,HH,HT,광주,20500,18:31,21:34,181,9,275,65,4,15,5,13,17.0
20250801KTNC0,2025-08-01,2025,KT,NC,창원,7590,18:30,21:22,170,9,281,73,3,16,8,21,17.0
20250801LGSS0,2025-08-01,2025,LG,SS,대구,24000,18:31,21:29,176,9,311,74,6,14,6,16,18.0
20250801LTWO0,2025-08-01,2025,LT,WO,고척,16000,18:30,21:04,154,9,251,66,7,13,2,11,17.0
20250801SKOB0,2025-08-01,2025,SK,OB,잠실,15073,18:31,21:40,187,9,331,79,11,19,9,15,18.0
20250802KTNC0,2025-08-02,2025,KT,NC,창원,9940,18:00,21:53,231,11,356,98,13,21,13,23,21.333333333333336
20250802LGSS0,2025-08-02,2025,LG,SS,대구,24000,18:01,20:46,163,9,270,69,5,17,5,11,18.0
20250802LTWO0,2025-08-02,2025,LT,WO,고척,16000,18:00,21:09,189,9,277,71,6,18,5,10,18.0
20250802SKOB0,2025-08-02,2025,SK,OB,잠실,17278,18:01,21:19,196,9,301,74,4,14,9,16,17.0
20250803KTNC0,2025-08-03,2025,KT,NC,창원,7561,18:00,21:53,166,10,288,72,7,15,2,11,18.333333333333336
20250803LGSS0,2025-08-03,2025,LG,SS,대구,24000,18:00,21:36,169,7,284,69,13,10,9,15,14.0
20250803LTWO0,2025-08-03,2025,LT,WO,고척,16000,14:00,16:57,177,9,291,84,10,18,12,21,18.0
20250803SKOB0,2025-08-03,2025,SK,OB,잠실,14422,18:25,21:42,197,10,305,82,7,8,5,22,20.0
20250805HTLT0,2025-08-05,2025,HT,LT,사직,22669,18:31,21:24,173,9,273,68,6,23,2,7,18.0
20250805KTHH0,2025-08-05,2025,KT,HH,대전,16783,18:30,21:29,177,9,280,76,7,17,7,17,18.0
20250805OBLG0,2025-08-05,2025,OB,LG,잠실,20239,18:31,21:36,183,9,293,72,7,13,6,15,17.0
20250805SSSK0,2025-08-05,2025,SS,SK,문학,13850,18:30,21:48,198,9,319,78,10,13,8,16,18.0
20250805WONC0,2025-08-05,2025,WO,NC,창원,6661,18:30,21:50,200,9,318,79,12,17,13,16,18.0
20250806HTLT0,2025-08-06,2025,HT,LT,사직,20944,18:31,21:41,190,9,301,75,12,15,8,13,17.0
20250806KTHH0,2025-08-06,2025,KT,HH,대전,13919,18:50,22:12,200,9,322,76,8,18,9,23,17.0
20250806OBLG0,2025-08-06,2025,OB,LG,잠실,20427,18:30,21:57,205,9,355,89,14,11,18,23,18.0
20250806SSSK0,2025-08-06,2025,SS,SK,문학,12003,18:30,21:20,170,9,278,71,7,13,9,14,17.0
20250806WONC0,2025-08-06,2025,WO,NC,창원,5776,18:30,22:23,231,10,366,90,12,12,14,24,20.0
20250807HTLT0,2025-08-07,2025,HT,LT,사직,22104,18:31,21:46,195,9,301,79,7,11,11,19,18.0
20250807KTHH0,2025-08-07,2025,KT,HH,대전,17000,18:30,21:57,207,9,315,82,8,18,9,21,18.0
20250807OBLG0,2025-08-07,2025,OB,LG,잠실,21392,18:30,21:25,173,9,300,77,7,13,7,18,17.0
20250807SSSK0,2025-08-07,2025,SS,SK,문학,15174,18:30,21:06,156,9,258,71,4,13,7,15,18.0
20250807WONC0,2025-08-07,2025,WO,NC,창원,5893,18:30,23:13,281,11,421,113,13,17,25,35,22.0
20250808HHLG0,2025-08-08,2025,HH,LG,잠실,23750,18:30,21:44,194,10,310,82,5,13,3,20,19.333333333333336
20250808HTNC0,2025-08-08,2025,HT,NC,창원,12141,18:30,21:22,172,9,276,67,6,16,9,16,17.0
20250808OBWO0,2025-08-08,2025,OB,WO,고척,12841,18:30,21:23,173,9,298,75,7,14,11,14,18.0
20250808SKLT0,2025-08-08,2025,SK,LT,사직,20091,18:31,21:28,177,9,272,67,9,17,1,6,18.0
20250808SSKT0,2025-08-08,2025,SS,KT,수원,18700,18:30,21:24,174,9,272,76,2,10,12,21,18.0
20250809HHLG0,2025-08-09,2025,HH,LG,잠실,23750,18:01,21:14,191,9,338,80,7,15,9,22,17.0
20250809OBWO0,2025-08-09,2025,OB,WO,고척,16000,18:00,21:14,194,9,327,82,6,18,10,24,18.0
20250809SSKT0,2025-08-09,2025,SS,KT,수원,18700,18:00,20:27,147,9,247,64,3,21,4,12,17.0
20250810HHLG0,2025-08-10,2025,HH,LG,잠실,23750,18:00,21:10,188,9,289,78,9,15,9,16,18.0
20250810HTNC0,2025-08-10,2025,HT,NC,창원,10773,18:00,21:46,226,9,373,90,11,22,28,27,17.0
20250810OBWO0,2025-08-10,2025,OB,WO,고척,15111,14:00,16:55,175,9,265,73,4,10,7,17,17.333333333333336
20250810SKLT0,2025-08-10,2025,SK,LT,사직,22062,18:01,20:49,168,9,270,78,4,11,11,24,18.0
20250810SSKT0,2025-08-10,2025,SS,KT,수원,18700,18:00,21:17,197,9,321,83,9,7,11,23,17.0
20250812HTSS0,2025-08-12,2025,HT,SS,대구,22522,18:31,21:39,188,9,307,78,8,20,6,15,18.0
20250812LGKT0,2025-08-12,2025,LG,KT,수원,14407,18:30,21:31,181,9,309,79,4,14,13,20,18.0
20250812LTHH0,2025-08-12,2025,LT,HH,대전,17000,18:30,21:27,177,9,279,68,9,17,2,8,17.0
20250812NCOB0,2025-08-12,2025,NC,OB,잠실,11590,18:30,21:41,191,9,316,74,11,21,5,13,18.0
20250812WOSK0,2025-08-12,2025,WO,SK,문학,10091,18:30,21:20,170,9,282,73,9,17,4,13,17.0
20250813HTSS0,2025-08-13,2025,HT,SS,대구,24000,18:31,21:45,194,9,300,79,8,16,10,17,18.0
20250813LTHH0,2025-08-13,2025,LT,HH,대전,17000,18:30,21:35,185,9,312,74,11,21,6,12,17.0
20250814HTSS0,2025-08-14,2025,HT,SS,대구,24000,18:31,21:34,181,9,290,83,6,11,14,24,18.0
20250814LTHH0,2025-08-14,2025,LT,HH,대전,17000,18:30,22:32,242,11,340,86,6,18,9,20,21.666666666666664
20250814NCOB0,2025-08-14,2025,NC,OB,잠실,10938,18:30,21:29,179,9,277,78,9,14,11,18,17.0
20250814WOSK0,2025-08-14,2025,WO,SK,문학,9461,18:30,21:10,160,9,257,70,7,9,2,13,18.0
20250815HHNC0,2025-08-15,2025,HH,NC,창원,17983,18:02,21:40,216,9,354,87,16,13,11,20,18.0
20250815HTOB0,2025-08-15,2025,HT,OB,잠실,23750,18:03,22:05,242,11,341,91,7,18,11,22,21.333333333333336
20250815KTWO0,2025-08-15,2025,KT,WO,고척,11585,18:00,21:01,181,9,287,76,8,13,10,16,17.0
20250815LGSK0,2025-08-15,2025,LG,SK,문학,23000,18:00,21:18,198,9,320,81,8,19,8,21,18.0
20250815SSLT0,2025-08-15,2025,SS,LT,사직,22669,18:01,21:24,203,9,353,87,15,17,14,17,18.0
20250816HHNC0,2025-08-16,2025,HH,NC,창원,17983,18:00,21:22,200,9,301,74,6,16,15,19,17.0
20250816HTOB0,2025-08-16,2025,HT,OB,잠실,23750,18:00,20:48,168,9,260,70,4,19,7,17,17.333333333333336
20250816KTWO0,2025-08-16,2025,KT,WO,고척,10163,18:00,20:39,159,9,275,68,5,19,7,12,17.0
20250816LGSK0,2025-08-16,2025,LG,SK,문학,23000,18:00,21:30,210,9,338,82,9,13,17,22,17.0
20250816SSLT0,2025-08-16,2025,SS,LT,사직,22669,18:00,21:09,185,9,270,76,6,14,5,17,18.0
20250817HHNC0,2025-08-17,2025,HH,NC,창원,12179,18:00,21:11,189,9,319,82,12,14,13,19,17.0
20250817HTOB0,2025-08-17,2025,HT,OB,잠실,23750,18:00,20:59,179,9,255,72,8,11,6,14,17.0
20250817KTWO0,2025-08-17,2025,KT,WO,고척,8838,14:00,17:18,198,10,324,84,10,14,8,14,20.0
20250817LGSK0,2025-08-17,2025,LG,SK,문학,23000,18:00,20:53,173,9,293,75,6,9,7,22,18.0
20250817SSLT0,2025-08-17,2025,SS,LT,사직,22669,18:00,22:18,256,11,373,101,14,18,16,19,22.0
20250819LTLG0,2025-08-19,2025,LT,LG,잠실,23750,18:31,21:38,185,9,280,75,6,14,7,19,17.0
20250819OBHH0,2025-08-19,2025,OB,HH,대전,16580,18:30,21:32,180,9,284,82,16,14,11,15,18.0
20250819SKKT0,2025-08-19,2025,SK,KT,수원,8853,18:30,21:30,180,9,285,75,7,13,9,23,17.333333333333336
20250819SSNC0,2025-08-19,2025,SS,NC,창원,8343,18:30,21:23,173,9,280,76,10,12,8,13,18.0
20250819WOHT0,2025-08-19,2025,WO,HT,광주,11023,18:30,22:01,211,9,344,88,9,12,21,28,17.0
20250820LTLG0,2025-08-20,2025,LT,LG,잠실,23750,18:30,21:47,195,9,294,75,10,18,8,14,17.0
20250820OBHH0,2025-08-20,2025,OB,HH,대전,16054,18:30,21:59,207,9,332,88,8,17,22,27,18.0
20250820SKKT0,2025-08-20,2025,SK,KT,수원,9062,18:30,21:22,172,9,282,78,4,8,8,23,18.0
20250820SSNC0,2025-08-20,2025,SS,NC,창원,9430,18:30,21:46,196,9,314,74,8,12,7,17,18.0
20250820WOHT0,2025-08-20,2025,WO,HT,광주,10503,18:30,20:59,149,9,238,69,0,10,7,15,18.0
20250821LTLG0,2025-08-21,2025,LT,LG,잠실,23750,18:31,22:41,248,11,369,101,11,13,12,26,22.0
20250821OBHH0,2025-08-21,2025,OB,HH,대전,16369,18:30,21:22,170,9,262,72,3,17,9,19,18.0
20250821SKKT0,2025-08-21,2025,SK,KT,수원,9912,18:30,21:44,194,9,321,80,9,19,8,18,18.0
20250821SSNC0,2025-08-21,2025,SS,NC,창원,9832,18:30,21:39,189,9,282,75,9,10,12,19,17.0
20250821WOHT0,2025-08-21,2025,WO,HT,광주,10061,18:30,22:08,216,9,329,88,7,14,21,30,18.0
20250822KTOB0,2025-08-22,2025,KT,OB,잠실,16397,18:30,22:02,212,9,329,89,6,13,21,30,18.0
20250822LGHT0,2025-08-22,2025,LG,HT,광주,14633,18:30,21:58,206,9,350,86,14,12,16,20,18.0
20250822LTNC0,2025-08-22,2025,LT,NC,창원,17983,18:31,21:50,199,9,299,79,7,21,13,20,17.0
20250822SKHH0,2025-08-22,2025,SK,HH,대전,16446,18:30,21:56,204,11,300,78,4,16,1,13,22.0
20250822WOSS0,2025-08-22,2025,WO,SS,대구,24000,18:30,21:21,169,9,255,72,5,7,10,17,17.0
20250823KTOB0,2025-08-23,2025,KT,OB,잠실,21834,18:00,21:02,182,9,289,78,7,14,8,21,18.0
20250823LGHT0,2025-08-23,2025,LG,HT,광주,20500,18:01,21:18,195,9,304,81,11,11,8,16,18.0
20250823LTNC0,2025-08-23,2025,LT,NC,창원,17983,18:00,21:39,217,9,304,76,12,15,5,15,17.0
20250823SKHH0,2025-08-23,2025,SK,HH,대전,17000,18:00,20:32,150,9,237,70,4,14,5,15,17.0
20250823WOSS0,2025-08-23,2025,WO,SS,대구,24000,18:00,21:25,203,9,332,89,10,13,20,27,17.0
20250824KTOB0,2025-08-24,2025,KT,OB,잠실,17905,18:00,20:47,165,9,262,72,7,20,5,11,18.0
20250824LGHT0,2025-08-24,2025,LG,HT,광주,15128,18:01,21:39,216,9,317,77,6,20,3,20,18.0
20250824LTNC0,2025-08-24,2025,LT,NC,창원,17983,18:00,21:26,204,9,339,91,13,16,22,22,18.0
20250824SKHH0,2025-08-24,2025,SK,HH,대전,17000,18:00,20:54,172,9,292,70,9,13,7,12,17.0
20250824WOSS0,2025-08-24,2025,WO,SS,대구,24000,18:00,20:43,161,9,275,75,5,9,11,20,17.0
20250826HHWO0,2025-08-26,2025,HH,WO,고척,16000,18:30,21:22,172,9,267,69,3,18,4,13,18.0
20250826HTSK0,2025-08-26,2025,HT,SK,문학,17488,18:30,22:03,213,9,348,83,7,16,14,27,17.0
20250826KTLT0,2025-08-26,2025,KT,LT,사직,16116,18:31,21:11,160,9,252,69,3,15,7,16,17.0
20250826LGNC0,2025-08-26,2025,LG,NC,창원,6496,18:30,22:07,215,9,341,87,8,13,16,29,17.0
20250826SSOB0,2025-08-26,2025,SS,OB,잠실,20491,18:30,21:51,201,9,330,76,11,15,8,16,18.0
20250827HHWO0,2025-08-27,2025,HH,WO,고척,16000,18:30,21:14,164,9,274,69,5,14,4,9,18.0
20250827HTSK0,2025-08-27,2025,HT,SK,문학,17688,18:30,22:16,226,11,333,85,9,19,6,17,22.0
20250827KTLT0,2025-08-27,2025,KT,LT,사직,16826,18:30,21:45,195,9,318,83,7,11,9,22,18.0
20250827LGNC0,2025-08-27,2025,LG,NC,창원,8337,18:30,21:34,184,9,317,82,8,12,11,23,18.0
20250827SSOB0,2025-08-27,2025,SS,OB,잠실,21198,18:30,22:01,211,9,381,86,11,19,15,18,18.0
20250828HHWO0,2025-08-28,2025,HH,WO,고척,16000,18:30,21:49,199,9,340,87,10,25,12,24,18.0
20250828HTSK0,2025-08-28,2025,HT,SK,문학,17833,18:30,22:19,229,9,368,92,23,27,16,17,18.0
20250828KTLT0,2025-08-28,2025,KT,LT,사직,17273,18:31,22:25,234,11,358,93,12,23,5,18,21.666666666666664
20250828LGNC0,2025-08-28,2025,LG,NC,창원,9528,18:30,21:34,184,9,290,76,7,10,7,21,18.0
20250828SSOB0,2025-08-28,2025,SS,OB,잠실,23126,18:31,22:10,219,10,334,87,10,15,13,24,19.666666666666664
20250829HTKT0,2025-08-29,2025,HT,KT,수원,18700,18:30,21:22,172,9,287,76,8,13,11,15,18.0
20250829NCSK0,2025-08-29,2025,NC,SK,문학,11509,18:30,21:15,165,9,267,68,8,13,8,12,17.0
20250829OBLT0,2025-08-29,2025,OB,LT,사직,19473,18:30,21:51,201,9,311,77,11,19,8,16,18.0
20250829SSHH0,2025-08-29,2025,SS,HH,대전,17000,18:30,21:53,201,9,323,80,7,17,8,17,18.0
20250829WOLG0,2025-08-29,2025,WO,LG,잠실,22231,18:31,21:29,178,9,296,80,7,12,5,18,18.0
20250830HTKT0,2025-08-30,2025,HT,KT,수원,18700,18:00,21:22,202,9,339,76,13,16,10,12,17.0
20250830NCSK0,2025-08-30,2025,NC,SK,문학,20449,18:00,20:55,175,9,302,81,9,12,14,21,18.0
20250830OBLT0,2025-08-30,2025,OB,LT,사직,22669,18:01,22:15,252,11,396,101,14,26,16,22,22.0
20250830SSHH0,2025-08-30,2025,SS,HH,대전,17000,18:00,20:52,170,9,286,70,9,10,4,12,18.0
20250830WOLG0,2025-08-30,2025,WO,LG,잠실,23750,18:01,21:15,194,9,304,76,6,12,11,22,17.0
20250831HTKT0,2025-08-31,2025,HT,KT,수원,18700,18:00,21:46,226,9,346,82,10,16,13,21,17.666666666666664
20250831NCSK0,2025-08-31,2025,NC,SK,문학,13129,18:00,21:43,223,9,348,87,10,15,18,28,17.0
20250831OBLT0,2025-08-31,2025,OB,LT,사직,20350,18:00,21:18,198,9,298,78,9,16,6,20,17.0
20250831SSHH0,2025-08-31,2025,SS,HH,대전,17000,18:00,20:59,179,9,284,78,11,15,8,14,18.0
20250831WOLG0,2025-08-31,2025,WO,LG,잠실,22503,18:01,21:01,180,9,288,77,5,17,11,19,18.0
20250902HTHH0,2025-09-02,2025,HT,HH,대전,16730,18:30,21:50,200,9,343,93,11,14,24,31,17.0
20250902LTLG0,2025-09-02,2025,LT,LG,잠실,23750,18:31,21:24,173,9,274,69,5,11,5,14,17.0
20250902NCKT0,2025-09-02,2025,NC,KT,수원,6710,18:30,21:45,195,9,313,82,8,18,13,21,18.0
20250902WOSK0,2025-09-02,2025,WO,SK,문학,11112,18:30,21:20,170,9,286,73,4,20,7,20,17.0
20250903LTKT0,2025-09-03,2025,LT,KT,수원,14910,18:30,22:27,237,9,371,90,11,25,17,26,17.333333333333336
20250903NCHH0,2025-09-03,2025,NC,HH,대전,17000,18:30,22:52,220,10,325,93,12,17,11,28,19.333333333333336
20250903SKHT0,2025-09-03,2025,SK,HT,광주,14468,18:30,21:53,203,9,296,77,4,17,3,22,18.0
20250903WOSS0,2025-09-03,2025,WO,SS,대구,22446,18:30,21:23,173,9,295,73,5,15,7,15,18.0
20250904LGKT0,2025-09-04,2025,LG,KT,수원,12424,18:31,21:59,208,9,338,86,10,13,18,25,18.0
20250904OBNC0,2025-09-04,2025,OB,NC,창원,5335,18:30,21:57,207,9,320,82,13,13,15,19,18.0
20250905LTSK0,2025-09-05,2025,LT,SK,문학,21529,18:30,21:46,196,9,286,76,8,19,12,17,17.0
20250905OBNC0,2025-09-05,2025,OB,NC,창원,6590,18:30,22:30,240,10,374,90,9,13,12,22,20.0
20250905WOSS0,2025-09-05,2025,WO,SS,대구,24000,18:30,21:29,179,9,283,75,7,10,11,16,17.0
20250906HHSS0,2025-09-06,2025,HH,SS,대구,24000,17:00,20:21,201,9,313,79,9,18,11,21,18.0
20250906HTNC0,2025-09-06,2025,HT,NC,창원,15040,17:01,20:36,215,9,331,82,11,21,12,18,18.0
20250907HHSS0,2025-09-07,2025,HH,SS,대구,24000,17:00,20:01,181,9,271,76,10,17,7,17,17.0
20250907HTNC0,2025-09-07,2025,HT,NC,창원,11095,18:11,21:19,188,9,284,71,6,15,3,13,17.0
20250907SKLG0,2025-09-07,2025,SK,LG,잠실,23750,17:01,20:05,184,9,308,78,2,10,10,23,18.0
20250909HHLT0,2025-09-09,2025,HH,LT,사직,18109,19:00,21:53,173,9,313,81,8,12,10,19,18.0
20250909LGWO0,2025-09-09,2025,LG,WO,고척,14773,18:30,21:22,172,9,295,73,8,8,13,18,17.0
20250909OBKT0,2025-09-09,2025,OB,KT,수원,12252,18:30,20:58,148,9,247,70,3,19,9,18,17.0
20250910HHLT0,2025-09-10,2025,HH,LT,사직,22011,18:30,21:24,174,9,292,81,6,14,13,17,18.0
20250910LGOB0,2025-09-10,2025,LG,OB,잠실,17856,18:31,21:27,176,9,288,75,7,15,12,18,18.0
20250910SKNC0,2025-09-10,2025,SK,NC,창원,4514,18:31,21:41,190,9,286,72,6,21,9,15,17.0
20250910SSHT0,2025-09-10,2025,SS,HT,광주,9793,18:31,22:06,215,9,338,74,12,19,4,15,17.0
20250911KTLG0,2025-09-11,2025,KT,LG,잠실,20722,18:30,21:45,195,9,313,82,6,15,10,22,18.0
20250911LTHT0,2025-09-11,2025,LT,HT,광주,9614,18:30,21:55,205,9,305,74,8,13,7,18,18.0
20250911NCWO0,2025-09-11,2025,NC,WO,고척,7035,18:31,21:29,178,9,299,67,6,15,5,10,17.0
20250911SKSS0,2025-09-11,2025,SK,SS,대구,24000,18:31,21:37,186,9,287,78,8,14,12,19,18.0
20250912OBHT0,2025-09-12,2025,OB,HT,광주,9617,18:30,21:40,190,9,301,76,7,20,9,17,17.666666666666664
20250913HTLG0,2025-09-13,2025,HT,LG,잠실,23750,17:00,20:06,186,9,288,77,8,18,9,18,18.0
20250913KTSS0,2025-09-13,2025,KT,SS,대구,24000,16:59,19:56,177,9,272,70,9,14,8,10,18.0
20250913OBNC0,2025-09-13,2025,OB,NC,창원,12658,17:01,20:19,198,9,317,78,9,13,10,17,17.0
20250913SKLT0,2025-09-13,2025,SK,LT,사직,22669,17:01,20:58,237,9,359,95,11,17,23,34,17.333333333333336
20250913WOHH0,2025-09-13,2025,WO,HH,대전,17000,17:01,20:22,201,9,311,83,7,13,15,27,17.0
20250914HTLG0,2025-09-14,2025,HT,LG,잠실,23750,17:00,20:15,195,9,329,77,12,17,14,16,17.0
20250914KTSS0,2025-09-14,2025,KT,SS,대구,24000,17:00,19:33,153,9,250,69,8,12,8,14,17.0
20250914OBNC0,2025-09-14,2025,OB,NC,창원,11711,17:00,19:33,153,9,252,67,7,18,6,10,17.0
20250914WOHH0,2025-09-14,2025,WO,HH,대전,17000,17:01,21:02,241,9,377,95,10,16,23,32,18.0
20250915WOHH0,2025-09-15,2025,WO,HH,대전,17000,18:30,22:05,215,9,306,83,14,16,13,20,17.0
20250916HHHT0,2025-09-16,2025,HH,HT,광주,9197,18:30,21:44,194,9,331,76,7,19,12,17,18.0
20250916LGKT0,2025-09-16,2025,LG,KT,수원,11481,18:30,23:42,205,9,347,88,12,19,16,23,18.0
20250916LTSS0,2025-09-16,2025,LT,SS,대구,24000,18:30,22:13,223,9,331,81,14,18,12,19,17.0
20250916SKNC0,2025-09-16,2025,SK,NC,창원,5145,18:30,21:15,165,9,280,75,7,22,10,14,18.0
20250916WOOB0,2025-09-16,2025,WO,OB,잠실,12716,18:31,21:26,175,9,291,74,8,16,5,15,18.0
20250917HHHT0,2025-09-17,2025,HH,HT,광주,6782,18:31,21:33,182,9,275,73,2,16,8,21,18.0
20250917SKNC0,2025-09-17,2025,SK,NC,창원,5083,18:30,21:17,167,9,262,65,4,18,4,15,17.0
20250917WOOB0,2025-09-17,2025,WO,OB,잠실,10037,18:31,21:32,181,9,288,73,7,16,6,14,18.0
20250918HHHT0,2025-09-18,2025,HH,HT,광주,10841,18:32,21:48,196,9,298,72,6,15,7,14,18.0
20250918LGKT1,2025-09-18,2025,LG,KT,수원,7016,15:00,17:45,165,9,284,78,5,13,8,20,18.0
20250918LGKT2,2025-09-18,2025,LG,KT,수원,14875,18:29,21:22,173,9,319,87,6,15,15,25,18.0
20250918SSNC0,2025-09-18,2025,SS,NC,창원,12039,18:30,22:02,212,9,318,81,11,11,14,20,18.0
20250918WOOB0,2025-09-18,2025,WO,OB,잠실,13498,18:30,21:23,173,9,261,71,6,15,5,15,17.666666666666664
20250919LTNC0,2025-09-19,2025,LT,NC,창원,17983,18:31,22:20,229,9,388,98,15,16,20,28,18.0
20250920HHKT0,2025-09-20,2025,HH,KT,수원,18700,17:00,19:42,162,9,272,70,6,17,6,14,17.0
20250920NCHT0,2025-09-20,2025,NC,HT,광주,17739,17:00,20:35,215,9,335,77,12,17,9,14,17.333333333333336
20250920OBSK0,2025-09-20,2025,OB,SK,문학,23000,17:01,20:00,179,9,306,82,7,15,17,23,17.0
20250920SSLG0,2025-09-20,2025,SS,LG,잠실,23750,17:01,20:33,212,9,358,90,11,15,18,26,18.0
20250920WOLT0,2025-09-20,2025,WO,LT,사직,22669,17:01,20:50,229,9,396,99,17,9,20,30,18.0
20250921NCHT0,2025-09-21,2025,NC,HT,광주,13805,14:00,18:05,245,9,383,87,17,18,13,17,18.0
20250921OBSK0,2025-09-21,2025,OB,SK,문학,23000,14:00,16:54,174,9,251,67,3,19,10,18,17.0
20250921SSKT0,2025-09-21,2025,SS,KT,수원,18700,14:00,16:55,175,9,283,76,8,13,9,22,17.0
20250922OBSK0,2025-09-22,2025,OB,SK,문학,13067,18:30,22:01,211,9,363,84,8,28,11,22,18.0
20250923HTSK0,2025-09-23,2025,HT,SK,문학,19974,18:30,21:16,166,9,280,69,6,23,5,13,17.0
20250923NCLT0,2025-09-23,2025,NC,LT,울산,9690,18:30,21:44,194,9,294,73,4,12,6,18,18.0
20250923OBSS0,2025-09-23,2025,OB,SS,대구,23950,18:30,21:49,199,9,311,81,10,13,12,21,17.0
20250923WOKT0,2025-09-23,2025,WO,KT,수원,12632,18:30,21:06,156,9,260,73,4,17,7,16,17.0
20250924HTWO0,2025-09-24,2025,HT,WO,고척,16000,18:30,21:14,164,9,267,64,4,27,2,6,18.0
20250924LGNC0,2025-09-24,2025,LG,NC,창원,10764,19:00,22:42,222,9,365,87,14,11,15,24,17.0
20250924LTSS0,2025-09-24,2025,LT,SS,대구,23940,18:30,21:29,179,9,297,80,8,11,13,23,17.0
20250925HHOB0,2025-09-25,2025,HH,OB,잠실,23750,18:30,21:06,156,9,265,69,7,20,7,10,17.0
20250925KTSK0,2025-09-25,2025,KT,SK,문학,15279,18:30,21:19,169,9,293,75,6,11,11,19,18.0
20250925LGLT0,2025-09-25,2025,LG,LT,울산,9315,18:30,21:29,179,9,300,81,10,20,12,16,18.0
20250925WOSS0,2025-09-25,2025,WO,SS,대구,23089,18:30,21:36,186,9,308,78,6,15,15,19,17.0
20250926KTSK0,2025-09-26,2025,KT,SK,문학,19087,18:30,21:45,195,9,315,77,14,18,7,16,17.0
20250926LGHH0,2025-09-26,2025,LG,HH,대전,17000,18:30,21:20,170,9,266,69,2,14,5,19,17.0
20250926NCOB0,2025-09-26,2025,NC,OB,잠실,18418,18:30,21:25,175,9,283,77,12,16,3,12,18.0
20250926SSLT0,2025-09-26,2025,SS,LT,사직,22669,18:30,22:43,253,9,379,96,18,16,19,25,17.0
20250927LGHH0,2025-09-27,2025,LG,HH,대전,17000,17:00,20:08,188,9,311,79,4,23,11,23,18.0
20250927NCHT0,2025-09-27,2025,NC,HT,광주,14945,17:00,19:51,171,9,276,70,6,12,3,11,18.0
20250927SKOB0,2025-09-27,2025,SK,OB,잠실,23750,17:01,20:08,187,9,282,76,6,15,8,15,18.0
20250928LTOB0,2025-09-28,2025,LT,OB,잠실,23750,14:30,17:33,183,9,283,73,8,16,9,13,17.0
20250928SSWO0,2025-09-28,2025,SS,WO,고척,16000,14:00,17:31,211,9,315,78,10,16,6,16,18.0
20250929LGHH0,2025-09-29,2025,LG,HH,대전,17000,18:30,21:28,178,9,293,73,6,14,10,18,17.0
20250929LTSK0,2025-09-29,2025,LT,SK,문학,22184,18:30,21:23,173,9,276,69,9,13,6,11,17.0
20250929NCHT0,2025-09-29,2025,NC,HT,광주,3634,18:30,21:34,184,9,305,82,6,23,17,22,18.0
20250930HTSS0,2025-09-30,2025,HT,SS,대구,23933,18:30,20:59,149,9,249,65,2,21,5,11,17.0
20250930KTNC0,2025-09-30,2025,KT,NC,창원,14235,18:31,21:22,171,9,290,75,4,19,13,19,17.0
20250930LTHH0,2025-09-30,2025,LT,HH,대전,17000,18:30,21:18,168,10,269,70,5,15,1,9,19.333333333333336
20250930OBLG0,2025-09-30,2025,OB,LG,잠실,23750,18:31,21:16,165,9,288,72,5,14,6,15,18.0
20250930SKWO0,2025-09-30,2025,SK,WO,고척,16000,18:30,21:13,163,9,263,72,7,12,7,14,18.0
20251001HHSK0,2025-10-01,2025,HH,SK,문학,23000,19:30,22:56,206,9,319,76,5,22,11,17,17.666666666666664
20251001KTHT0,2025-10-01,2025,KT,HT,광주,6777,18:30,21:35,185,9,314,79,7,11,12,19,18.0
20251001NCLG0,2025-10-01,2025,NC,LG,잠실,23750,18:31,22:00,209,9,336,80,11,17,10,17,18.0
20251002SKHT0,2025-10-02,2025,SK,HT,광주,8043,18:30,21:00,150,9,259,75,2,9,9,24,17.0
20251003HHKT0,2025-10-03,2025,HH,KT,수원,18700,17:00,20:38,218,11,391,98,12,16,12,21,22.0
20251004SKNC0,2025-10-04,2025,SK,NC,창원,17983,17:01,19:36,155,9,272,71,5,19,8,15,17.0
20251004SSHT0,2025-10-04,2025,SS,HT,광주,17513,17:00,20:22,202,9,342,85,9,22,17,26,17.333333333333336
20260328HTSK0,2026-03-28,2026,HT,SK,문학,23000,14:00,17:28,208,9,338,82,10,21,13,20,17.333333333333336
20260328KTLG0,2026-03-28,2026,KT,LG,잠실,23750,14:02,17:32,210,9,365,95,14,10,18,30,18.0
20260328LTSS0,2026-03-28,2026,LT,SS,대구,24000,14:01,17:11,190,9,331,82,9,16,9,19,18.0
20260328OBNC0,2026-03-28,2026,OB,NC,창원,18128,14:00,16:58,178,9,313,73,12,13,6,8,17.0
20260328WOHH0,2026-03-28,2026,WO,HH,대전,17000,14:00,18:17,257,11,417,104,16,18,19,28,21.666666666666664
20260329HTSK0,2026-03-29,2026,HT,SK,문학,23000,14:00,17:08,188,9,338,80,16,14,17,16,17.0
20260329KTLG0,2026-03-29,2026,KT,LG,잠실,23750,14:00,17:27,207,9,352,82,12,8,11,21,18.0
20260329LTSS0,2026-03-29,2026,LT,SS,대구,24000,14:00,17:08,188,9,295,74,9,13,8,16,18.0
20260329OBNC0,2026-03-29,2026,OB,NC,창원,18128,14:01,17:46,225,9,349,84,11,21,15,20,18.0
20260329WOHH0,2026-03-29,2026,WO,HH,대전,17000,14:00,17:10,190,9,313,81,7,17,14,21,17.0
20260331HTLG0,2026-03-31,2026,HT,LG,잠실,23750,18:31,21:32,181,9,317,79,9,18,9,17,18.0
20260331KTHH0,2026-03-31,2026,KT,HH,대전,17000,18:30,22:29,239,9,387,95,18,21,13,21,18.0
20260331LTNC0,2026-03-31,2026,LT,NC,창원,12730,18:30,21:35,185,9,312,76,12,20,11,13,17.0
20260331OBSS0,2026-03-31,2026,OB,SS,대구,21489,18:30,22:14,224,11,345,97,11,14,10,21,22.0
20260331WOSK0,2026-03-31,2026,WO,SK,문학,11385,18:30,21:31,181,9,310,79,7,12,12,21,17.0
20260401HTLG0,2026-04-01,2026,HT,LG,잠실,23750,18:30,21:54,204,9,340,79,13,12,9,15,17.0
20260401KTHH0,2026-04-01,2026,KT,HH,대전,17000,18:30,22:49,259,9,412,100,15,20,25,28,18.0
20260401LTNC0,2026-04-01,2026,LT,NC,창원,11875,18:30,22:44,214,9,313,81,11,13,9,19,17.333333333333336
20260401OBSS0,2026-04-01,2026,OB,SS,대구,23120,18:30,21:17,167,9,288,78,7,8,16,20,17.0
20260401WOSK0,2026-04-01,2026,WO,SK,문학,12921,18:30,21:51,201,9,355,88,11,14,13,23,18.0
20260402HTLG0,2026-04-02,2026,HT,LG,잠실,23750,18:30,20:58,148,9,239,70,7,9,3,12,17.0
20260402KTHH0,2026-04-02,2026,KT,HH,대전,17000,18:30,21:58,208,9,372,97,12,22,21,29,18.0
20260402LTNC0,2026-04-02,2026,LT,NC,창원,13176,18:31,21:41,190,9,299,73,9,11,12,16,17.0
20260402OBSS0,2026-04-02,2026,OB,SS,대구,23617,18:30,20:59,149,9,248,69,8,14,7,10,17.0
20260402WOSK0,2026-04-02,2026,WO,SK,문학,11311,18:30,21:07,157,9,295,76,9,13,12,19,17.0
20260403HHOB0,2026-04-03,2026,HH,OB,잠실,23750,18:31,22:08,217,9,349,91,17,11,17,23,18.0
20260403LGWO0,2026-04-03,2026,LG,WO,고척,14150,18:30,21:27,177,9,291,75,5,19,7,21,17.0
20260403NCHT0,2026-04-03,2026,NC,HT,광주,20500,18:31,21:49,198,9,314,74,12,18,7,11,18.0
20260403SKLT0,2026-04-03,2026,SK,LT,사직,23200,18:31,21:38,187,9,338,94,18,8,19,25,18.0
20260403SSKT0,2026-04-03,2026,SS,KT,수원,18700,18:32,21:09,157,9,274,71,5,10,3,14,18.0
20260404HHOB0,2026-04-04,2026,HH,OB,잠실,23750,14:00,17:07,187,9,305,83,10,17,12,21,18.0
20260404LGWO0,2026-04-04,2026,LG,WO,고척,16000,17:01,20:32,211,9,361,82,11,14,10,19,18.0
20260404NCHT0,2026-04-04,2026,NC,HT,광주,20500,17:00,20:31,211,9,346,82,15,16,6,15,18.0
20260404SKLT0,2026-04-04,2026,SK,LT,사직,23200,17:01,20:40,219,9,340,88,14,14,13,21,18.0
20260404SSKT0,2026-04-04,2026,SS,KT,수원,18700,17:01,19:56,175,9,287,83,6,22,14,25,18.0
20260405HHOB0,2026-04-05,2026,HH,OB,잠실,23750,14:00,16:54,174,9,291,75,11,18,8,13,17.0
20260405LGWO0,2026-04-05,2026,LG,WO,고척,15331,14:00,17:20,200,9,327,86,10,16,11,24,18.0
20260405NCHT0,2026-04-05,2026,NC,HT,광주,20500,14:00,16:23,143,9,216,64,2,8,3,11,17.0
20260405SKLT0,2026-04-05,2026,SK,LT,사직,23200,14:01,17:26,205,9,321,82,14,11,7,17,18.0
20260405SSKT0,2026-04-05,2026,SS,KT,수원,18700,14:02,16:34,152,9,259,66,6,10,2,12,17.0
20260407HHSK0,2026-04-07,2026,HH,SK,문학,18637,18:30,21:33,183,9,303,77,12,23,8,12,18.0
20260407KTLT0,2026-04-07,2026,KT,LT,사직,15611,18:30,22:09,219,9,371,88,13,23,10,20,18.0
20260407LGNC0,2026-04-07,2026,LG,NC,창원,6855,18:30,21:42,192,9,319,78,8,19,2,15,18.0
20260407SSHT0,2026-04-07,2026,SS,HT,광주,12675,18:30,22:00,210,9,325,82,12,13,13,17,18.0
20260407WOOB0,2026-04-07,2026,WO,OB,잠실,14435,18:30,21:43,193,9,324,78,10,20,7,13,18.0
20260408HHSK0,2026-04-08,2026,HH,SK,문학,19836,18:30,21:18,168,9,282,76,9,16,7,14,18.0
20260408KTLT0,2026-04-08,2026,KT,LT,사직,16080,18:32,21:01,149,9,249,69,4,14,7,16,17.0
20260408LGNC0,2026-04-08,2026,LG,NC,창원,8180,18:30,21:47,197,9,327,78,8,18,9,18,18.0
20260408SSHT0,2026-04-08,2026,SS,HT,광주,12672,18:30,21:58,208,9,361,98,15,6,20,32,17.0
20260408WOOB0,2026-04-08,2026,WO,OB,잠실,15461,18:31,21:37,186,9,313,82,16,12,10,15,17.0
20260410HTHH0,2026-04-10,2026,HT,HH,대전,17000,18:30,21:21,171,9,279,74,7,13,11,14,18.0
20260410LTWO0,2026-04-10,2026,LT,WO,고척,16000,18:30,20:55,145,9,251,67,1,23,4,15,18.0
20260410NCSS0,2026-04-10,2026,NC,SS,대구,24000,18:30,21:52,202,9,304,84,13,12,13,21,17.0
20260410OBKT0,2026-04-10,2026,OB,KT,수원,11337,18:30,22:45,255,11,408,104,16,29,15,22,22.0
20260410SKLG0,2026-04-10,2026,SK,LG,잠실,23122,18:31,21:48,197,9,327,83,14,15,12,18,17.0
20260411HTHH0,2026-04-11,2026,HT,HH,대전,17000,14:00,17:08,188,9,305,78,5,16,11,22,18.0
20260411LTWO0,2026-04-11,2026,LT,WO,고척,16000,17:00,20:01,181,10,299,78,1,20,4,16,20.0
20260411NCSS0,2026-04-11,2026,NC,SS,대구,24000,17:00,20:07,187,9,297,77,17,12,9,13,17.0
20260411OBKT0,2026-04-11,2026,OB,KT,수원,18700,17:00,19:41,161,9,261,73,4,18,10,18,17.0
20260411SKLG0,2026-04-11,2026,SK,LG,잠실,23750,17:00,19:46,166,9,275,76,7,16,7,20,17.0
20260412HTHH0,2026-04-12,2026,HT,HH,대전,17000,14:00,17:20,200,9,317,83,7,19,12,21,18.0
20260412LTWO0,2026-04-12,2026,LT,WO,고척,16000,14:00,16:29,149,9,255,66,5,17,2,11,17.0
20260412NCSS0,2026-04-12,2026,NC,SS,대구,24000,14:00,17:27,207,9,345,82,11,15,12,20,17.0
20260412OBKT0,2026-04-12,2026,OB,KT,수원,16488,14:00,16:54,174,9,289,70,6,14,7,14,17.0
20260412SKLG0,2026-04-12,2026,SK,LG,잠실,23750,14:00,16:48,168,9,295,80,9,7,10,17,17.0
20260414KTNC0,2026-04-14,2026,KT,NC,창원,4730,18:31,21:23,172,9,285,78,9,13,11,21,17.0
20260414LTLG0,2026-04-14,2026,LT,LG,잠실,23750,18:31,21:17,166,9,271,70,5,12,3,17,17.0
20260414OBSK0,2026-04-14,2026,OB,SK,문학,12752,18:30,21:19,169,9,301,83,8,17,14,19,18.0
20260414SSHH0,2026-04-14,2026,SS,HH,대전,17000,18:30,22:39,249,9,410,95,25,13,11,20,18.0
20260414WOHT0,2026-04-14,2026,WO,HT,광주,9930,18:30,20:55,145,9,239,70,11,10,8,9,17.0
20260415KTNC0,2026-04-15,2026,KT,NC,창원,5902,18:30,21:12,162,9,277,75,5,9,12,18,18.0
20260415LTLG0,2026-04-15,2026,LT,LG,잠실,23750,18:31,21:07,156,9,250,68,7,13,2,7,18.0
20260415OBSK0,2026-04-15,2026,OB,SK,문학,13755,18:30,21:26,176,9,290,71,9,20,6,15,17.0
20260415SSHH0,2026-04-15,2026,SS,HH,대전,17000,18:30,21:59,209,9,362,98,17,15,18,25,18.0
20260415WOHT0,2026-04-15,2026,WO,HT,광주,10981,18:30,21:59,209,9,339,83,8,12,12,24,17.0
20260416KTNC0,2026-04-16,2026,KT,NC,창원,5921,18:30,21:31,181,9,268,78,9,17,7,15,18.0
20260416LTLG0,2026-04-16,2026,LT,LG,잠실,23750,18:31,21:54,203,9,333,81,11,20,11,20,17.0
20260416OBSK0,2026-04-16,2026,OB,SK,문학,13786,18:30,21:24,174,9,263,67,3,18,3,13,17.0
20260416SSHH0,2026-04-16,2026,SS,HH,대전,17000,18:30,21:15,165,9,285,78,8,18,7,15,18.0
20260416WOHT0,2026-04-16,2026,WO,HT,광주,12713,18:31,21:25,174,9,300,69,4,13,6,14,17.0
20260417HTOB0,2026-04-17,2026,HT,OB,잠실,23750,18:31,21:53,202,9,317,85,9,20,10,23,18.0
20260417WOKT0,2026-04-17,2026,WO,KT,수원,7479,18:30,20:52,142,9,258,70,2,12,5,21,17.0
20260418HHLT0,2026-04-18,2026,HH,LT,사직,23200,17:01,19:52,171,9,277,75,5,15,5,17,18.0
20260418HTOB0,2026-04-18,2026,HT,OB,잠실,23750,17:01,20:23,202,10,309,88,11,14,9,19,19.333333333333336
20260418LGSS0,2026-04-18,2026,LG,SS,대구,24000,14:00,17:05,185,9,302,73,7,18,9,18,17.0
20260418SKNC0,2026-04-18,2026,SK,NC,창원,14888,17:01,20:29,208,9,336,80,14,20,14,13,18.0
20260418WOKT0,2026-04-18,2026,WO,KT,수원,13721,17:00,19:39,159,9,259,73,4,13,6,18,17.0
20260419HHLT0,2026-04-19,2026,HH,LT,사직,23200,14:01,16:52,171,9,291,81,6,10,10,23,18.0
20260419HTOB0,2026-04-19,2026,HT,OB,잠실,23750,14:01,17:05,184,9,289,78,9,8,9,21,17.0
20260419LGSS0,2026-04-19,2026,LG,SS,대구,24000,14:00,16:58,178,9,288,70,9,6,5,10,18.0
20260419SKNC0,2026-04-19,2026,SK,NC,창원,13677,14:00,17:06,186,9,314,78,9,11,11,19,17.0
20260419WOKT0,2026-04-19,2026,WO,KT,수원,10403,17:00,19:53,173,9,285,72,8,14,4,12,18.0
20260421HHLG0,2026-04-21,2026,HH,LG,잠실,23750,18:30,21:35,185,9,315,74,9,12,11,12,17.0
20260421HTKT0,2026-04-21,2026,HT,KT,수원,13143,18:30,22:12,222,11,358,92,9,15,11,25,21.333333333333336
20260421NCWO0,2026-04-21,2026,NC,WO,고척,5531,18:30,21:42,192,9,293,75,9,17,3,16,17.0
20260421OBLT0,2026-04-21,2026,OB,LT,사직,15942,18:31,21:28,177,9,289,76,9,15,8,15,18.0
20260421SKSS0,2026-04-21,2026,SK,SS,대구,23420,18:30,22:34,244,10,389,93,15,12,9,19,20.0
20260422HHLG0,2026-04-22,2026,HH,LG,잠실,23750,18:31,20:55,144,9,234,62,4,16,3,11,17.0
20260422HTKT0,2026-04-22,2026,HT,KT,수원,14428,18:30,21:52,202,9,325,79,12,14,11,18,17.0
20260422NCWO0,2026-04-22,2026,NC,WO,고척,5793,18:31,21:07,156,9,253,67,8,13,3,10,17.0
20260422OBLT0,2026-04-22,2026,OB,LT,사직,19425,19:00,22:01,181,9,310,78,7,22,10,22,18.0
20260422SKSS0,2026-04-22,2026,SK,SS,대구,23539,18:30,21:28,178,9,300,75,10,18,5,11,18.0
20260423HHLG0,2026-04-23,2026,HH,LG,잠실,23750,18:30,22:08,218,9,334,87,13,12,12,23,18.0
20260423HTKT0,2026-04-23,2026,HT,KT,수원,15561,18:32,21:19,167,9,296,72,8,13,11,15,17.0
20260423NCWO0,2026-04-23,2026,NC,WO,고척,6176,18:30,21:36,186,9,314,85,8,15,14,22,18.0
20260423OBLT0,2026-04-23,2026,OB,LT,사직,17334,18:30,21:10,160,9,287,72,1,14,7,20,17.0
20260423SKSS0,2026-04-23,2026,SK,SS,대구,23524,18:30,21:38,188,9,297,79,9,17,10,21,18.0
20260424KTSK0,2026-04-24,2026,KT,SK,문학,15569,18:30,20:54,144,9,260,68,6,14,5,13,17.0
20260424LGOB0,2026-04-24,2026,LG,OB,잠실,23750,18:30,21:48,198,9,281,77,9,14,5,17,18.0
20260424LTHT0,2026-04-24,2026,LT,HT,광주,20500,18:30,20:49,139,9,231,64,2,23,4,12,17.0
20260424NCHH0,2026-04-24,2026,NC,HH,대전,17000,18:30,21:44,194,9,291,76,5,12,10,18,18.0
20260424SSWO0,2026-04-24,2026,SS,WO,고척,16000,18:30,21:58,208,9,354,84,8,21,10,25,17.0
20260425KTSK0,2026-04-25,2026,KT,SK,문학,22655,17:00,19:50,170,9,297,68,6,16,4,12,17.0
20260425LGOB0,2026-04-25,2026,LG,OB,잠실,23750,14:04,17:17,193,9,332,84,11,12,12,21,18.0
20260425LTHT0,2026-04-25,2026,LT,HT,광주,20500,17:00,19:54,174,9,294,72,10,20,7,11,17.0
20260425NCHH0,2026-04-25,2026,NC,HH,대전,17000,17:00,19:26,146,9,241,70,5,10,9,18,17.0
20260425SSWO0,2026-04-25,2026,SS,WO,고척,16000,17:00,19:35,155,9,238,71,5,14,6,16,17.0
20260426KTSK0,2026-04-26,2026,KT,SK,문학,19484,14:00,17:06,186,9,331,80,7,17,14,22,18.0
20260426LGOB0,2026-04-26,2026,LG,OB,잠실,23750,14:01,16:59,178,10,288,82,6,14,7,21,19.333333333333336
20260426LTHT0,2026-04-26,2026,LT,HT,광주,20500,14:00,17:38,218,11,358,89,6,21,10,17,22.0
20260426NCHH0,2026-04-26,2026,NC,HH,대전,17000,14:00,16:51,171,9,296,67,9,15,8,10,18.0
20260426SSWO0,2026-04-26,2026,SS,WO,고척,16000,14:01,17:10,189,9,302,75,9,15,2,16,17.0
20260428HTNC0,2026-04-28,2026,HT,NC,창원,8781,18:30,21:29,179,9,264,74,7,13,9,16,17.0
20260428LGKT0,2026-04-28,2026,LG,KT,수원,12312,18:30,22:18,228,10,382,89,11,21,11,21,19.666666666666664
20260428SKHH0,2026-04-28,2026,SK,HH,대전,16651,18:30,22:32,242,10,390,93,14,14,13,21,19.666666666666664
20260428SSOB0,2026-04-28,2026,SS,OB,잠실,23750,18:31,22:00,209,10,328,87,6,18,9,23,20.0
20260428WOLT0,2026-04-28,2026,WO,LT,사직,19704,18:31,21:17,166,9,278,76,8,13,9,18,17.0
20260429HTNC0,2026-04-29,2026,HT,NC,창원,11824,18:30,22:14,224,10,347,92,12,21,13,23,20.0
20260429LGKT0,2026-04-29,2026,LG,KT,수원,13711,18:31,21:41,190,10,313,82,9,14,9,19,19.333333333333336
20260429SKHH0,2026-04-29,2026,SK,HH,대전,17000,18:30,21:34,184,9,327,79,16,11,7,13,18.0
20260429SSOB0,2026-04-29,2026,SS,OB,잠실,23750,18:31,21:09,158,9,263,69,6,17,4,13,17.0
20260429WOLT0,2026-04-29,2026,WO,LT,사직,19362,18:30,22:25,235,11,365,98,13,17,11,20,22.0
20260430HTNC0,2026-04-30,2026,HT,NC,창원,16616,18:31,21:27,176,9,276,71,5,12,9,16,17.0
20260430LGKT0,2026-04-30,2026,LG,KT,수원,18700,18:30,21:43,193,9,324,82,11,11,11,18,18.0
20260430SKHH0,2026-04-30,2026,SK,HH,대전,17000,18:30,21:45,195,9,331,87,14,13,17,19,18.0
20260430SSOB0,2026-04-30,2026,SS,OB,잠실,23750,18:31,22:03,212,9,320,85,13,17,13,21,17.0
20260430WOLT0,2026-04-30,2026,WO,LT,사직,23200,18:30,21:28,178,9,298,71,4,14,4,17,17.0
20260501HHSS0,2026-05-01,2026,HH,SS,대구,24000,17:01,20:02,181,9,288,69,7,16,7,16,17.0
20260501KTHT0,2026-05-01,2026,KT,HT,광주,20500,17:00,20:22,202,9,341,78,10,28,7,18,18.0
20260501LTSK0,2026-05-01,2026,LT,SK,문학,23000,17:00,20:53,233,10,335,96,14,14,17,22,20.0
20260501NCLG0,2026-05-01,2026,NC,LG,잠실,23750,17:01,19:42,161,9,262,73,8,15,6,13,17.0
20260501OBWO0,2026-05-01,2026,OB,WO,고척,16000,17:00,20:40,220,9,379,95,16,14,22,26,18.0
20260502HHSS0,2026-05-02,2026,HH,SS,대구,24000,17:00,20:17,197,9,328,88,11,7,16,25,18.0
20260502KTHT0,2026-05-02,2026,KT,HT,광주,20500,17:00,19:34,154,9,261,67,4,12,6,15,17.0
20260502LTSK0,2026-05-02,2026,LT,SK,문학,23000,14:00,17:16,196,9,325,82,8,15,12,21,18.0
20260502NCLG0,2026-05-02,2026,NC,LG,잠실,23750,17:00,20:16,196,9,350,86,15,14,18,20,17.0
20260502OBWO0,2026-05-02,2026,OB,WO,고척,16000,17:00,19:45,165,9,283,66,5,16,6,9,17.0
20260503HHSS0,2026-05-03,2026,HH,SS,대구,24000,14:00,16:59,179,9,314,80,10,9,13,18,17.0
20260503KTHT0,2026-05-03,2026,KT,HT,광주,20500,14:01,16:57,176,9,305,74,5,18,10,16,18.0
20260503LTSK0,2026-05-03,2026,LT,SK,문학,23000,14:00,16:55,175,9,288,71,5,18,7,13,18.0
20260503NCLG0,2026-05-03,2026,NC,LG,잠실,23633,14:00,17:04,184,9,325,82,10,7,13,22,18.0
20260503OBWO0,2026-05-03,2026,OB,WO,고척,16000,14:01,17:30,209,9,373,90,12,19,17,23,18.0
20260505HHHT0,2026-05-05,2026,HH,HT,광주,20500,14:00,17:36,216,9,342,86,17,11,19,24,17.0
20260505LTKT0,2026-05-05,2026,LT,KT,수원,18700,14:00,17:09,189,9,306,76,7,21,9,17,17.0
20260505NCSK0,2026-05-05,2026,NC,SK,문학,23000,14:00,18:22,262,11,431,110,19,25,14,24,22.0
20260505OBLG0,2026-05-05,2026,OB,LG,잠실,23750,14:00,17:13,193,9,310,75,6,15,3,16,17.0
20260505WOSS0,2026-05-05,2026,WO,SS,대구,24000,14:00,16:52,172,9,304,78,8,9,12,18,17.0
20260506HHHT0,2026-05-06,2026,HH,HT,광주,18441,18:30,21:18,168,9,275,76,8,19,9,14,18.0
20260506LTKT0,2026-05-06,2026,LT,KT,수원,12531,18:30,21:30,157,9,278,79,5,16,9,21,18.0
20260506NCSK0,2026-05-06,2026,NC,SK,문학,15681,18:30,21:33,183,9,311,76,8,16,13,16,17.666666666666664
20260506OBLG0,2026-05-06,2026,OB,LG,잠실,23750,18:30,21:17,167,9,287,78,8,12,7,20,17.0
20260506WOSS0,2026-05-06,2026,WO,SS,대구,24000,18:30,21:05,155,9,254,63,6,11,3,9,17.0
20260507HHHT0,2026-05-07,2026,HH,HT,광주,17607,18:30,21:59,209,9,328,90,11,12,19,24,18.0
20260507NCSK0,2026-05-07,2026,NC,SK,문학,14364,18:30,21:55,205,9,321,86,12,13,15,21,18.0
20260507OBLG0,2026-05-07,2026,OB,LG,잠실,22805,18:36,21:44,188,9,302,76,8,21,5,16,18.0
20260507WOSS0,2026-05-07,2026,WO,SS,대구,24000,18:31,21:08,157,9,267,70,8,16,6,12,17.0
20260508HTLT0,2026-05-08,2026,HT,LT,사직,23200,18:31,21:21,170,9,272,83,9,9,10,22,18.0
20260508KTWO0,2026-05-08,2026,KT,WO,고척,6159,18:30,21:16,166,9,284,76,7,17,8,17,18.0
20260508LGHH0,2026-05-08,2026,LG,HH,대전,16551,18:30,23:35,305,11,474,108,12,23,17,32,22.0
20260508SKOB0,2026-05-08,2026,SK,OB,잠실,23750,18:30,21:17,167,9,273,75,6,17,5,18,18.0
20260508SSNC0,2026-05-08,2026,SS,NC,창원,15758,18:30,21:30,180,9,291,77,10,14,7,16,18.0
20260509HTLT0,2026-05-09,2026,HT,LT,사직,23200,17:00,19:46,166,9,264,72,4,14,4,14,18.0
20260509KTWO0,2026-05-09,2026,KT,WO,고척,11300,17:00,21:15,255,11,406,104,13,18,12,28,22.0
20260509LGHH0,2026-05-09,2026,LG,HH,대전,17000,14:00,17:06,186,9,320,83,12,14,14,22,17.0
20260509SKOB0,2026-05-09,2026,SK,OB,잠실,23750,17:01,20:15,194,9,348,82,15,9,13,18,17.0
20260509SSNC0,2026-05-09,2026,SS,NC,창원,18128,17:00,20:26,206,9,338,76,12,15,9,12,18.0
20260510HTLT0,2026-05-10,2026,HT,LT,사직,23200,14:00,17:01,181,9,305,78,10,15,10,18,17.0
20260510KTWO0,2026-05-10,2026,KT,WO,고척,9153,14:00,17:19,199,9,316,75,10,17,6,15,17.333333333333336
20260510LGHH0,2026-05-10,2026,LG,HH,대전,17000,14:00,16:51,171,9,281,77,6,9,12,20,17.0
20260510SKOB0,2026-05-10,2026,SK,OB,잠실,23750,14:00,16:56,176,9,277,70,8,14,4,11,17.0
20260510SSNC0,2026-05-10,2026,SS,NC,창원,18128,14:00,17:00,180,9,324,82,13,19,12,18,18.0
20260512HHWO0,2026-05-12,2026,HH,WO,고척,16000,18:30,22:10,220,9,370,90,13,20,16,24,18.0
20260512NCLT0,2026-05-12,2026,NC,LT,사직,16431,18:30,21:30,180,9,321,81,12,20,9,15,18.0
20260512OBHT0,2026-05-12,2026,OB,HT,광주,13698,18:31,21:31,180,9,305,74,9,11,6,14,18.0
20260512SKKT0,2026-05-12,2026,SK,KT,수원,7742,18:30,21:22,172,9,321,77,6,14,6,20,18.0
20260512SSLG0,2026-05-12,2026,SS,LG,잠실,23750,18:30,21:55,205,9,323,79,11,10,10,20,18.0
20260513HHWO0,2026-05-13,2026,HH,WO,고척,16000,18:31,21:54,203,9,333,78,10,19,5,18,17.0
20260513NCLT0,2026-05-13,2026,NC,LT,사직,21019,18:30,21:35,185,9,305,82,13,15,15,24,17.0
20260513OBHT0,2026-05-13,2026,OB,HT,광주,15366,18:30,21:14,164,9,288,73,8,11,11,13,17.0
20260513SKKT0,2026-05-13,2026,SK,KT,수원,8350,18:30,21:23,173,9,327,92,12,15,22,30,17.0
20260513SSLG0,2026-05-13,2026,SS,LG,잠실,23750,18:31,21:20,169,9,273,72,6,13,8,15,17.0
20260514HHWO0,2026-05-14,2026,HH,WO,고척,16000,18:30,21:28,178,9,290,77,7,18,11,13,18.0
20260514NCLT0,2026-05-14,2026,NC,LT,사직,22834,18:30,21:46,196,9,309,84,6,15,9,25,18.0
20260514OBHT0,2026-05-14,2026,OB,HT,광주,15738,18:31,21:27,176,9,285,74,2,15,8,21,17.0
20260514SKKT0,2026-05-14,2026,SK,KT,수원,9128,18:30,21:42,192,9,326,88,11,9,26,22,18.0
20260514SSLG0,2026-05-14,2026,SS,LG,잠실,23750,18:30,21:41,191,9,326,81,6,10,14,19,18.0
20260515HHKT0,2026-05-15,2026,HH,KT,수원,18700,18:31,21:31,180,9,307,76,6,22,8,19,18.0
20260515HTSS0,2026-05-15,2026,HT,SS,대구,24000,18:30,21:33,183,9,298,78,6,14,9,19,18.0
20260515LGSK0,2026-05-15,2026,LG,SK,문학,23000,18:30,22:17,227,9,387,89,16,16,15,18,18.0
20260515LTOB0,2026-05-15,2026,LT,OB,잠실,23750,18:30,22:14,224,9,335,85,12,13,11,21,18.0
20260515WONC0,2026-05-15,2026,WO,NC,창원,9762,18:31,21:23,172,9,290,69,3,18,5,13,18.0
20260516HHKT0,2026-05-16,2026,HH,KT,수원,18700,14:00,16:52,172,9,303,81,10,11,15,19,18.0
20260516HTSS0,2026-05-16,2026,HT,SS,대구,24000,17:02,19:52,170,9,280,69,10,13,7,10,17.0
20260516LGSK0,2026-05-16,2026,LG,SK,문학,23000,17:00,19:52,172,9,288,75,8,11,7,17,17.666666666666664
20260516LTOB0,2026-05-16,2026,LT,OB,잠실,23750,17:01,21:16,255,11,391,101,12,21,19,25,21.666666666666664
20260516WONC0,2026-05-16,2026,WO,NC,창원,15091,17:01,20:12,191,9,303,81,13,19,11,18,17.0
20260517HHKT0,2026-05-17,2026,HH,KT,수원,18700,14:00,17:38,216,9,347,89,16,12,15,21,17.333333333333336
20260517HTSS0,2026-05-17,2026,HT,SS,대구,24000,14:01,17:31,208,9,332,91,11,13,23,25,18.0
20260517LGSK0,2026-05-17,2026,LG,SK,문학,23000,14:00,16:54,172,9,312,71,4,12,10,16,18.0
20260517LTOB0,2026-05-17,2026,LT,OB,잠실,23750,14:00,16:46,164,9,282,75,2,13,12,21,17.0
20260517WONC0,2026-05-17,2026,WO,NC,창원,12047,14:00,16:46,164,9,265,73,3,21,5,15,18.0
20260519KTSS0,2026-05-19,2026,KT,SS,포항,12120,18:31,21:38,187,9,314,83,3,14,12,31,17.0
20260519LGHT0,2026-05-19,2026,LG,HT,광주,14801,18:30,21:47,197,9,340,84,12,19,14,25,17.0
20260519LTHH0,2026-05-19,2026,LT,HH,대전,17000,18:30,21:51,201,9,342,81,9,15,10,20,18.0
20260519NCOB0,2026-05-19,2026,NC,OB,잠실,19186,18:30,21:22,172,9,288,74,8,12,12,19,17.0
20260519SKWO0,2026-05-19,2026,SK,WO,고척,7674,18:30,21:42,192,9,295,84,10,10,13,22,17.333333333333336
20260520SKWO0,2026-05-20,2026,SK,WO,고척,9234,18:31,21:44,193,9,314,82,5,17,11,23,17.666666666666664
20260521KTSS0,2026-05-21,2026,KT,SS,포항,12120,18:30,21:38,188,9,301,81,8,12,13,23,17.0
20260521LGHT0,2026-05-21,2026,LG,HT,광주,15082,18:30,21:52,202,9,321,82,13,14,8,17,18.0
20260521LTHH0,2026-05-21,2026,LT,HH,대전,17000,18:30,21:50,200,9,348,74,4,20,10,18,18.0
20260521NCOB0,2026-05-21,2026,NC,OB,잠실,16593,18:31,20:47,136,9,211,62,4,8,1,15,17.0
20260521SKWO0,2026-05-21,2026,SK,WO,고척,8043,18:30,21:07,157,9,268,69,7,17,6,11,17.0
20260522NCKT0,2026-05-22,2026,NC,KT,수원,10312,18:30,21:32,182,9,287,75,11,11,11,15,17.0
20260522OBHH0,2026-05-22,2026,OB,HH,대전,17000,18:30,21:28,178,9,294,72,4,22,8,18,17.0
20260522SKHT0,2026-05-22,2026,SK,HT,광주,20500,18:31,21:25,174,9,267,70,6,14,7,17,17.0
20260522SSLT0,2026-05-22,2026,SS,LT,사직,23200,18:30,21:25,175,9,296,78,6,14,12,15,18.0
20260522WOLG0,2026-05-22,2026,WO,LG,잠실,23750,18:30,21:26,176,9,304,75,9,18,7,14,18.0
20260523NCKT0,2026-05-23,2026,NC,KT,수원,17078,17:00,20:05,185,9,318,87,13,9,15,26,17.0
20260523OBHH0,2026-05-23,2026,OB,HH,대전,17000,17:01,20:34,213,9,359,83,7,17,7,24,17.0
20260523SKHT0,2026-05-23,2026,SK,HT,광주,20500,17:00,20:07,187,9,291,75,9,14,9,18,17.0
20260523SSLT0,2026-05-23,2026,SS,LT,사직,23200,17:01,20:26,205,9,313,86,10,13,12,26,17.0
20260523WOLG0,2026-05-23,2026,WO,LG,잠실,23750,14:00,16:38,158,9,249,74,6,12,7,19,17.0
20260524NCKT0,2026-05-24,2026,NC,KT,수원,15202,14:00,17:31,209,9,332,84,9,11,13,25,18.0
20260524OBHH0,2026-05-24,2026,OB,HH,대전,17000,14:00,16:47,167,9,266,74,4,8,7,19,17.0
20260524SKHT0,2026-05-24,2026,SK,HT,광주,20500,14:00,16:32,152,9,244,63,2,24,5,10,17.0
20260524SSLT0,2026-05-24,2026,SS,LT,사직,23200,14:00,16:49,169,9,290,72,5,14,10,14,18.0
20260524WOLG0,2026-05-24,2026,WO,LG,잠실,23750,14:00,17:16,196,9,321,75,6,19,10,17,17.666666666666664
20260526HTWO0,2026-05-26,2026,HT,WO,고척,16000,18:30,21:21,171,9,286,73,8,15,7,12,18.0
20260526KTOB0,2026-05-26,2026,KT,OB,잠실,19281,18:41,21:23,162,9,298,70,3,13,6,15,18.0
20260526LGLT0,2026-05-26,2026,LG,LT,사직,15588,18:31,21:16,119,7,206,53,4,15,3,8,14.0
20260527HHNC0,2026-05-27,2026,HH,NC,창원,11013,18:30,21:42,192,9,293,75,9,19,10,19,17.0
20260527HTWO0,2026-05-27,2026,HT,WO,고척,16000,18:31,21:18,167,9,275,76,5,21,11,17,18.0
20260527KTOB0,2026-05-27,2026,KT,OB,잠실,22016,18:30,21:17,167,9,285,67,4,13,5,13,17.0
20260527LGLT0,2026-05-27,2026,LG,LT,사직,16827,18:30,21:46,196,9,291,82,8,20,14,23,18.0
20260527SSSK0,2026-05-27,2026,SS,SK,문학,18420,18:30,21:32,182,9,311,78,14,14,5,13,18.0
20260528HHNC0,2026-05-28,2026,HH,NC,창원,13087,18:31,22:24,231,9,380,96,15,15,25,25,18.0
20260528HTWO0,2026-05-28,2026,HT,WO,고척,16000,18:30,21:30,180,9,279,77,3,16,5,20,18.0
20260528KTOB0,2026-05-28,2026,KT,OB,잠실,22069,18:31,21:57,206,9,339,88,10,18,14,23,18.0
20260528LGLT0,2026-05-28,2026,LG,LT,사직,20522,18:30,21:47,197,9,302,76,4,13,13,20,17.0
20260528SSSK0,2026-05-28,2026,SS,SK,문학,18084,18:30,21:24,174,9,316,76,11,18,11,13,18.0
20260529HTLG0,2026-05-29,2026,HT,LG,잠실,23750,18:30,20:57,147,9,248,75,6,11,14,17,17.0
20260529KTWO0,2026-05-29,2026,KT,WO,고척,7067,18:30,21:27,177,9,296,75,10,13,8,14,18.0
20260529LTNC0,2026-05-29,2026,LT,NC,창원,18128,18:31,21:48,197,10,299,79,4,19,8,14,20.0
20260529OBSS0,2026-05-29,2026,OB,SS,대구,24000,18:30,21:55,205,9,335,88,11,19,16,23,18.0
20260529SKHH0,2026-05-29,2026,SK,HH,대전,17000,18:30,20:55,145,9,231,66,4,15,7,12,17.0
20260530HTLG0,2026-05-30,2026,HT,LG,잠실,23750,17:00,19:35,155,9,258,66,4,13,4,13,17.0
20260530KTWO0,2026-05-30,2026,KT,WO,고척,11068,17:01,20:55,234,9,381,92,15,15,15,22,18.0
20260530LTNC0,2026-05-30,2026,LT,NC,창원,18128,17:00,20:04,184,9,293,74,8,21,8,17,17.0
20260530OBSS0,2026-05-30,2026,OB,SS,대구,24000,14:00,17:38,218,9,349,85,13,17,15,19,18.0
20260530SKHH0,2026-05-30,2026,SK,HH,대전,17000,17:00,20:32,212,9,351,89,11,9,23,26,17.0
20260531HTLG0,2026-05-31,2026,HT,LG,잠실,23750,14:01,17:28,207,9,332,81,9,13,8,22,17.0
20260531KTWO0,2026-05-31,2026,KT,WO,고척,9994,14:00,17:00,180,9,308,71,4,20,6,17,18.0
20260531LTNC0,2026-05-31,2026,LT,NC,창원,18128,14:01,17:09,186,9,307,77,9,16,10,19,17.0
20260531OBSS0,2026-05-31,2026,OB,SS,대구,24000,14:00,17:10,190,9,298,80,12,13,13,18,17.0
20260531SKHH0,2026-05-31,2026,SK,HH,대전,17000,14:00,16:44,164,9,272,69,7,12,8,17,17.0
20260602HHOB0,2026-06-02,2026,HH,OB,잠실,23750,18:30,21:28,178,9,306,70,6,19,8,14,17.0
20260602LGKT0,2026-06-02,2026,LG,KT,수원,18700,18:31,21:33,182,9,304,86,9,16,11,25,18.0
20260602LTHT0,2026-06-02,2026,LT,HT,광주,20500,18:30,21:48,198,9,293,78,12,13,9,13,17.666666666666664
20260602NCSS0,2026-06-02,2026,NC,SS,대구,24000,18:30,21:56,206,9,325,81,7,13,15,25,17.0
20260602WOSK0,2026-06-02,2026,WO,SK,문학,16117,18:30,21:28,178,9,312,83,6,16,18,24,18.0
20260603HHOB0,2026-06-03,2026,HH,OB,잠실,23750,17:01,20:53,232,11,385,93,7,14,6,20,22.0
20260603LGKT0,2026-06-03,2026,LG,KT,수원,18700,17:01,19:54,173,9,301,79,7,12,13,23,17.0
20260603LTHT0,2026-06-03,2026,LT,HT,광주,20500,17:01,20:18,197,9,296,80,9,12,11,17,18.0
20260603NCSS0,2026-06-03,2026,NC,SS,대구,24000,17:00,20:56,236,10,362,89,11,17,10,22,20.0
20260603WOSK0,2026-06-03,2026,WO,SK,문학,18491,17:00,20:24,204,9,325,83,17,15,9,15,17.666666666666664
20260604HHOB0,2026-06-04,2026,HH,OB,잠실,22961,18:30,22:59,163,9,272,71,7,17,4,13,17.0
20260604LGKT0,2026-06-04,2026,LG,KT,수원,12257,18:31,21:51,200,9,294,82,5,16,12,20,18.0
20260604LTHT0,2026-06-04,2026,LT,HT,광주,20500,18:30,21:38,188,9,322,75,9,16,10,16,17.0
20260604NCSS0,2026-06-04,2026,NC,SS,대구,24000,18:30,21:31,181,9,295,77,6,16,9,18,18.0
20260604WOSK0,2026-06-04,2026,WO,SK,문학,12688,18:30,21:57,176,9,311,78,10,19,13,17,17.0
20260605HHLT0,2026-06-05,2026,HH,LT,사직,23200,18:30,21:19,169,9,299,78,5,12,11,17,18.0
20260605KTSK0,2026-06-05,2026,KT,SK,문학,16047,18:30,21:41,191,9,328,79,8,20,11,21,17.0
20260605LGNC0,2026-06-05,2026,LG,NC,창원,15066,18:30,21:56,206,9,338,79,12,22,9,15,18.0
20260605SSHT0,2026-06-05,2026,SS,HT,광주,20500,18:30,21:07,157,9,266,68,5,24,7,14,17.0
20260605WOOB0,2026-06-05,2026,WO,OB,잠실,15849,18:30,21:31,181,9,285,73,5,19,7,18,17.0
20260606HHLT0,2026-06-06,2026,HH,LT,사직,23200,17:02,19:53,171,9,274,74,7,11,9,17,18.0
20260606KTSK0,2026-06-06,2026,KT,SK,문학,18425,14:00,17:26,206,9,344,86,15,15,10,19,18.0
20260606LGNC0,2026-06-06,2026,LG,NC,창원,18128,17:01,20:17,196,9,316,76,6,18,13,22,17.0
20260606SSHT0,2026-06-06,2026,SS,HT,광주,20500,17:00,20:35,215,10,321,84,10,11,5,17,20.0
20260606WOOB0,2026-06-06,2026,WO,OB,잠실,22287,17:01,19:49,168,9,295,78,7,15,10,23,17.0
20260607HHLT0,2026-06-07,2026,HH,LT,사직,23200,17:00,21:01,241,10,381,99,13,16,17,29,20.0
20260607KTSK0,2026-06-07,2026,KT,SK,문학,15598,17:00,19:29,149,9,269,70,8,20,7,11,17.0
20260607LGNC0,2026-06-07,2026,LG,NC,창원,10888,17:01,20:27,206,9,313,78,4,11,13,23,17.333333333333336
20260607SSHT0,2026-06-07,2026,SS,HT,광주,20500,17:01,20:35,214,9,316,84,12,14,13,25,17.0
20260607WOOB0,2026-06-07,2026,WO,OB,잠실,21393,17:02,20:09,187,9,312,73,5,10,5,16,18.0
20260609HTHH0,2026-06-09,2026,HT,HH,대전,17000,18:30,21:42,192,9,309,74,8,18,10,15,18.0
20260609NCWO0,2026-06-09,2026,NC,WO,고척,4284,18:30,22:22,232,9,384,88,12,22,13,25,17.666666666666664
20260609OBLT0,2026-06-09,2026,OB,LT,사직,13351,18:30,21:56,206,9,331,82,6,13,11,23,18.0
20260609SKLG0,2026-06-09,2026,SK,LG,잠실,20469,18:30,21:31,172,9,299,77,11,10,10,16,17.0
20260609SSKT0,2026-06-09,2026,SS,KT,수원,13359,18:31,21:07,156,9,258,70,8,15,7,14,17.0
20260610HTHH0,2026-06-10,2026,HT,HH,대전,17000,18:30,21:36,186,9,299,74,6,17,7,16,17.0
20260610NCWO0,2026-06-10,2026,NC,WO,고척,5329,18:30,22:11,221,9,347,84,7,21,6,22,18.0
20260610OBLT0,2026-06-10,2026,OB,LT,사직,14200,18:30,21:31,181,9,294,73,7,10,4,15,17.0
20260610SKLG0,2026-06-10,2026,SK,LG,잠실,20204,18:31,21:36,185,9,320,82,11,11,14,23,17.0
20260610SSKT0,2026-06-10,2026,SS,KT,수원,13606,18:31,21:42,191,9,318,77,13,12,7,13,17.0
20260611HTHH0,2026-06-11,2026,HT,HH,대전,17000,18:30,21:16,166,9,259,70,6,12,6,14,17.0
20260611NCWO0,2026-06-11,2026,NC,WO,고척,5553,18:30,21:51,201,9,336,73,11,16,5,13,18.0
20260611OBLT0,2026-06-11,2026,OB,LT,사직,15542,18:31,22:16,225,9,368,91,13,16,19,28,18.0
20260611SKLG0,2026-06-11,2026,SK,LG,잠실,20071,18:30,21:32,182,9,309,84,11,15,16,22,17.0
20260611SSKT0,2026-06-11,2026,SS,KT,수원,14126,18:30,21:37,187,9,331,81,12,10,9,16,18.0
20260612HHWO0,2026-06-12,2026,HH,WO,고척,16000,18:30,21:36,186,9,305,77,7,20,7,19,17.666666666666664
20260612LTLG0,2026-06-12,2026,LT,LG,잠실,23750,18:31,22:09,218,9,367,92,10,16,21,27,18.0
20260612NCKT0,2026-06-12,2026,NC,KT,수원,8371,18:30,21:23,173,9,266,65,6,18,5,14,17.0
20260612OBHT0,2026-06-12,2026,OB,HT,광주,20500,18:30,21:22,172,9,289,74,6,16,6,15,18.0
20260612SKSS0,2026-06-12,2026,SK,SS,대구,24000,18:30,21:31,181,9,282,78,10,15,8,16,18.0
20260613HHWO0,2026-06-13,2026,HH,WO,고척,16000,17:01,19:31,150,9,245,66,3,16,4,11,17.0
20260613LTLG0,2026-06-13,2026,LT,LG,잠실,23750,17:00,19:45,165,9,280,70,5,7,8,16,17.0
20260613NCKT0,2026-06-13,2026,NC,KT,수원,13833,17:00,20:25,205,9,331,88,8,18,20,30,17.0
20260613OBHT0,2026-06-13,2026,OB,HT,광주,20500,17:00,19:40,160,9,255,68,5,19,3,13,17.0
20260613SKSS0,2026-06-13,2026,SK,SS,대구,24000,17:00,19:51,171,9,278,75,7,11,13,21,17.0
20260614HHWO0,2026-06-14,2026,HH,WO,고척,16000,14:00,16:58,178,9,304,78,14,16,5,13,17.0
20260614LTLG0,2026-06-14,2026,LT,LG,잠실,23750,17:00,20:06,186,9,277,75,10,12,7,17,17.0
20260614OBHT0,2026-06-14,2026,OB,HT,광주,20500,17:00,20:04,184,9,300,78,9,17,9,18,18.0
20260614SKSS0,2026-06-14,2026,SK,SS,대구,24000,17:00,20:36,216,9,335,86,13,12,18,24,17.0
20260616HHNC0,2026-06-16,2026,HH,NC,창원,8398,18:30,21:47,197,9,316,74,8,15,11,15,17.0
20260616KTOB0,2026-06-16,2026,KT,OB,잠실,13530,18:31,21:27,176,9,303,75,5,6,8,21,18.0
20260616LGHT0,2026-06-16,2026,LG,HT,광주,20500,18:30,21:17,167,9,289,75,5,12,10,17,18.0
20260616LTSK0,2026-06-16,2026,LT,SK,문학,16851,18:30,21:59,209,9,353,90,14,15,16,23,18.0
20260616WOSS0,2026-06-16,2026,WO,SS,대구,22995,18:31,21:25,174,9,284,72,11,17,5,13,17.0
20260617HHNC0,2026-06-17,2026,HH,NC,창원,9773,18:30,21:39,189,9,279,79,5,19,9,20,17.666666666666664
20260617KTOB0,2026-06-17,2026,KT,OB,잠실,13960,18:31,21:30,179,9,299,80,9,16,9,20,18.0
20260617LGHT0,2026-06-17,2026,LG,HT,광주,15628,18:30,21:22,172,9,268,72,9,10,9,16,17.0
20260617LTSK0,2026-06-17,2026,LT,SK,문학,17099,18:30,21:47,197,9,311,77,6,13,3,22,18.0
20260617WOSS0,2026-06-17,2026,WO,SS,대구,22915,18:30,21:22,172,9,277,70,10,13,1,14,17.0
20260618HHNC0,2026-06-18,2026,HH,NC,창원,8325,18:30,21:20,170,9,281,71,8,9,6,15,17.0
20260618KTOB0,2026-06-18,2026,KT,OB,잠실,14712,18:30,21:05,155,9,253,68,4,15,3,15,17.0
20260618LGHT0,2026-06-18,2026,LG,HT,광주,17477,18:30,21:40,190,9,286,75,10,9,6,16,17.0
20260618LTSK0,2026-06-18,2026,LT,SK,문학,17097,18:30,21:57,207,11,324,80,6,21,4,10,22.0
20260618WOSS0,2026-06-18,2026,WO,SS,대구,23412,18:30,21:40,190,9,315,79,15,16,7,12,17.666666666666664
20260619HTKT0,2026-06-19,2026,HT,KT,수원,18700,18:31,21:42,191,9,306,85,10,11,14,24,18.0
20260619LTWO0,2026-06-19,2026,LT,WO,고척,14578,18:34,21:15,161,9,246,68,6,16,3,13,18.0
20260619OBLG0,2026-06-19,2026,OB,LG,잠실,23061,18:31,20:53,142,9,244,65,3,9,5,12,17.0
20260619SKNC0,2026-06-19,2026,SK,NC,창원,7400,18:30,20:56,107,6,198,57,5,9,12,17,11.333333333333332
20260619SSHH0,2026-06-19,2026,SS,HH,대전,17000,18:30,22:30,209,10,332,84,9,14,6,16,20.0
20260620HTKT0,2026-06-20,2026,HT,KT,수원,18700,17:00,21:24,264,9,432,99,18,15,19,27,17.666666666666664
20260620LTWO0,2026-06-20,2026,LT,WO,고척,16000,17:00,20:07,187,9,318,80,7,12,8,22,18.0
20260620OBLG0,2026-06-20,2026,OB,LG,잠실,23453,17:00,19:38,158,9,274,69,3,16,6,16,17.0
20260620SKNC0,2026-06-20,2026,SK,NC,창원,13204,17:00,20:36,216,9,382,90,16,21,17,20,18.0
20260620SSHH0,2026-06-20,2026,SS,HH,대전,17000,17:00,20:46,175,9,303,79,13,18,14,16,17.0
20260621HTKT0,2026-06-21,2026,HT,KT,수원,18700,17:00,20:21,201,9,327,83,6,19,16,27,18.0
20260621LTWO0,2026-06-21,2026,LT,WO,고척,16000,14:00,16:57,177,9,293,76,8,15,9,16,18.0
20260621OBLG0,2026-06-21,2026,OB,LG,잠실,23750,17:01,20:03,182,9,321,81,8,16,12,23,17.0
20260621SKNC0,2026-06-21,2026,SK,NC,창원,10028,17:01,20:01,180,9,296,81,11,15,10,18,18.0
20260621SSHH0,2026-06-21,2026,SS,HH,대전,17000,17:00,20:02,182,9,291,75,7,12,4,15,18.0
20260623HTWO0,2026-06-23,2026,HT,WO,고척,16000,18:31,21:46,195,9,328,81,9,17,10,19,18.0
20260623NCLT0,2026-06-23,2026,NC,LT,사직,14929,18:30,21:15,165,9,250,69,2,21,5,15,17.333333333333336
20260623OBHH0,2026-06-23,2026,OB,HH,대전,17000,18:30,21:35,185,9,300,78,10,12,5,17,17.666666666666664
20260623SKKT0,2026-06-23,2026,SK,KT,수원,7641,18:30,21:36,186,9,348,81,11,8,15,22,17.0
20260623SSLG0,2026-06-23,2026,SS,LG,잠실,23750,18:30,21:25,175,9,269,72,8,11,7,14,17.0
20260624HTWO0,2026-06-24,2026,HT,WO,고척,16000,18:30,21:28,178,9,313,75,4,22,13,17,18.0
20260624NCLT0,2026-06-24,2026,NC,LT,사직,13803,18:30,21:34,184,9,296,75,11,16,8,13,17.0
20260624OBHH0,2026-06-24,2026,OB,HH,대전,17000,18:30,21:47,197,9,349,85,8,13,9,25,18.0
20260624SKKT0,2026-06-24,2026,SK,KT,수원,8080,18:30,21:28,178,9,310,82,10,8,9,19,18.0
20260624SSLG0,2026-06-24,2026,SS,LG,잠실,23750,18:31,21:13,162,9,280,64,6,18,2,9,17.0
20260625HTWO0,2026-06-25,2026,HT,WO,고척,16000,18:30,21:17,167,9,292,74,2,20,13,18,18.0
20260625NCLT0,2026-06-25,2026,NC,LT,사직,17987,19:01,21:38,157,9,274,75,3,20,10,19,18.0
20260625OBHH0,2026-06-25,2026,OB,HH,대전,16063,18:30,21:36,186,9,306,78,7,15,8,19,18.0
20260625SKKT0,2026-06-25,2026,SK,KT,수원,7760,18:30,21:51,201,9,336,88,8,16,19,31,17.0
20260625SSLG0,2026-06-25,2026,SS,LG,잠실,23750,18:30,22:17,195,9,338,95,12,13,19,30,18.0
20260626HHSK0,2026-06-26,2026,HH,SK,문학,21109,18:30,21:26,176,9,298,75,5,16,11,19,18.0
20260626HTOB0,2026-06-26,2026,HT,OB,잠실,23750,18:30,21:36,186,9,302,73,11,8,5,12,17.0
20260626KTSS0,2026-06-26,2026,KT,SS,대구,24000,18:31,21:36,185,9,310,74,4,20,10,19,17.0
20260626LGLT0,2026-06-26,2026,LG,LT,사직,23200,18:30,20:57,147,9,233,66,6,9,5,11,17.0
20260626WONC0,2026-06-26,2026,WO,NC,창원,8935,18:30,21:29,179,9,275,79,14,9,15,14,17.0
20260627HHSK0,2026-06-27,2026,HH,SK,문학,23000,17:00,20:02,182,9,305,80,5,15,9,22,18.0
20260627HTOB0,2026-06-27,2026,HT,OB,잠실,23750,17:01,20:17,196,9,286,75,8,11,9,17,17.0
20260627KTSS0,2026-06-27,2026,KT,SS,대구,24000,17:00,19:57,177,9,286,75,8,18,7,18,17.0
20260627LGLT0,2026-06-27,2026,LG,LT,사직,23200,17:01,20:19,198,9,315,85,9,15,15,21,18.0
20260627WONC0,2026-06-27,2026,WO,NC,창원,14042,17:00,19:40,160,9,274,67,6,20,4,7,18.0
20260628HHSK0,2026-06-28,2026,HH,SK,문학,23000,17:00,19:49,169,9,287,75,3,22,9,17,18.0
20260628HTOB0,2026-06-28,2026,HT,OB,잠실,23750,17:00,19:51,171,9,298,78,8,9,13,17,18.0
20260628KTSS0,2026-06-28,2026,KT,SS,대구,24000,17:00,19:52,172,9,268,71,4,12,11,16,17.0
20260628LGLT0,2026-06-28,2026,LG,LT,사직,23200,17:00,20:54,234,9,372,90,15,13,20,29,17.0
20260628WONC0,2026-06-28,2026,WO,NC,창원,8743,17:00,19:51,171,9,315,75,4,21,11,21,17.0
20260630LGWO0,2026-06-30,2026,LG,WO,고척,12885,18:30,21:23,173,9,283,72,8,22,6,14,17.0
20260630LTOB0,2026-06-30,2026,LT,OB,잠실,21411,18:31,21:17,166,9,269,70,2,19,5,18,17.0
20260630SKHT0,2026-06-30,2026,SK,HT,광주,14394,18:30,21:19,169,9,296,80,7,18,13,22,17.0
20260630SSNC0,2026-06-30,2026,SS,NC,창원,11590,18:31,23:06,275,9,423,100,21,14,20,27,18.0
20260701KTHH0,2026-07-01,2026,KT,HH,대전,15243,18:30,21:40,190,9,309,77,8,15,11,17,18.0
20260701LGWO0,2026-07-01,2026,LG,WO,고척,12940,18:30,21:40,190,9,305,80,8,14,14,20,18.0
20260701LTOB0,2026-07-01,2026,LT,OB,잠실,21248,18:30,21:41,191,10,296,80,2,24,7,19,20.0
20260701SKHT0,2026-07-01,2026,SK,HT,광주,13136,18:30,22:52,262,11,406,103,13,19,12,27,22.0
20260701SSNC0,2026-07-01,2026,SS,NC,창원,11602,18:31,21:35,184,9,293,78,10,14,15,17,17.0
20260702KTHH0,2026-07-02,2026,KT,HH,대전,15111,18:30,21:35,185,9,325,85,8,18,17,27,17.0
20260702LGWO0,2026-07-02,2026,LG,WO,고척,14268,18:31,21:30,179,9,303,80,8,16,12,18,18.0
20260702LTOB0,2026-07-02,2026,LT,OB,잠실,21951,19:52,22:56,184,9,315,78,8,11,11,20,17.0
20260702SKHT0,2026-07-02,2026,SK,HT,광주,14485,18:30,21:52,202,9,311,84,6,14,15,28,17.333333333333336
20260702SSNC0,2026-07-02,2026,SS,NC,창원,14155,18:30,21:29,179,9,282,78,13,12,7,13,18.0
20260703HHLG0,2026-07-03,2026,HH,LG,잠실,23750,18:31,21:29,178,9,291,75,6,15,9,18,18.0
20260703LTKT0,2026-07-03,2026,LT,KT,수원,18700,18:30,21:05,155,9,248,69,4,10,4,14,18.0
20260703NCHT0,2026-07-03,2026,NC,HT,광주,20500,18:30,21:34,184,9,313,78,10,10,14,19,18.0
20260703OBWO0,2026-07-03,2026,OB,WO,고척,13796,18:30,21:45,195,9,303,76,8,13,11,18,17.0
20260703SSSK0,2026-07-03,2026,SS,SK,문학,19054,18:30,21:52,202,9,341,77,4,22,10,19,18.0
20260704HHLG0,2026-07-04,2026,HH,LG,잠실,23750,18:00,21:19,199,9,330,78,14,13,8,15,17.0
20260704LTKT0,2026-07-04,2026,LT,KT,수원,18700,18:00,20:59,179,9,275,70,5,16,5,12,18.0
20260704NCHT0,2026-07-04,2026,NC,HT,광주,20500,18:00,21:14,194,9,296,74,8,15,9,16,18.0
20260704OBWO0,2026-07-04,2026,OB,WO,고척,16000,18:00,21:36,216,9,359,88,16,23,13,19,18.0
20260704SSSK0,2026-07-04,2026,SS,SK,문학,23000,18:00,21:20,200,9,332,92,11,13,20,25,18.0
20260705LTKT0,2026-07-05,2026,LT,KT,수원,18700,18:30,21:10,160,9,252,68,5,13,6,15,17.0
20260705OBWO0,2026-07-05,2026,OB,WO,고척,15502,14:00,17:03,183,9,309,80,6,18,9,19,18.0
20260705SSSK0,2026-07-05,2026,SS,SK,문학,19602,18:40,21:46,186,9,320,86,13,10,16,21,18.0
20260707HTLT0,2026-07-07,2026,HT,LT,사직,19758,18:30,21:27,177,9,299,78,5,20,12,23,17.0
20260707LGSS0,2026-07-07,2026,LG,SS,대구,24000,18:30,21:40,190,9,301,81,9,10,11,23,17.0
20260707NCHH0,2026-07-07,2026,NC,HH,대전,14052,18:30,22:08,218,9,339,87,12,15,15,21,18.0
20260707SKOB0,2026-07-07,2026,SK,OB,잠실,13375,18:31,21:08,157,9,268,71,3,20,6,15,18.0
20260707WOKT0,2026-07-07,2026,WO,KT,수원,5847,18:30,20:59,149,9,249,70,3,13,3,18,17.0
20260708HTLT0,2026-07-08,2026,HT,LT,사직,21792,18:30,21:40,190,9,307,86,9,16,14,27,17.0
20260708LGSS0,2026-07-08,2026,LG,SS,대구,24000,18:30,21:36,186,9,295,75,4,19,10,21,18.0
20260708SKOB0,2026-07-08,2026,SK,OB,잠실,12789,18:30,21:05,155,9,265,71,4,13,10,17,17.0
20260708WOKT0,2026-07-08,2026,WO,KT,수원,4659,18:30,21:53,203,9,328,81,6,17,10,23,17.0
20260709HTLT0,2026-07-09,2026,HT,LT,사직,23200,18:30,21:09,159,9,258,73,3,10,7,17,18.0
20260709LGSS0,2026-07-09,2026,LG,SS,대구,24000,18:30,21:46,196,9,301,79,11,14,11,19,17.0
20260709NCHH0,2026-07-09,2026,NC,HH,대전,13805,18:30,22:19,182,9,294,76,5,17,10,22,17.0
20260709SKOB0,2026-07-09,2026,SK,OB,잠실,12961,18:30,22:05,171,9,304,77,12,19,7,14,17.0
20260716HTSK0,2026-07-16,2026,HT,SK,문학,23000,18:30,21:49,199,9,322,73,8,17,6,15,17.0
20260716KTLG0,2026-07-16,2026,KT,LG,잠실,22506,18:31,21:46,195,9,315,79,8,15,7,17,18.0
20260716LTSS0,2026-07-16,2026,LT,SS,대구,24000,18:30,21:43,193,9,308,75,10,22,5,18,17.0
20260716OBNC0,2026-07-16,2026,OB,NC,창원,14492,18:32,21:17,165,9,283,72,7,18,6,18,17.0
20260716WOHH0,2026-07-16,2026,WO,HH,대전,17000,18:30,21:48,198,9,305,85,7,9,19,24,18.0
20260717HTSK0,2026-07-17,2026,HT,SK,문학,23000,18:00,21:25,205,9,337,81,12,22,9,16,18.0
20260717KTLG0,2026-07-17,2026,KT,LG,잠실,23750,18:01,20:36,155,9,259,70,2,14,7,16,18.0
20260717OBNC0,2026-07-17,2026,OB,NC,창원,15235,18:00,21:42,222,10,344,86,12,18,6,17,20.0
20260717WOHH0,2026-07-17,2026,WO,HH,대전,17000,18:00,21:18,198,9,316,84,7,11,13,24,18.0
20260718HTSK0,2026-07-18,2026,HT,SK,문학,23000,18:00,21:11,191,9,313,87,10,10,14,23,18.0
20260718KTLG0,2026-07-18,2026,KT,LG,잠실,21042,18:00,21:10,190,9,322,86,9,14,10,23,18.0
20260718LTSS0,2026-07-18,2026,LT,SS,대구,24000,18:00,20:41,161,9,281,67,4,16,5,14,17.0
20260718OBNC0,2026-07-18,2026,OB,NC,창원,15093,18:00,21:43,223,9,340,91,12,17,21,24,18.0
20260718WOHH0,2026-07-18,2026,WO,HH,대전,15587,18:00,20:53,173,9,270,72,6,13,6,16,18.0
20260719HTSK0,2026-07-19,2026,HT,SK,문학,23000,18:00,21:13,193,9,314,82,12,17,14,19,18.0
20260719KTLG0,2026-07-19,2026,KT,LG,잠실,21515,18:00,21:07,187,9,301,78,11,17,5,17,18.0
20260719LTSS0,2026-07-19,2026,LT,SS,대구,24000,18:01,21:51,230,9,343,91,15,13,19,24,18.0
20260719OBNC0,2026-07-19,2026,OB,NC,창원,10406,18:00,21:18,198,9,318,84,11,19,13,19,18.0
20260719WOHH0,2026-07-19,2026,WO,HH,대전,16566,18:00,22:09,249,11,390,103,18,22,18,21,22.0
20260721HHHT0,2026-07-21,2026,HH,HT,광주,16201,18:31,21:55,204,9,329,81,7,18,10,23,17.0
20260721NCLG0,2026-07-21,2026,NC,LG,잠실,13905,18:31,21:56,205,9,317,84,9,8,12,22,18.0
20260721OBKT0,2026-07-21,2026,OB,KT,수원,10183,18:30,23:51,244,11,404,91,9,25,4,17,22.0
20260721SKLT0,2026-07-21,2026,SK,LT,사직,15577,18:31,21:03,152,9,254,69,4,14,8,17,17.0
20260721SSWO0,2026-07-21,2026,SS,WO,고척,15437,18:31,21:57,206,9,333,85,7,17,14,24,18.0
20260722HHHT0,2026-07-22,2026,HH,HT,광주,15365,18:31,21:43,192,9,296,79,8,11,10,18,18.0
20260722SKLT0,2026-07-22,2026,SK,LT,사직,15965,18:30,21:41,191,9,329,78,9,18,10,17,18.0
20260722SSWO0,2026-07-22,2026,SS,WO,고척,15536,18:30,21:38,188,9,292,69,9,13,4,13,17.0
20260723HHHT0,2026-07-23,2026,HH,HT,광주,16394,18:30,21:17,167,9,267,75,6,16,12,16,18.0
20260723NCLG0,2026-07-23,2026,NC,LG,잠실,14215,18:31,21:58,207,9,313,86,16,12,12,22,18.0
20260723SKLT0,2026-07-23,2026,SK,LT,사직,16072,18:30,21:34,184,9,313,76,8,17,7,16,18.0
20260723SSWO0,2026-07-23,2026,SS,WO,고척,15642,18:30,22:09,219,11,323,92,6,13,4,20,22.0
20260724KTLT0,2026-07-24,2026,KT,LT,사직,15154,18:31,21:38,187,9,299,76,4,16,9,19,18.0
20260724LGHH0,2026-07-24,2026,LG,HH,대전,16082,18:30,21:15,165,9,260,74,5,10,12,20,17.0
20260724NCSK0,2026-07-24,2026,NC,SK,문학,11579,18:30,21:48,198,9,299,76,9,21,10,16,17.0
20260724SSOB0,2026-07-24,2026,SS,OB,잠실,23750,18:31,21:34,183,9,329,89,7,11,19,27,18.0
20260724WOHT0,2026-07-24,2026,WO,HT,광주,16065,18:32,21:58,206,9,323,83,6,21,13,25,18.0
20260725KTLT0,2026-07-25,2026,KT,LT,사직,22477,18:01,20:59,176,9,278,78,8,18,7,18,18.0
20260725LGHH0,2026-07-25,2026,LG,HH,대전,17000,18:00,22:01,239,9,402,99,17,11,26,30,18.0
20260725NCSK0,2026-07-25,2026,NC,SK,문학,13283,18:00,21:25,203,9,345,82,12,15,14,21,17.0
20260725SSOB0,2026-07-25,2026,SS,OB,잠실,23750,18:00,20:48,166,9,263,71,3,11,5,16,18.0
20260725WOHT0,2026-07-25,2026,WO,HT,광주,20500,18:01,20:51,168,9,287,76,8,20,14,18,17.0
20260726KTLT0,2026-07-26,2026,KT,LT,사직,22336,18:01,20:58,175,9,317,85,11,14,16,24,17.0
20260726LGHH0,2026-07-26,2026,LG,HH,대전,17000,18:01,21:40,217,9,338,87,11,13,18,26,17.0
20260726NCSK0,2026-07-26,2026,NC,SK,문학,10971,18:00,21:56,234,11,401,95,14,28,10,17,22.0
20260726SSOB0,2026-07-26,2026,SS,OB,잠실,23750,18:00,20:47,165,9,293,69,7,21,7,14,17.0
20260726WOHT0,2026-07-26,2026,WO,HT,광주,18112,18:01,21:20,197,9,308,80,10,19,11,17,18.0
20260728HTSS0,2026-07-28,2026,HT,SS,대구,24000,18:30,22:00,208,9,343,85,12,11,17,25,17.0
20260728KTNC0,2026-07-28,2026,KT,NC,창원,7613,18:30,21:21,169,9,296,74,8,21,10,13,18.0
20260728LTHH0,2026-07-28,2026,LT,HH,대전,17000,18:30,22:35,243,9,387,95,14,17,12,26,18.0
20260728OBSK0,2026-07-28,2026,OB,SK,문학,12705,18:30,21:32,180,10,298,79,7,17,3,14,20.0
20260728WOLG0,2026-07-28,2026,WO,LG,잠실,18329,18:31,21:27,174,9,277,76,9,12,8,15,17.0
20260729HTSS0,2026-07-29,2026,HT,SS,대구,24000,18:30,22:02,210,9,332,84,11,18,13,20,18.0
20260729KTNC0,2026-07-29,2026,KT,NC,창원,8411,18:30,22:09,217,9,346,83,13,15,13,14,18.0
20260729LTHH0,2026-07-29,2026,LT,HH,대전,17000,18:30,21:42,190,9,303,76,3,14,8,22,17.0
20260729OBSK0,2026-07-29,2026,OB,SK,문학,12712,18:30,21:04,152,9,269,67,2,12,8,17,17.0
20260729WOLG0,2026-07-29,2026,WO,LG,잠실,20067,18:31,22:56,263,9,425,109,16,12,29,40,18.0
20260730HTSS0,2026-07-30,2026,HT,SS,대구,24000,18:30,21:47,195,9,340,83,4,20,15,26,18.0
20260730KTNC0,2026-07-30,2026,KT,NC,창원,7854,18:30,21:51,199,9,345,80,5,17,12,20,18.0
20260730LTHH0,2026-07-30,2026,LT,HH,대전,17000,18:30,21:46,194,9,284,74,7,19,5,18,17.333333333333336
20260730OBSK0,2026-07-30,2026,OB,SK,문학,13213,18:30,21:58,206,9,327,82,9,20,8,23,18.0
20260730WOLG0,2026-07-30,2026,WO,LG,잠실,20159,18:30,21:19,167,9,274,73,6,16,8,16,17.0
20260731HHKT0,2026-07-31,2026,HH,KT,수원,18700,18:30,21:33,181,9,287,72,5,10,8,20,17.0
20260731HTNC0,2026-07-31,2026,HT,NC,창원,16024,18:30,21:46,194,9,321,84,14,11,14,21,17.0
20260731LGOB0,2026-07-31,2026,LG,OB,잠실,23220,18:31,21:19,166,9,273,67,4,19,6,11,17.0
20260731SKWO0,2026-07-31,2026,SK,WO,고척,10866,18:33,21:50,197,9,350,83,12,13,19,21,17.0
20260731SSLT0,2026-07-31,2026,SS,LT,사직,23200,18:30,22:00,208,9,312,87,7,17,16,27,18.0
20260801HHKT0,2026-08-01,2026,HH,KT,수원,18700,18:01,21:02,179,9,296,78,9,16,11,20,17.0
20260801LGOB0,2026-08-01,2026,LG,OB,잠실,23750,18:01,21:15,192,11,305,79,5,18,4,10,22.0
20260801SKWO0,2026-08-01,2026,SK,WO,고척,13390,18:00,21:16,196,9,325,85,12,13,12,22,18.0
20260802HHKT0,2026-08-02,2026,HH,KT,수원,18700,18:00,21:12,190,9,321,79,5,20,13,24,17.0
20260802LGOB0,2026-08-02,2026,LG,OB,잠실,23183,18:01,20:50,167,9,281,74,5,18,11,19,17.0
20260802SKWO0,2026-08-02,2026,SK,WO,고척,12518,14:00,17:20,200,9,323,78,15,16,8,16,17.0
20260802SSLT0,2026-08-02,2026,SS,LT,사직,23200,18:30,21:36,184,9,289,81,5,11,17,25,17.0
20260804HHSS0,2026-08-04,2026,HH,SS,대구,24000,18:30,21:30,178,9,298,73,11,21,5,10,18.0
20260804LGSK0,2026-08-04,2026,LG,SK,문학,11552,18:30,22:17,216,9,345,81,13,14,18,18,17.0
20260804WOLT0,2026-08-04,2026,WO,LT,사직,16305,18:31,21:28,175,9,285,75,6,14,5,17,17.0
20260811HHOB0,2026-08-11,2026,HH,OB,잠실,22152,19:01,21:56,169,9,287,73,5,20,9,18,17.0
20260811KTNC0,2026-08-11,2026,KT,NC,창원,6148,19:00,22:21,195,9,296,75,8,21,10,13,18.0
20260811LGWO0,2026-08-11,2026,LG,WO,고척,13085,19:00,22:18,192,9,341,80,11,15,11,16,18.0
20260811LTSK0,2026-08-11,2026,LT,SK,문학,11253,19:00,21:33,147,9,253,70,3,14,12,16,17.0
20260811SSHT0,2026-08-11,2026,SS,HT,광주,14496,19:00,21:43,157,9,247,64,4,19,4,8,17.0
20260812HHOB0,2026-08-12,2026,HH,OB,잠실,22751,19:01,22:39,210,10,327,82,7,23,7,16,20.0
20260812KTNC0,2026-08-12,2026,KT,NC,창원,12216,19:00,21:36,150,9,230,65,6,15,3,10,17.0
20260812LGWO0,2026-08-12,2026,LG,WO,고척,12924,19:00,22:16,190,9,289,75,11,16,7,15,17.0
20260812LTSK0,2026-08-12,2026,LT,SK,문학,12694,19:00,22:01,175,9,307,77,8,14,10,18,17.0
20260812SSHT0,2026-08-12,2026,SS,HT,광주,14612,19:01,22:12,185,9,293,73,7,18,9,17,17.0
20260813HHOB0,2026-08-13,2026,HH,OB,잠실,23750,19:01,22:38,211,9,346,85,12,19,15,22,17.0
20260813KTNC0,2026-08-13,2026,KT,NC,창원,5822,19:00,22:06,180,9,281,68,7,16,11,13,17.0
20260813LGWO0,2026-08-13,2026,LG,WO,고척,15028,19:00,22:12,186,9,296,86,8,15,19,25,18.0
20260813LTSK0,2026-08-13,2026,LT,SK,문학,12912,19:00,21:44,158,9,292,77,4,18,11,19,18.0
20260813SSHT0,2026-08-13,2026,SS,HT,광주,15558,19:00,22:48,222,9,319,88,10,10,17,23,18.0
20260814HHSS0,2026-08-14,2026,HH,SS,대구,24000,19:01,22:31,204,9,307,82,10,20,13,24,17.0
20260814NCLT0,2026-08-14,2026,NC,LT,사직,18351,19:01,23:08,241,9,351,95,12,15,17,32,18.0
20260814OBHT0,2026-08-14,2026,OB,HT,광주,18308,19:15,23:26,193,9,308,84,8,14,14,23,18.0
20260814SKLG0,2026-08-14,2026,SK,LG,잠실,19463,19:00,21:54,168,9,287,73,6,13,8,13,18.0
20260814WOKT0,2026-08-14,2026,WO,KT,수원,11021,19:01,22:28,201,9,317,79,12,19,11,16,17.0
20260815HHSS0,2026-08-15,2026,HH,SS,대구,24000,19:00,22:28,202,9,303,78,6,21,17,21,17.0
20260815NCLT0,2026-08-15,2026,NC,LT,사직,23200,19:00,22:42,197,9,285,82,9,5,13,24,17.0
20260815OBHT0,2026-08-15,2026,OB,HT,광주,20500,19:01,22:08,181,9,301,79,9,15,7,16,17.0
20260815SKLG0,2026-08-15,2026,SK,LG,잠실,23189,19:01,22:01,174,9,286,69,5,22,5,13,17.0
20260815WOKT0,2026-08-15,2026,WO,KT,수원,13203,19:00,22:17,191,9,310,86,11,11,15,25,18.0
20260816OBHT0,2026-08-16,2026,OB,HT,광주,20500,19:00,21:42,156,9,242,65,3,15,3,12,17.0
20260816SKLG0,2026-08-16,2026,SK,LG,잠실,23287,19:00,22:04,178,9,284,76,5,22,6,17,18.0
20260816WOKT0,2026-08-16,2026,WO,KT,수원,13158,19:00,22:22,196,9,301,75,11,11,8,20,17.0
20260818HTHH0,2026-08-18,2026,HT,HH,대전,17000,19:00,22:24,200,9,300,81,8,12,7,22,18.0
20260818KTLG0,2026-08-18,2026,KT,LG,잠실,15098,19:00,21:48,164,9,277,73,8,7,10,14,17.0
20260818OBNC0,2026-08-18,2026,OB,NC,창원,5350,19:00,22:15,195,9,318,78,10,17,10,18,18.0
20260818SKSS0,2026-08-18,2026,SK,SS,대구,23184,19:00,22:18,194,9,310,80,8,15,9,19,18.0
20260818WOLT0,2026-08-18,2026,WO,LT,사직,11371,19:00,22:21,201,9,328,87,8,10,25,29,17.0
20260819HTHH0,2026-08-19,2026,HT,HH,대전,17000,19:00,22:19,195,9,260,73,9,11,9,13,18.0
20260819KTLG0,2026-08-19,2026,KT,LG,잠실,15052,19:00,21:52,168,9,271,65,7,17,1,10,17.0
20260819OBNC0,2026-08-19,2026,OB,NC,창원,6196,19:00,22:08,184,9,314,83,8,13,10,26,18.0
20260819SKSS0,2026-08-19,2026,SK,SS,대구,22784,19:00,22:16,192,9,346,88,8,18,22,30,17.0
20260819WOLT0,2026-08-19,2026,WO,LT,사직,12596,19:00,22:29,205,9,314,82,12,11,9,18,17.666666666666664
20260820HTHH0,2026-08-20,2026,HT,HH,대전,17000,19:00,22:35,211,9,337,86,7,15,16,23,18.0
20260820KTLG0,2026-08-20,2026,KT,LG,잠실,15492,19:01,22:41,220,9,366,95,17,16,20,23,18.0
20260820OBNC0,2026-08-20,2026,OB,NC,창원,6313,18:59,22:13,190,9,280,75,9,7,9,20,17.666666666666664
20260820SKSS0,2026-08-20,2026,SK,SS,대구,23238,19:00,22:50,226,9,358,84,11,17,10,20,18.0
20260820WOLT0,2026-08-20,2026,WO,LT,사직,15793,19:01,21:52,167,9,266,72,10,14,8,13,17.0
20260821HTWO0,2026-08-21,2026,HT,WO,고척,16000,19:00,22:07,187,9,300,81,10,19,12,17,18.0
20260821KTSK0,2026-08-21,2026,KT,SK,문학,12856,19:00,22:54,234,11,383,95,14,24,6,17,22.0
20260821LGHH0,2026-08-21,2026,LG,HH,대전,15009,19:01,23:11,246,9,381,99,15,12,26,35,17.0
20260821LTOB0,2026-08-21,2026,LT,OB,잠실,23750,19:01,22:45,224,9,353,85,10,18,15,21,18.0
20260821SSNC0,2026-08-21,2026,SS,NC,창원,14909,19:00,21:52,168,9,242,68,9,6,5,14,17.0
20260822HTWO0,2026-08-22,2026,HT,WO,고척,16000,18:00,20:53,173,9,278,68,4,18,4,15,17.0
20260822SSNC0,2026-08-22,2026,SS,NC,창원,18128,19:00,22:35,211,9,311,85,11,16,14,23,18.0
20260823HTWO0,2026-08-23,2026,HT,WO,고척,16000,14:00,17:29,209,9,315,85,10,14,15,23,17.666666666666664
20260823KTSK0,2026-08-23,2026,KT,SK,문학,17000,19:00,22:00,180,9,303,68,4,18,4,15,18.0
20260823LGHH0,2026-08-23,2026,LG,HH,대전,17000,19:00,22:05,181,9,310,81,12,9,15,17,18.0
20260823LTOB0,2026-08-23,2026,LT,OB,잠실,23750,19:02,22:01,175,9,280,68,4,21,4,13,17.0
20260823SSNC0,2026-08-23,2026,SS,NC,창원,18128,19:01,21:38,153,9,247,63,3,19,3,7,18.0
20260825HHSK0,2026-08-25,2026,HH,SK,문학,15094,18:30,21:45,191,9,322,75,8,16,8,18,17.0
20260825LTHT0,2026-08-25,2026,LT,HT,광주,14887,18:30,21:48,194,9,279,81,8,13,13,24,17.666666666666664
20260825NCLG0,2026-08-25,2026,NC,LG,잠실,14554,18:30,22:19,223,10,334,91,11,12,9,21,19.666666666666664
20260825OBKT0,2026-08-25,2026,OB,KT,수원,10173,18:30,21:21,167,9,281,73,4,17,4,14,18.0
20260825SSWO0,2026-08-25,2026,SS,WO,고척,14399,18:30,22:22,232,11,347,90,9,26,6,17,22.0
20260826HHSK0,2026-08-26,2026,HH,SK,문학,17211,18:30,21:13,163,9,292,67,7,15,7,10,17.0
20260826LTHT0,2026-08-26,2026,LT,HT,광주,14662,18:31,22:34,239,9,372,97,13,19,27,33,17.0
20260826NCLG0,2026-08-26,2026,NC,LG,잠실,16376,18:30,21:13,159,9,280,71,5,17,8,15,17.0
20260826OBKT0,2026-08-26,2026,OB,KT,수원,10307,18:30,21:51,197,9,303,79,10,17,9,19,17.333333333333336
20260826SSWO0,2026-08-26,2026,SS,WO,고척,15260,18:30,22:05,215,9,367,86,14,12,14,19,18.0
20260827HHSK0,2026-08-27,2026,HH,SK,문학,17536,18:30,21:54,204,9,345,83,9,18,19,23,17.0
20260827NCLG0,2026-08-27,2026,NC,LG,잠실,16644,18:31,21:52,197,9,335,90,8,12,16,30,18.0
20260827OBKT0,2026-08-27,2026,OB,KT,수원,10751,18:31,22:05,214,11,332,88,6,18,9,18,21.0
20260827SSWO0,2026-08-27,2026,SS,WO,고척,14788,18:30,21:49,199,9,342,88,6,19,17,27,18.0
20260829KTSS0,2026-08-29,2026,KT,SS,대구,24000,18:40,21:50,190,9,294,73,5,18,6,19,17.0
20260829LGLT0,2026-08-29,2026,LG,LT,사직,22212,18:01,22:18,166,7,265,68,10,11,11,16,13.666666666666668
20260829NCHH0,2026-08-29,2026,NC,HH,대전,17000,18:00,21:22,202,9,336,84,11,13,15,19,18.0
20260829SKHT0,2026-08-29,2026,SK,HT,광주,20500,18:00,21:35,209,10,302,80,9,26,3,14,19.333333333333336
20260829WOOB0,2026-08-29,2026,WO,OB,잠실,22958,18:01,20:31,150,9,256,70,8,21,9,14,17.0
20260830NCHH0,2026-08-30,2026,NC,HH,대전,17000,18:01,21:55,234,10,341,91,13,14,17,21,20.0
20260830WOOB0,2026-08-30,2026,WO,OB,잠실,19268,18:01,20:58,177,9,312,81,8,17,16,23,17.0
20260901HHKT0,2026-09-01,2026,HH,KT,수원,8583,18:30,21:35,185,9,315,76,9,14,7,16,17.0
20260901HTNC0,2026-09-01,2026,HT,NC,창원,8456,18:30,22:04,210,9,340,75,11,14,9,13,17.0
20260901LGOB0,2026-09-01,2026,LG,OB,잠실,18278,19:00,21:48,168,9,265,67,5,15,4,10,18.0
20260901LTSS0,2026-09-01,2026,LT,SS,대구,24000,18:30,21:34,180,9,276,69,6,16,3,15,17.0
20260901SKWO0,2026-09-01,2026,SK,WO,고척,5474,18:30,21:32,182,9,307,78,10,16,4,17,18.0
20260902HHKT0,2026-09-02,2026,HH,KT,수원,10935,18:30,21:55,205,9,316,83,4,13,15,27,17.0
20260902HTNC0,2026-09-02,2026,HT,NC,창원,10172,18:30,21:48,194,9,278,73,9,11,5,11,17.666666666666664
20260902LGOB0,2026-09-02,2026,LG,OB,잠실,20274,18:30,21:24,174,9,288,76,8,8,6,16,18.0
20260902LTSS0,2026-09-02,2026,LT,SS,대구,24000,18:30,21:32,178,9,280,72,4,20,13,20,17.0
20260902SKWO0,2026-09-02,2026,SK,WO,고척,5846,18:30,21:55,205,9,326,79,8,15,15,17,18.0
20260903HHKT0,2026-09-03,2026,HH,KT,수원,11789,18:30,22:10,220,9,354,91,15,17,24,26,17.0
20260903LGOB0,2026-09-03,2026,LG,OB,잠실,22434,18:31,21:14,163,9,263,66,4,16,1,9,18.0
20260903LTSS0,2026-09-03,2026,LT,SS,대구,24000,18:30,21:25,175,9,268,70,2,20,5,16,18.0
20260903SKWO0,2026-09-03,2026,SK,WO,고척,6839,18:31,21:57,206,9,340,78,8,19,5,16,17.666666666666664
20260904HHLT0,2026-09-04,2026,HH,LT,사직,16201,18:31,22:27,236,9,360,91,10,12,18,29,18.0
20260904KTHT0,2026-09-04,2026,KT,HT,광주,20500,18:30,22:37,247,10,353,86,14,25,7,14,19.666666666666664
20260904NCWO0,2026-09-04,2026,NC,WO,고척,5930,18:30,21:24,174,9,315,79,7,21,7,21,18.0
20260904OBSK0,2026-09-04,2026,OB,SK,문학,14260,18:30,20:42,132,9,219,64,4,12,4,8,17.0
20260904SSLG0,2026-09-04,2026,SS,LG,잠실,23750,18:30,21:42,192,9,313,68,5,14,7,13,17.0
20260905HHLT0,2026-09-05,2026,HH,LT,사직,23200,17:01,20:22,201,9,340,87,9,15,17,24,18.0
20260905KTHT0,2026-09-05,2026,KT,HT,광주,20500,17:00,20:13,193,9,291,76,8,12,9,16,17.0
20260905NCWO0,2026-09-05,2026,NC,WO,고척,9383,17:00,20:25,205,9,334,76,14,17,3,11,18.0
20260905OBSK0,2026-09-05,2026,OB,SK,문학,23000,17:00,19:29,149,9,253,64,7,14,5,8,17.0
20260905SSLG0,2026-09-05,2026,SS,LG,잠실,23750,17:00,21:14,254,11,389,96,12,19,7,19,22.0
20260906HHLT0,2026-09-06,2026,HH,LT,사직,23200,17:00,20:09,189,9,325,79,4,15,10,23,18.0
20260906KTHT0,2026-09-06,2026,KT,HT,광주,20500,17:01,20:17,196,9,287,81,9,14,11,23,17.0
20260906NCWO0,2026-09-06,2026,NC,WO,고척,9499,14:00,16:37,157,9,259,66,5,15,6,13,17.0
20260906OBSK0,2026-09-06,2026,OB,SK,문학,17771,17:00,20:28,208,9,365,91,20,18,25,19,18.0
20260906SSLG0,2026-09-06,2026,SS,LG,잠실,23750,17:00,20:03,183,9,304,82,10,9,14,20,18.0
20260908HTSS0,2026-09-08,2026,HT,SS,대구,24000,18:30,21:46,196,9,301,76,9,6,10,18,17.0
20260908LTNC0,2026-09-08,2026,LT,NC,창원,14114,18:31,21:59,208,9,307,79,9,15,9,17,18.0
20260908OBHH0,2026-09-08,2026,OB,HH,대전,12011,18:30,21:13,163,9,278,71,4,10,7,15,17.0
20260908SKKT0,2026-09-08,2026,SK,KT,수원,8705,18:30,21:01,151,9,266,69,5,14,4,16,17.0
20260908WOLG0,2026-09-08,2026,WO,LG,잠실,18277,18:30,21:40,190,9,315,80,12,13,11,15,18.0
20260909KTSS0,2026-09-09,2026,KT,SS,대구,24000,18:30,21:24,174,9,276,67,4,14,2,10,18.0
20260909LGHH0,2026-09-09,2026,LG,HH,대전,12024,18:30,22:09,219,9,368,94,17,12,22,28,17.0
20260909NCHT0,2026-09-09,2026,NC,HT,광주,12230,18:30,21:43,193,9,312,75,6,13,9,16,18.0
20260909SKOB0,2026-09-09,2026,SK,OB,잠실,18722,18:30,21:09,159,9,268,66,5,24,1,9,18.0
20260910HHSK0,2026-09-10,2026,HH,SK,문학,17328,18:30,21:10,160,9,270,68,7,18,7,12,17.0
20260910KTLT0,2026-09-10,2026,KT,LT,사직,11146,18:30,21:56,206,9,362,90,8,18,19,27,18.0
20260910NCHT0,2026-09-10,2026,NC,HT,광주,12754,18:30,21:59,209,11,306,80,5,20,3,11,22.0
20260910WOOB0,2026-09-10,2026,WO,OB,잠실,13713,18:31,20:53,142,9,240,62,4,18,5,9,17.0
20260911KTLT0,2026-09-11,2026,KT,LT,사직,11569,18:30,21:47,197,9,299,81,9,11,8,17,18.0
20260911NCHH0,2026-09-11,2026,NC,HH,대전,14278,18:30,22:20,230,9,365,88,14,15,16,23,18.0
20260911SKHT0,2026-09-11,2026,SK,HT,광주,16620,18:30,21:32,182,9,278,74,9,18,7,15,17.0
20260911WOSS0,2026-09-11,2026,WO,SS,대구,24000,18:30,21:16,166,9,276,71,2,11,10,20,17.0
20260912HTKT0,2026-09-12,2026,HT,KT,수원,18700,17:00,20:19,199,9,312,76,9,23,8,16,17.0
20260912LGSS0,2026-09-12,2026,LG,SS,대구,24000,17:00,20:09,189,9,295,80,4,13,7,22,18.0
20260912LTWO0,2026-09-12,2026,LT,WO,고척,15146,17:00,20:08,188,9,316,78,5,18,8,21,18.0
20260912NCOB0,2026-09-12,2026,NC,OB,잠실,23096,17:00,20:45,225,9,330,88,10,10,19,26,18.0
20260913HHHT0,2026-09-13,2026,HH,HT,광주,20500,17:00,20:12,192,9,306,76,4,20,11,23,17.0
20260913LGSS0,2026-09-13,2026,LG,SS,대구,24000,17:00,20:19,199,9,346,87,10,19,18,23,18.0
20260913LTKT0,2026-09-13,2026,LT,KT,수원,18700,17:00,20:02,182,9,304,74,2,18,7,22,17.0
20260913NCOB0,2026-09-13,2026,NC,OB,잠실,17597,17:01,19:57,176,9,296,72,4,16,11,19,17.0
20260915HTSK0,2026-09-15,2026,HT,SK,문학,23000,18:30,21:35,185,9,292,74,8,21,9,15,17.0
20260915KTHH0,2026-09-15,2026,KT,HH,대전,10287,18:30,21:24,174,9,317,83,7,18,16,23,18.0
20260915LGNC0,2026-09-15,2026,LG,NC,창원,10547,18:30,21:46,196,9,317,73,6,17,5,14,18.0
20260915LTSS0,2026-09-15,2026,LT,SS,대구,24000,18:30,22:08,218,9,342,82,9,10,10,20,17.0
20260916KTHH0,2026-09-16,2026,KT,HH,대전,10194,18:30,22:44,254,11,389,93,12,30,8,16,22.0
20260916LGNC0,2026-09-16,2026,LG,NC,창원,14180,18:30,21:35,185,9,293,79,12,19,11,17,18.0
20260916SKLT0,2026-09-16,2026,SK,LT,사직,10851,18:31,21:30,179,9,288,74,6,26,5,14,18.0
20260916SSOB0,2026-09-16,2026,SS,OB,잠실,23750,18:30,21:08,158,9,270,62,4,21,4,10,17.0
20260917SKNC0,2026-09-17,2026,SK,NC,창원,10869,18:30,21:10,160,9,255,68,4,15,3,12,18.0
20260917WOHT0,2026-09-17,2026,WO,HT,광주,15470,18:31,21:30,179,9,275,72,9,15,2,15,17.0
20260918LGKT0,2026-09-18,2026,LG,KT,수원,18700,18:30,21:55,205,9,357,85,11,21,13,21,18.0
20260918NCLT0,2026-09-18,2026,NC,LT,사직,12724,18:30,21:34,184,9,285,79,5,14,15,25,17.0
20260918SSHH0,2026-09-18,2026,SS,HH,대전,17000,18:30,21:38,188,9,316,82,12,12,14,16,18.0
20260918WOOB0,2026-09-18,2026,WO,OB,잠실,18704,18:30,22:50,260,11,413,99,15,17,12,20,22.0
20260919HHLG0,2026-09-19,2026,HH,LG,잠실,23750,17:00,19:30,150,9,241,66,3,15,3,14,17.0
20260919HTNC0,2026-09-19,2026,HT,NC,창원,18128,17:00,20:05,185,9,287,75,5,18,6,16,18.0
20260919OBKT0,2026-09-19,2026,OB,KT,수원,18700,17:00,20:28,208,9,335,83,11,18,18,22,17.0
20260919SSLT0,2026-09-19,2026,SS,LT,사직,23200,17:00,20:09,189,9,302,76,10,14,8,15,17.0
20260920HHLG0,2026-09-20,2026,HH,LG,잠실,23750,14:00,16:39,159,9,271,70,10,17,7,11,17.0
20260920HTNC0,2026-09-20,2026,HT,NC,창원,16120,14:00,18:18,258,9,388,90,20,12,14,15,18.0
20260920OBKT0,2026-09-20,2026,OB,KT,수원,16606,14:00,17:13,193,9,316,83,5,12,17,26,17.0
20260920SSLT0,2026-09-20,2026,SS,LT,사직,23200,14:01,17:20,199,9,343,84,12,14,19,24,17.0
20260920WOSK0,2026-09-20,2026,WO,SK,문학,18915,14:00,17:04,184,9,304,82,12,14,15,22,17.0
20260922KTSK0,2026-09-22,2026,KT,SK,문학,13548,18:30,21:47,197,9,302,79,11,19,10,15,18.0
20260922LTHH0,2026-09-22,2026,LT,HH,대전,12538,18:30,21:09,159,9,280,75,6,19,7,16,18.0
20260922NCSS0,2026-09-22,2026,NC,SS,대구,24000,18:30,22:02,212,9,315,79,8,17,13,20,17.0
20260922OBWO0,2026-09-22,2026,OB,WO,고척,9426,18:30,21:52,202,9,312,82,11,17,8,20,18.0
20260923HTOB0,2026-09-23,2026,HT,OB,잠실,23750,18:32,21:37,185,9,292,73,6,13,5,15,17.666666666666664
20260923LTHH0,2026-09-23,2026,LT,HH,대전,14001,18:30,21:47,197,9,289,82,9,8,14,23,18.0
20260923NCKT0,2026-09-23,2026,NC,KT,수원,12067,18:30,21:54,204,9,312,86,10,16,13,24,18.0
20260924LTLG0,2026-09-24,2026,LT,LG,잠실,23750,17:01,20:27,206,9,329,81,7,26,10,22,18.0
20260924NCKT0,2026-09-24,2026,NC,KT,수원,14726,17:00,19:45,165,9,275,67,7,17,5,11,17.0
20260924SSSK0,2026-09-24,2026,SS,SK,문학,23000,17:00,20:09,189,9,284,78,6,13,9,19,18.0
20260925HHNC0,2026-09-25,2026,HH,NC,창원,13972,17:00,20:19,199,9,328,85,10,13,15,22,17.0
20260926HHNC0,2026-09-26,2026,HH,NC,창원,14302,17:00,19:59,179,9,289,71,13,11,5,7,17.0
20260926LGHT0,2026-09-26,2026,LG,HT,광주,20500,17:00,19:59,179,9,287,71,6,12,6,18,17.0
20260926WOKT0,2026-09-26,2026,WO,KT,수원,18700,17:01,20:05,184,9,311,80,10,19,11,19,18.0
20260927HHLT0,2026-09-27,2026,HH,LT,사직,20600,17:00,20:02,182,9,279,78,8,17,8,18,18.0
20260927KTOB0,2026-09-27,2026,KT,OB,잠실,22978,17:00,20:18,198,9,343,91,11,12,18,30,18.0
20260927WONC0,2026-09-27,2026,WO,NC,창원,12336,17:00,20:24,204,9,307,81,6,26,12,24,18.0
20260929HHSS0,2026-09-29,2026,HH,SS,대구,23750,18:30,21:37,187,9,298,76,5,14,15,20,17.0
20260929KTHT0,2026-09-29,2026,KT,HT,광주,14065,18:31,22:39,248,10,363,93,12,14,13,23,20.0
20260929LGSK0,2026-09-29,2026,LG,SK,문학,15960,18:30,21:01,151,9,247,70,3,10,8,19,17.0
20260929NCOB0,2026-09-29,2026,NC,OB,잠실,16734,18:31,21:40,189,9,325,75,11,18,7,15,17.0
20260929WOLT0,2026-09-29,2026,WO,LT,사직,12313,18:30,21:14,164,9,255,71,7,11,6,12,17.0
20260930HHSS0,2026-09-30,2026,HH,SS,대구,23823,18:30,21:00,150,9,256,68,3,12,8,15,17.0
20260930KTHT0,2026-09-30,2026,KT,HT,광주,14163,18:31,21:55,204,9,317,75,6,21,5,17,18.0
20260930LGSK0,2026-09-30,2026,LG,SK,문학,13957,18:30,21:10,160,9,262,74,6,21,7,17,17.666666666666664
20260930NCOB0,2026-09-30,2026,NC,OB,잠실,16994,18:33,21:57,204,9,299,85,8,15,11,27,17.333333333333336
20260930WOLT0,2026-09-30,2026,WO,LT,사직,12075,18:30,21:57,207,9,331,85,9,19,14,23,17.0
20261001HHSS0,2026-10-01,2026,HH,SS,대구,24000,18:31,21:34,183,9,304,73,6,13,5,19,17.0
20261001KTHT0,2026-10-01,2026,KT,HT,광주,15602,18:30,22:06,216,9,350,80,8,13,12,19,18.0
20261001LGSK0,2026-10-01,2026,LG,SK,문학,15772,18:30,21:37,187,9,293,78,11,20,11,17,17.0
20261001NCOB0,2026-10-01,2026,NC,OB,잠실,23248,18:30,21:54,204,9,316,84,9,12,16,27,17.0
20261003HTLG0,2026-10-03,2026,HT,LG,잠실,23750,14:00,17:37,217,9,301,83,9,20,9,19,18.0
20261003LTKT0,2026-10-03,2026,LT,KT,수원,18700,14:01,16:31,150,9,245,70,5,13,5,13,17.0
20261003OBSS0,2026-10-03,2026,OB,SS,대구,24000,14:00,17:09,189,9,307,75,9,12,10,18,17.0
20261003SKNC0,2026-10-03,2026,SK,NC,창원,14025,14:01,16:58,177,9,303,77,8,14,14,19,17.0
20261003WOHH0,2026-10-03,2026,WO,HH,대전,17000,14:00,16:54,174,9,294,77,7,20,9,16,18.0
20261004HTLG0,2026-10-04,2026,HT,LG,잠실,23750,14:00,17:41,221,9,330,80,14,11,11,15,18.0
20261004LTKT0,2026-10-04,2026,LT,KT,수원,18700,17:00,21:04,244,11,351,91,6,12,4,23,22.0
20261004OBSS0,2026-10-04,2026,OB,SS,대구,24000,14:00,16:59,179,9,330,82,3,17,12,23,18.0
20261004SKNC0,2026-10-04,2026,SK,NC,창원,15557,14:00,17:32,212,9,324,83,15,15,8,20,18.0
20261004WOHH0,2026-10-04,2026,WO,HH,대전,17000,14:00,17:08,188,9,333,79,9,22,12,18,18.0
20261005HTLG0,2026-10-05,2026,HT,LG,잠실,23750,14:00,17:28,208,9,309,76,7,12,10,17,18.0
20261005LTKT0,2026-10-05,2026,LT,KT,수원,18700,14:01,16:34,153,9,260,72,1,18,9,20,17.0
20261005OBSS0,2026-10-05,2026,OB,SS,대구,24000,14:00,16:47,167,9,265,75,4,12,12,16,18.0
20261005SKNC0,2026-10-05,2026,SK,NC,창원,14575,14:02,16:55,173,9,303,76,12,17,9,13,18.0
20261005WOHH0,2026-10-05,2026,WO,HH,대전,14897,14:00,17:10,190,9,318,84,12,15,19,23,17.0
20261006KTWO0,2026-10-06,2026,KT,WO,고척,9625,18:30,21:31,181,9,319,84,10,15,11,21,18.0
20261006NCLG0,2026-10-06,2026,NC,LG,잠실,23750,18:31,21:28,177,9,301,73,6,21,7,18,17.0
20261006OBLT0,2026-10-06,2026,OB,LT,사직,13292,18:30,21:11,161,9,273,67,5,23,4,10,18.0
20261006SKHH0,2026-10-06,2026,SK,HH,대전,12744,18:30,21:31,179,9,319,80,12,13,11,18,17.0
20261006SSHT0,2026-10-06,2026,SS,HT,광주,20500,18:30,21:31,181,9,282,75,8,15,9,13,18.0
